time,ecg
0.0,-0.042183360848950746
0.004,-0.03005678497295166
0.008,-0.028711418257793952
0.012,-0.027213878753232203
0.016,0.005946618109279809
0.02,-0.020563836520347056
0.024,-0.0012601212651070347
0.028,0.03890939643714415
0.032,-0.009117063884802393
0.036000000000000004,0.01646194695631745
0.04,-0.01919602963198755
0.044,0.005128678718151174
0.048,-0.015251859330252623
0.052000000000000005,-0.006617035061581338
0.056,0.02110019647194155
0.06,-0.03697105858923562
0.064,0.023191778227253976
0.068,0.01650760698419406
0.07200000000000001,-0.010930551164263917
0.076,-0.03399574077988842
0.08,0.010077134570005112
0.084,0.0011544723808958515
0.088,0.018440309053738856
0.092,0.00652719793382147
0.096,0.0442563100611231
0.1,0.004344499987932108
0.10400000000000001,-0.00914286577807696
0.108,0.0191562898065366
0.112,0.013529946461212996
0.116,0.0402387283725194
0.12,0.03325136550310598
0.124,0.027409460562566913
0.128,0.05329792910599698
0.132,-0.01965031719137452
0.136,-0.007698320957556761
0.14,-0.008756760501808437
0.14400000000000002,0.010774044828330439
0.148,-0.015672711961533057
0.152,0.027974023849700404
0.156,0.004763724191458565
0.16,-0.02034143458718735
0.164,-0.002851914549621727
0.168,0.028597675775926496
0.17200000000000001,0.035060845099247215
0.176,0.06224696518201773
0.18,0.09128158405261017
0.184,0.034900924227577096
0.188,-0.0019787431475450402
0.192,-0.03719691330857009
0.196,0.02101465314217963
0.2,0.0001012081054860628
0.20400000000000001,0.016142938071295666
0.20800000000000002,0.009439868108671295
0.212,0.014563376153154096
0.216,0.04294653320740883
0.22,0.02632229756802681
0.224,0.024528465911217327
0.228,0.0008144658642523575
0.232,-0.021824409843121655
0.23600000000000002,0.0060947863642644914
0.24,0.023002878062196665
0.244,0.07463982783167523
0.248,0.03190582046416868
0.252,0.04655028420135389
0.256,0.007705389334353848
0.26,-0.003344362582674884
0.264,0.008242518127414583
0.268,0.012445173462975998
0.272,0.07711992017570649
0.276,0.0015813391580949444
0.28,0.04917508311672029
0.28400000000000003,0.011741565941202427
0.28800000000000003,0.055827897142992584
0.292,0.03552429365036963
0.296,0.02023778094386414
0.3,0.029298836999331883
0.304,0.020147408245440673
0.308,0.0460302828914248
0.312,0.01705642632572682
0.316,-0.003696735956981806
0.32,0.0015053390315162354
0.324,0.04442202072433515
0.328,0.0785318819071178
0.332,0.03734924450285661
0.336,0.029819650172352316
0.34,0.04757022686156016
0.34400000000000003,0.0810810588396875
0.34800000000000003,0.05445284855702548
0.352,0.03482009616423764
0.356,0.07424705111612805
0.36,0.06721255573935242
0.364,0.10531902018036424
0.368,0.07456419351677367
0.372,0.03802885252540868
0.376,0.03837315395690167
0.38,0.1259825516603649
0.384,0.14011934137791174
0.388,0.09700968510965717
0.392,0.09138313683786452
0.396,0.1415250619124196
0.4,0.08872563647747475
0.404,0.10476567701354433
0.40800000000000003,0.14521599918152175
0.41200000000000003,0.11540423743574431
0.41600000000000004,0.12505500431536043
0.42,0.1277322836482872
0.424,0.14570560743461483
0.428,0.1688508415932733
0.432,0.12635548246417477
0.436,0.13450147729838868
0.44,0.06849959950071596
0.444,0.11920597556394481
0.448,0.09162783608766854
0.452,0.06933616032833262
0.456,0.06969317758559432
0.46,0.083057765271784
0.464,0.11425819700808856
0.468,0.050574104794187336
0.47200000000000003,0.07240448193178774
0.47600000000000003,0.052785608387508696
0.48,0.05834758305836184
0.484,0.09378533110652496
0.488,0.07698131762312209
0.492,0.087399171530615
0.496,0.04587248416398732
0.5,0.03641015010298715
0.504,0.052653530822641265
0.508,0.061185626206341465
0.512,0.05180767883474042
0.516,0.017657531763326753
0.52,0.052489015873133524
0.524,0.061573076611285776
0.528,0.11671527907597061
0.532,0.09378414200491599
0.536,0.02314508532219166
0.54,0.04147143701947259
0.544,0.013302990507748413
0.548,0.024127999233282536
0.552,0.027846113290499054
0.556,0.03997959666884091
0.56,0.006933313438009146
0.5640000000000001,0.05785936299623244
0.5680000000000001,0.10635629853123646
0.5720000000000001,0.28124019314415893
0.5760000000000001,0.4218008324498613
0.58,0.6218218398283467
0.584,0.7979520776381545
0.588,0.9763986714425422
0.592,1.0557895595345166
0.596,1.1423058711207552
0.6,1.2624125141845879
0.604,1.1456185348654069
0.608,1.0521950697660374
0.612,0.9734818743109929
0.616,0.8197475559545457
0.62,0.5311617223806826
0.624,0.37020385997748806
0.628,0.2221715651861422
0.632,0.12207964600613443
0.636,-0.033712040780655095
0.64,-0.054237679240056895
0.644,-0.0338897582436039
0.648,-0.032384986503946826
0.652,-0.03548435843856751
0.656,-0.004557963362177758
0.66,-0.005813350806566815
0.664,0.046923128443102494
0.668,0.05714363759831691
0.672,0.07134426283480398
0.676,0.05544433649366838
0.68,0.09123098245661555
0.684,0.11418571979282693
0.6880000000000001,0.09411703908259009
0.6920000000000001,0.09560957881485381
0.6960000000000001,0.08982833593272563
0.7000000000000001,0.09835814210879262
0.704,0.09049039960086015
0.708,0.11906245294016608
0.712,0.10680898609348799
0.716,0.16488657007574528
0.72,0.16344919427796717
0.724,0.1456767812846646
0.728,0.12133932509119669
0.732,0.11246775405327261
0.736,0.17513518955924
0.74,0.1652201311698581
0.744,0.1842637800305802
0.748,0.13466202786789278
0.752,0.20287441729417913
0.756,0.19757482009435137
0.76,0.17307262695363704
0.764,0.20383446559680474
0.768,0.22924773106559101
0.772,0.2262090181503269
0.776,0.22474522721127507
0.78,0.24448484371607546
0.784,0.2557255220172242
0.788,0.27278009760256894
0.792,0.3076369112540395
0.796,0.21319794827035726
0.8,0.2855420854629691
0.804,0.3096142820481766
0.808,0.3180346852575312
0.812,0.3014214256759973
0.8160000000000001,0.27123044988591827
0.8200000000000001,0.33508364734648766
0.8240000000000001,0.3811757543303759
0.8280000000000001,0.30219795110519837
0.8320000000000001,0.35911127809309895
0.836,0.3304073785277288
0.84,0.3453118957917997
0.844,0.3279604649107384
0.848,0.34467329983723816
0.852,0.37860676562575174
0.856,0.35780973591966886
0.86,0.3907746251122908
0.864,0.38033902255945684
0.868,0.35666538855870994
0.872,0.3784572981538885
0.876,0.3391706336980938
0.88,0.3494485148716842
0.884,0.3212604622949801
0.888,0.3217983754025588
0.892,0.28875621988987316
0.896,0.3213871067682775
0.9,0.2651126975220696
0.904,0.31169093480780574
0.908,0.276739894765664
0.912,0.29504487056191464
0.916,0.27348292033911087
0.92,0.29693484125074654
0.924,0.26632578540281504
0.928,0.19749146369421966
0.932,0.2190165758670355
0.936,0.1802459390174684
0.9400000000000001,0.19345964182186806
0.9440000000000001,0.2412378186461442
0.9480000000000001,0.20875705029693195
0.9520000000000001,0.16007335691884245
0.9560000000000001,0.1420743027214424
0.96,0.16628684367480762
0.964,0.13341715838691842
0.968,0.13786060227208943
0.972,0.1487157843865394
0.976,0.16129931152106408
0.98,0.1473780661998688
0.984,0.07497642614927646
0.988,0.13243708210093394
0.992,0.11467548697870948
0.996,0.11648694228430906
1.0,0.1480315076685868
1.004,0.057856678965757
1.008,0.0888979039289688
1.012,0.10811105488849157
1.016,0.04861950463024826
1.02,0.12803398572034896
1.024,0.10357324805606707
1.028,0.11110918033281103
1.032,0.06659849207326225
1.036,0.09722255768216621
1.04,0.10767199865627645
1.044,0.0910380248703679
1.048,0.08760536234413407
1.052,0.08030461934638503
1.056,0.048768672300451094
1.06,0.07147536997335831
1.064,0.07626890760401801
1.068,0.08679517754676451
1.072,0.09454608614502924
1.076,0.040377045361236485
1.08,0.06895840220621219
1.084,0.11442243352786674
1.088,0.05626475901366924
1.092,0.04693826070242177
1.096,0.07010557741360374
1.1,0.09163132471963313
1.104,0.0763110046679661
1.108,0.10689310935315577
1.112,0.08788180028737388
1.116,0.08519462449383958
1.12,0.08359414364140849
1.124,0.133543058799485
1.1280000000000001,0.0679662002921992
1.1320000000000001,0.0158978824180787
1.1360000000000001,0.10388152023813575
1.1400000000000001,0.05803848360837585
1.1440000000000001,0.07792291426341928
1.1480000000000001,0.105874410717652
1.1520000000000001,0.0261812224368713
1.156,0.03300811498581926
1.16,0.03032494879875266
1.164,0.05670053612012996
1.168,0.08602993520499455
1.172,0.08196845956545747
1.176,0.07472629832134063
1.18,0.03964573223551172
1.184,0.024709261816944834
1.188,0.08382953515566277
1.192,0.06625091079460706
1.196,0.09045134878136322
1.2,0.10581693471644112
1.204,0.1015240567029357
1.208,0.11946786837705672
1.212,0.10416032413332973
1.216,0.11489783080835615
1.22,0.09541551681962943
1.224,0.12009317404952198
1.228,0.13319062562003312
1.232,0.14746012087357338
1.236,0.12034177978736943
1.24,0.1538512600695292
1.244,0.14415424731857013
1.248,0.14913921945565314
1.252,0.16827315785438923
1.256,0.09699410403171091
1.26,0.12047358921017887
1.264,0.12077056393435456
1.268,0.0954389387139157
1.272,0.12687070493731997
1.276,0.15655760517221723
1.28,0.1317889193613166
1.284,0.14431291176626873
1.288,0.15871019557932436
1.292,0.1516266651049994
1.296,0.10842298233517877
1.3,0.14364068188101292
1.304,0.11193943015368743
1.308,0.08095118193470782
1.312,0.07479140262438667
1.316,0.0457278831280361
1.32,0.06200040166384041
1.324,0.07721482311989282
1.328,0.10082197487832749
1.332,0.11391314542542469
1.336,0.03180789478698301
1.34,0.0799281192309681
1.344,0.048182756681168365
1.348,0.08256359515196243
1.352,0.05929758684584445
1.356,0.01376911591757149
1.36,0.08778907263726787
1.364,0.054666398182454584
1.368,0.053911802604890466
1.372,0.033137744115524434
1.3760000000000001,0.04064368048317242
1.3800000000000001,0.07135061729116197
1.3840000000000001,0.05665045306772585
1.3880000000000001,0.05829391508919473
1.3920000000000001,0.04033426217226981
1.3960000000000001,0.0549340853941826
1.4000000000000001,0.029710223156861226
1.4040000000000001,0.05076110854256391
1.408,0.1985706079296916
1.412,0.2843754714089918
1.416,0.47616408024450263
1.42,0.6349661342239624
1.424,0.79613247476906
1.428,0.9560201538201393
1.432,1.1067314091228526
1.436,1.1803619664793628
1.44,1.1540535805534264
1.444,1.1218378011625318
1.448,1.0470791170647815
1.452,0.8511195946379722
1.456,0.7074187006734795
1.46,0.5212976813330159
1.464,0.35940661632214327
1.468,0.1755269213200318
1.472,0.031230581628748262
1.476,-0.061443980965132226
1.48,-0.07183085625393987
1.484,-0.058308966501086086
1.488,-0.04392545625276248
1.492,0.027764008935955355
1.496,0.029895772867457798
1.5,0.005874324128529666
1.504,0.06106375159861151
1.508,0.05159942169864542
1.512,0.05522426562330369
1.516,0.06983173952164433
1.52,0.09003328812758174
1.524,0.07482504078245376
1.528,0.1106305254308924
1.532,0.05144335420463914
1.536,0.08120206414585497
1.54,0.15519818577968358
1.544,0.10534799672811267
1.548,0.1375471388928549
1.552,0.10140368417742769
1.556,0.116241398331205
1.56,0.11113223305224164
1.564,0.11946031544048832
1.568,0.1078533488623869
1.572,0.13717637801992397
1.576,0.10940670978085085
1.58,0.15980922064445674
1.584,0.18307274313385546
1.588,0.17026582228628329
1.592,0.15448788888990717
1.596,0.17863443006297727
1.6,0.1732898653675324
1.604,0.21827555810877647
1.608,0.15521552875205366
1.612,0.19392734899941844
1.616,0.15876875491984882
1.62,0.18525203079377228
1.624,0.2707452653062228
1.6280000000000001,0.26503982615152316
1.6320000000000001,0.2256333407968443
1.6360000000000001,0.2116583732815222
1.6400000000000001,0.18830489865716687
1.6440000000000001,0.261682700040081
1.6480000000000001,0.34034647827246456
1.6520000000000001,0.28994729299392435
1.6560000000000001,0.2686947798723195
1.6600000000000001,0.3052541011645563
1.6640000000000001,0.26494999400175945
1.668,0.2983654912724679
1.672,0.3045646766195169
1.676,0.30037633215775256
1.68,0.32990966187288834
1.684,0.32562128968055093
1.688,0.33193561797783083
1.692,0.2906033390873753
1.696,0.32695420162244443
1.7,0.34905858663767747
1.704,0.2871653779671194
1.708,0.28370190866166695
1.712,0.32819300528559614
1.716,0.2831264711282397
1.72,0.32337323457101524
1.724,0.27699276896636327
1.728,0.3157805607519607
1.732,0.26867021609638514
1.736,0.26224670037191883
1.74,0.2928117533314046
1.744,0.24221633173997728
1.748,0.21713322603810725
1.752,0.21375003317359104
1.756,0.225280807759724
1.76,0.17160911250074806
1.764,0.22340993487743824
1.768,0.18282843642958727
1.772,0.20898270504277408
1.776,0.10937875789663723
1.78,0.14653159182867528
1.784,0.12115978074303754
1.788,0.13210568532411804
1.792,0.1437503294675702
1.796,0.12300715507609965
1.8,0.11924951864829529
1.804,0.12000047216736036
1.808,0.11989004213957588
1.812,0.07586976933502383
1.816,0.11024015930857897
1.82,0.1088457565768377
1.824,0.10195493912923384
1.828,0.0987442815134748
1.832,0.08020333656661544
1.836,0.1168326673658908
1.84,0.06514601396217216
1.844,0.06132211345124283
1.848,0.04424738102332843
1.852,0.026775155079149213
1.856,0.01610958622601596
1.86,0.027782264921983282
1.864,0.051256240402064085
1.868,0.05674076808426664
1.872,0.040358122646358095
1.8760000000000001,0.015705915817664867
1.8800000000000001,0.06117954439143326
1.8840000000000001,0.06115640983703281
1.8880000000000001,0.034941708899430136
1.8920000000000001,0.014136358484304144
1.8960000000000001,0.04069577029818173
1.9000000000000001,0.036209926401020234
1.9040000000000001,-6.451505436434746e-05
1.9080000000000001,0.031273459797229945
1.9120000000000001,0.03156699800017957
1.9160000000000001,-0.00048540212854089604
1.92,0.031696011272788205
1.924,-0.004418407742986026
1.928,0.0625265027608763
1.932,0.05266523497690425
1.936,0.012417306661382476
1.94,0.033009733559246114
1.944,-0.031088258652018634
1.948,-0.002353177742680186
1.952,0.01178279328671205
1.956,-0.010173079405474354
1.96,0.03994776034694566
1.964,0.07756194886450027
1.968,-0.004025818065687907
1.972,-0.0025310423772805304
1.976,0.02234239444470952
1.98,0.06286829608280259
1.984,-0.0015950677907703922
1.988,0.033964449028406216
1.992,0.0675075750388201
1.996,-0.019821592885033476
2.0,-0.002735062045041911
2.004,0.02700073409979998
2.008,0.025504097488601073
2.012,0.05542367159429447
2.016,0.04315244645421104
2.02,0.0031445281559679197
2.024,0.07128565617665525
2.028,0.04735863225834047
2.032,0.09247973968356352
2.036,0.04879244444203713
2.04,0.06032967716859322
2.044,0.10137532759305513
2.048,0.11028882807728274
2.052,0.10037596936085294
2.056,0.04914527186021986
2.06,0.11384800515164402
2.064,0.08262662575148391
2.068,0.11343906089197792
2.072,0.06497273417494528
2.076,0.10840093931235403
2.08,0.08046577813505568
2.084,0.07085379792862408
2.088,0.11418514690271303
2.092,0.09009274034829567
2.096,0.06062629627383115
2.1,0.11158974896429956
2.104,0.06334265867600525
2.108,0.06622188734634488
2.112,0.05839464708251631
2.116,0.027520065335664617
2.12,0.054350778050132005
2.124,0.02922430036751706
2.128,0.024863354471875827
2.132,0.05746797694495824
2.136,-0.00895221320509004
2.14,-0.04118104160537568
2.144,0.0619911511266185
2.148,0.08060894075006542
2.152,-0.0025534135348752648
2.156,-0.044898135841229085
2.16,-9.115821277971836e-05
2.164,0.004933976714746212
2.168,0.0041045711229251115
2.172,-0.026890963767933707
2.176,0.012581626991158786
2.18,0.016393045149016447
2.184,-0.02887936734572114
2.188,0.02281290208152529
2.192,0.04705682041861286
2.196,-0.00796981612935346
2.2,-0.025299266399296777
2.204,-0.027443578431195284
2.208,-0.017569673564195643
2.212,-0.06958647538860813
2.216,0.02601019036699785
2.22,0.11450053365275162
2.224,0.31669317204438946
2.228,0.43537254046962937
2.232,0.6588290183205925
2.236,0.7671200768270094
2.24,0.9739470132095748
2.244,1.0958155048650111
2.248,1.1373591039519988
2.2520000000000002,1.1707411512631887
2.2560000000000002,1.145968311950119
2.2600000000000002,1.005999455609983
2.2640000000000002,0.8226431986469047
2.2680000000000002,0.6766341942342103
2.2720000000000002,0.4507137970126515
2.2760000000000002,0.2746541382142407
2.2800000000000002,0.12506053711058374
2.2840000000000003,-0.033632373886615836
2.2880000000000003,-0.11430836319789497
2.2920000000000003,-0.10879841215442494
2.2960000000000003,-0.1431327104639879
2.3000000000000003,-0.17382752019570571
2.3040000000000003,-0.05925132188000244
2.308,-0.04744828140711563
2.312,-0.056018870159967524
2.316,-0.055824225672639866
2.32,0.015686830125050184
2.324,0.017078270951294185
2.328,0.07094059238521731
2.332,0.018626858175144295
2.336,0.018843614363744356
2.34,0.013775611400249703
2.344,0.047294692983122784
2.348,0.04378949106071034
2.352,0.056170440124038025
2.356,0.013762071574415648
2.36,0.026058494496533986
2.364,0.03546962639849119
2.368,0.07019671186231038
2.372,0.08635765560838846
2.376,0.04113976914454336
2.38,0.05395488638083451
2.384,0.08474909266116963
2.388,0.07554037952174524
2.392,0.1057364103844993
2.396,0.031085100805444688
2.4,0.08034096608395719
2.404,0.09535019015004295
2.408,0.06316068558730463
2.412,0.09867248485881325
2.416,0.10652240930074458
2.42,0.13902527551281196
2.424,0.18661013615043312
2.428,0.15953843635768952
2.432,0.1418788533587953
2.436,0.17300706145987252
2.44,0.21519414502740947
2.444,0.17890683823623985
2.448,0.18674359925467043
2.452,0.22448690403307048
2.456,0.21050074128505838
2.46,0.2451963806741253
2.464,0.2411494562858358
2.468,0.26308445218538135
2.472,0.21825002094807744
2.476,0.24664118334087232
2.48,0.2516940439582204
2.484,0.23586012218237407
2.488,0.2278267267277386
2.492,0.27906015048747
2.496,0.25221998405608403
2.5,0.24158822167011668
2.504,0.2700744600865863
2.508,0.29731056111004667
2.512,0.20304053258637056
2.516,0.21767218169379954
2.52,0.23415920394334339
2.524,0.29516005794542954
2.528,0.2584983899085842
2.532,0.25787519858232444
2.536,0.20169409226537185
2.54,0.2010236542511838
2.544,0.23849576810015155
2.548,0.2186894595140941
2.552,0.21559686055331678
2.556,0.18635284022338866
2.56,0.19475715064062776
2.564,0.18828251409261654
2.568,0.19224055579710228
2.572,0.1764500774279833
2.576,0.1040727211572345
2.58,0.08456538409995651
2.584,0.16201709298154837
2.588,0.15510437976818492
2.592,0.08360213147310083
2.596,0.051385730131827116
2.6,0.0972281520732149
2.604,0.11514760898520991
2.608,0.12633724160380067
2.612,0.07925836591354544
2.616,0.047211996261420586
2.62,0.03255909647924914
2.624,0.05391041226066502
2.628,0.037355623668664205
2.632,0.006166553469607074
2.636,0.07470967726981603
2.64,0.0683191957613828
2.644,0.05265130008064258
2.648,-0.005743410262610039
2.652,0.027151530293333788
2.656,0.01547167985425834
2.66,0.012455800466215888
2.664,0.03485111795240707
2.668,0.014116340082311288
2.672,0.006756750115573468
2.676,-0.0006633779078186602
2.68,-0.004779604557992999
2.684,-0.054376274043159166
2.688,-0.011857498552277766
2.692,-0.036694004625124135
2.696,-0.058573428400309935
2.7,0.019730054061164883
2.704,0.02532156599588259
2.708,0.012739706057119164
2.712,-0.022948143653921782
2.716,0.001334864690573534
2.72,-0.0272453804395236
2.724,-0.017502760827569835
2.728,-0.052741063169470304
2.732,-0.023113323520608204
2.736,-0.03422497522803449
2.74,-0.06305526143435836
2.744,-0.0264735954214567
2.748,-0.029733869863115686
2.7520000000000002,0.009816083325867107
2.7560000000000002,-0.015242342121345127
2.7600000000000002,-0.03187057099882791
2.7640000000000002,-0.020469799508748696
2.7680000000000002,-0.02797954314351901
2.7720000000000002,-0.04140576284101779
2.7760000000000002,-0.06574834331599695
2.7800000000000002,-0.0369140460531086
2.7840000000000003,-0.04622149307892609
2.7880000000000003,-0.06112415961648997
2.7920000000000003,-0.024234121425145215
2.7960000000000003,-0.029480660619771226
2.8000000000000003,-0.07825809377477765
2.8040000000000003,-0.030942936253592606
2.8080000000000003,-0.005099507228296395
2.8120000000000003,-0.010430006731285555
2.816,-0.01321722369647263
2.82,-0.03183891178842603
2.824,-0.04773732815892252
2.828,-0.05520322005354432
2.832,-0.025641029565666065
2.836,-0.02577103577665007
2.84,0.004144270817278407
2.844,0.007051223724418368
2.848,-0.0236218229535162
2.852,-0.05568922401003153
2.856,-0.03144430651055033
2.86,-0.008495588771948729
2.864,-0.008893252454767575
2.868,-0.015557855920156799
2.872,0.0035611654277606613
2.876,-0.011710608864125269
2.88,-0.002948036230260246
2.884,0.032610739601340456
2.888,0.019014564542636385
2.892,0.034416835400722864
2.896,0.03896606148939061
2.9,0.014864920743025374
2.904,0.04185448240611127
2.908,0.09162686351732943
2.912,0.022554199713252242
2.916,-0.0016257196925980877
2.92,0.011128989869166987
2.924,0.06357404994778589
2.928,0.0597110713199385
2.932,0.04608843182513082
2.936,0.07332799080605346
2.94,-0.022894278301393983
2.944,0.05406998655117649
2.948,0.07504358282529465
2.952,-0.005556695075276511
2.956,0.004501730562689226
2.96,-0.0055511038444412564
2.964,-0.009629789904639436
2.968,-0.0035437925702090887
2.972,0.027722714143525572
2.976,0.03075089311072543
2.98,-0.022388591007426947
2.984,0.03537435452410361
2.988,-0.016971391341031816
2.992,0.01601552294581579
2.996,-0.03477111865768852
3.0,-0.025453078047087484
3.004,-0.015498492972471722
3.008,0.05137811382875859
3.012,-0.014857511984249661
3.016,-0.05675110587207799
3.02,-0.00967764198190418
3.024,-0.037590523300470774
3.028,-0.04314860728261423
3.032,-0.015355292444302327
3.036,-0.0398851217627623
3.04,-0.02964588078542703
3.044,-0.03508082128112404
3.048,-0.03811159154402151
3.052,-0.05529771530070829
3.056,-0.12565307166421025
3.06,-0.04726411054975885
3.064,-0.04182700590998108
3.068,0.030704833470486782
3.072,0.19038931164990508
3.076,0.3588785893781057
3.08,0.5298742168887544
3.084,0.7578758240004979
3.088,0.8683099104454595
3.092,1.018900887198833
3.096,1.0997800870146268
3.1,1.1487445182433
3.104,1.1293843241953643
3.108,1.0009327756289499
3.112,0.8918120923542946
3.116,0.6922024671973699
3.12,0.45205601220253644
3.124,0.26333701824588407
3.128,0.13951757580537566
3.132,-0.00706479526638054
3.136,-0.09779060731055571
3.14,-0.13936211978004068
3.144,-0.14102936023723706
3.148,-0.11418447080860114
3.152,-0.14859167176806315
3.156,-0.12465640144381104
3.16,-0.0920621839192768
3.164,-0.03236937362433861
3.168,0.003084293434474604
3.172,-0.03668113951848869
3.176,-0.08443107272463374
3.18,-0.05427482729068547
3.184,-0.023045887290776546
3.188,-0.01480101945062098
3.192,-0.014493231780909726
3.196,-0.001642538829378423
3.2,-0.0005433279530509365
3.204,0.04366852311566871
3.208,0.003178424105753277
3.212,-0.0033526453385774244
3.216,0.033541536962626246
3.22,-0.005202229615796541
3.224,0.05492098543622965
3.228,0.05221581822548874
3.232,0.045930111953756306
3.236,0.09451738173088053
3.24,0.05267964617347126
3.244,0.13349440936611467
3.248,0.08252456697985432
3.2520000000000002,0.057816948837447424
3.2560000000000002,0.09819936858520982
3.2600000000000002,0.08435993740807536
3.2640000000000002,0.10746880798466277
3.2680000000000002,0.1434393167237916
3.2720000000000002,0.14987443397182595
3.2760000000000002,0.12782103596043884
3.2800000000000002,0.18332936915359893
3.2840000000000003,0.20278842813385672
3.2880000000000003,0.2169588052042056
3.2920000000000003,0.19643413844475963
3.2960000000000003,0.22406637828781495
3.3000000000000003,0.1573283034029105
3.3040000000000003,0.2104074792378672
3.3080000000000003,0.2023806387838119
3.3120000000000003,0.22738506859295118
3.3160000000000003,0.2148069501174749
3.3200000000000003,0.23692785683542553
3.3240000000000003,0.29949005845705334
3.3280000000000003,0.2509816585153843
3.332,0.26276649324570606
3.336,0.24793400772357693
3.34,0.2640592148109013
3.344,0.26994185998778747
3.348,0.27992356288937487
3.352,0.2910757140186382
3.356,0.30040601246296583
3.36,0.271309007092285
3.364,0.2818511552268617
3.368,0.23321565891785068
3.372,0.24903472671744914
3.376,0.2681331242707057
3.38,0.26686971501510337
3.384,0.25046319578742593
3.388,0.25880509244320204
3.392,0.2349705566032143
3.396,0.24315168654750025
3.4,0.2182768670759668
3.404,0.1996788678370475
3.408,0.20629979473663015
3.412,0.10884824635885239
3.416,0.18057947775601244
3.42,0.07644768973905772
3.424,0.1211503565245868
3.428,0.16420797111192156
3.432,0.14869176516727145
3.436,0.09649291537315535
3.44,0.10456995221176449
3.444,0.15363014503519723
3.448,0.09658766294018331
3.452,0.14945724706069113
3.456,0.0831835432127475
3.46,0.09146890209261567
3.464,0.12005069588113328
3.468,0.07372072059215667
3.472,0.031683048676349065
3.476,0.045532002816521616
3.48,0.04717282235064691
3.484,0.014102660852231073
3.488,0.034466410524854496
3.492,0.010439282419429648
3.496,0.045466591876726026
3.5,0.024821366980801163
3.504,0.018822561940043253
3.508,0.017613744180207225
3.512,0.01565994026486745
3.516,0.020486301999657563
3.52,-0.0167758216345655
3.524,-0.014406816243954453
3.528,0.03502819379394619
3.532,-0.011760759397820293
3.536,-0.04064763589935769
3.54,0.01017984280423272
3.544,0.015163557571757483
3.548,-0.03791125119312743
3.552,-0.0018488673475220534
3.556,0.00787499430789445
3.56,0.0039293293927297485
3.564,0.01556808576922147
3.568,-0.03792215370181643
3.572,-0.0019047820051666282
3.576,-0.020155319327806006
3.58,-0.01910921236768536
3.584,0.020339932858727667
3.588,0.0333450194615805
3.592,0.03418647060989437
3.596,0.020079865065414104
3.6,-0.009726186069958228
3.604,0.007676861450453518
3.608,0.016015023029434264
3.612,-0.0069881942301219906
3.616,-0.008713957296632427
3.62,0.014551500221144592
3.624,-0.0015656166062045622
3.628,-0.02022641886806787
3.632,-0.019124950363170787
3.636,0.005205067107928292
3.64,-0.0045450955035551835
3.644,0.009926480825450485
3.648,0.016350295845127764
3.652,-0.01644221529886629
3.656,0.010074138364281122
3.66,0.006809242155312601
3.664,-0.027303096780135025
3.668,0.038044233423603926
3.672,-0.016888295034798384
3.676,-0.04710487666157663
3.68,-0.025169273989007458
3.684,-0.01769251767214998
3.688,0.008361918973188234
3.692,-0.005161310914176829
3.696,-0.006911647508286574
3.7,0.02508039151282481
3.704,0.026574249968166888
3.708,0.027028710485327866
3.712,0.026021574922835272
3.716,0.03318441987868414
3.72,-0.024550812070612018
3.724,0.029850856959892723
3.728,-0.012222176549275245
3.732,0.041946269413569576
3.736,0.0447737808126244
3.74,0.08283943358984719
3.744,0.09813573983857374
3.748,0.07714164277270427
3.7520000000000002,0.057916998954900864
3.7560000000000002,0.08521507961537002
3.7600000000000002,0.06970975942091912
3.7640000000000002,0.091833329044907
3.7680000000000002,0.11662619611497348
3.7720000000000002,0.07221588669873191
3.7760000000000002,0.10428590880828109
3.7800000000000002,0.10587924651137282
3.7840000000000003,0.06885451385649473
3.7880000000000003,0.11203311322353418
3.7920000000000003,0.0944250476161198
3.7960000000000003,0.07299083133254303
3.8000000000000003,0.05224721117536023
3.8040000000000003,0.0503519904404532
3.8080000000000003,0.05086346620210666
3.8120000000000003,0.06545904294691668
3.8160000000000003,0.020598085575866308
3.8200000000000003,0.05615858448696083
3.8240000000000003,0.015255800194169243
3.8280000000000003,0.034807110540054385
3.8320000000000003,0.0318454484988714
3.8360000000000003,0.08478219050458938
3.84,-0.007863000916332855
3.844,0.06674952874954493
3.848,0.029622036757479004
3.852,0.027603132259884196
3.856,0.01695525528285417
3.86,0.029978999593451336
3.864,0.020144502171581702
3.868,0.0577998966291559
3.872,0.002816332165742997
3.876,0.04035865105325109
3.88,0.0018089236282239837
3.884,0.022369709636936477
3.888,-0.005008554657341686
3.892,0.025353907693356575
3.896,0.04498801083000199
3.9,0.006008128642257849
3.904,-0.001493695229064092
3.908,-0.03591458298330171
3.912,-0.018512059581983382
3.916,-0.026160580139852927
3.92,0.06367748270467834
3.924,0.206688875267442
3.928,0.37467464097450354
3.932,0.5671746867401761
3.936,0.6455633727523734
3.94,0.8552860035309457
3.944,0.9587368569969075
3.948,1.0354028699100406
3.952,1.0822811708656812
3.956,1.0547300483300597
3.96,0.9903796042880199
3.964,0.863758688126098
3.968,0.6822799941678447
3.972,0.49857002439249903
3.976,0.37792380855117935
3.98,0.20348148560841983
3.984,0.07396511439748185
3.988,-0.0031144040759703245
3.992,-0.04225545016682224
3.996,-0.078227991935051
4.0,-0.08754585961527149
4.0040000000000004,-0.014917180238851555
4.008,0.016458847510651502
4.0120000000000005,0.005605471939804322
4.016,0.03416954164216955
4.0200000000000005,0.06018015560151499
4.024,0.07235763537027448
4.0280000000000005,0.06356031268339027
4.032,0.060655759689675036
4.0360000000000005,0.060217525279933036
4.04,0.02893215203962119
4.0440000000000005,0.0830520336463819
4.048,0.0331002464109924
4.0520000000000005,0.04396829903611356
4.056,0.09841741730584008
4.0600000000000005,0.09701617224081194
4.064,0.12369046437720474
4.0680000000000005,0.0826424530084303
4.072,0.05900784372119567
4.0760000000000005,0.08538366147671166
4.08,0.10573834420910486
4.0840000000000005,0.11727825711223866
4.088,0.14819190224458603
4.0920000000000005,0.1107969547655468
4.096,0.13377481588251544
4.1,0.11356472830690197
4.104,0.16309885450400802
4.108,0.15782220164109687
4.112,0.14022904046377338
4.116,0.15934974667135085
4.12,0.17492922855499063
4.124,0.18715911564142765
4.128,0.244738090519701
4.132,0.19966335008769806
4.136,0.2025244652779613
4.14,0.170471902315924
4.144,0.21468997939535395
4.148,0.23651662466316714
4.152,0.22686498327353877
4.156,0.2840350909801892
4.16,0.25837230902875535
4.164,0.3072946461112667
4.168,0.28086253141563655
4.172,0.27910047460464965
4.176,0.27911675479347253
4.18,0.291887402537195
4.184,0.3445852686099206
4.188,0.24489804671782212
4.192,0.2485589734710634
4.196,0.2848914271723665
4.2,0.3058686374462296
4.204,0.3290603062743522
4.208,0.32131671683616236
4.212,0.2919612768979823
4.216,0.3232755202844142
4.22,0.3269691208607267
4.224,0.30854965235743803
4.228,0.3222096322525567
4.232,0.293660424592131
4.236,0.26579960359300253
4.24,0.2976196697836554
4.244,0.2827816748257954
4.248,0.271558804581471
4.252,0.2945878141774193
4.256,0.18726053395561154
4.26,0.2114539508587775
4.264,0.21534634320135718
4.268,0.2259997775308269
4.272,0.21377061242155435
4.276,0.17230283095027515
4.28,0.18306486422828774
4.284,0.18389993237874175
4.288,0.25676198532103833
4.292,0.22550761538021763
4.296,0.1603264021454728
4.3,0.15975214796823897
4.304,0.13854402076170766
4.308,0.11035550327754225
4.312,0.14130938351623515
4.316,0.11061299422243404
4.32,0.13294931304406032
4.324,0.09488637587384702
4.328,0.10809553808898519
4.332,0.11856396392999494
4.336,0.11690681112894105
4.34,0.11930315411987438
4.344,0.0772912712307727
4.348,0.12553865970065878
4.352,0.07346973011422643
4.356,0.10377371138736674
4.36,0.09033860303071531
4.364,0.05912421664916323
4.368,0.08093631348148718
4.372,0.08865911910822358
4.376,0.09064266589452227
4.38,0.07569468473172551
4.384,0.12162142109365479
4.388,0.10492844333711933
4.392,0.06504200987657356
4.396,0.08696664371686547
4.4,0.12134985909954071
4.404,0.1269458338571921
4.408,0.044401454985462524
4.412,0.044345562716130896
4.416,0.10201595252891395
4.42,0.043799192114255606
4.424,0.04264049844603004
4.428,0.06118820822327643
4.432,0.07668518888955018
4.436,0.06139674598482575
4.44,0.05342016701643823
4.444,0.05862090785169322
4.448,0.05564074741572596
4.452,0.04463333386400978
4.456,0.12178983150285896
4.46,0.07829667741060543
4.464,0.09925226201080393
4.468,0.06333292046073573
4.472,0.0646809002236245
4.476,0.0503362455626281
4.48,0.008854350892854274
4.484,0.04795262780630932
4.488,0.03683658225251195
4.492,0.021057972918119013
4.496,0.047911245847466796
4.5,0.11975333567706513
4.5040000000000004,0.09483581651910507
4.508,0.13013869252870036
4.5120000000000005,0.10569530512613257
4.516,0.11787048594928734
4.5200000000000005,0.08697082497769852
4.524,0.13411657240921976
4.5280000000000005,0.14310837282524036
4.532,0.1095788796725204
4.5360000000000005,0.14191781018744598
4.54,0.15369473095814032
4.5440000000000005,0.137028759846881
4.548,0.12548324851401396
4.5520000000000005,0.12113974027047597
4.556,0.15410433136116972
4.5600000000000005,0.1682188354688544
4.564,0.14726719008212505
4.5680000000000005,0.1657884300518147
4.572,0.17145026796653343
4.5760000000000005,0.16851535289842337
4.58,0.19463774056975602
4.5840000000000005,0.1896841095852943
4.588,0.12604451964075963
4.5920000000000005,0.18105848910667832
4.596,0.11808236259012092
4.6000000000000005,0.15754803606388512
4.604,0.13315560727713077
4.6080000000000005,0.11340510506203663
4.612,0.06613210555913476
4.616,0.099863954330825
4.62,0.06629794245915109
4.624,0.13105893440996602
4.628,0.13899361427406137
4.632,0.07096716894401191
4.636,0.09360697721802452
4.64,0.0714257965109086
4.644,0.07776202084100055
4.648,0.10923041985616377
4.652,0.0807443460370518
4.656,0.12218641343673811
4.66,0.07174510045831499
4.664,0.11408878940275642
4.668,0.08913568216867471
4.672,0.09947646699733409
4.676,0.06627019100654795
4.68,0.08186718134363025
4.684,0.08516396713072862
4.688,0.06223985467928991
4.692,0.08633739366665605
4.696,0.07360449991690401
4.7,0.06734438802189872
4.704,0.09572436753459432
4.708,0.11484671928389699
4.712,0.1236333351313476
4.716,0.24471760804718679
4.72,0.36709004727765226
4.724,0.5533694700947834
4.728,0.7060882187479681
4.732,0.9152434647755777
4.736,1.0180927711516994
4.74,1.1079462727676506
4.744,1.1984584469808808
4.748,1.1053275798803985
4.752,1.0380693550512456
4.756,0.9908557456760373
4.76,0.8240841556173983
4.764,0.6583330776550492
4.768,0.43696556209768794
4.772,0.2969023549522044
4.776,0.2083373246472024
4.78,0.08490885346518039
4.784,0.014231169198051143
4.788,-0.027693545432756025
4.792,-0.03139547409964532
4.796,-0.05853375229740888
4.8,0.03168555007412518
4.804,0.07634346141026133
4.808,0.033553809153636024
4.812,0.06392762898460536
4.816,0.059257258903522236
4.82,0.0763632529950104
4.824,0.11214844174865066
4.828,0.06013727368390678
4.832,0.12380408212823454
4.836,0.12835510847351894
4.84,0.1123416587739208
4.844,0.06595788322727017
4.848,0.1048205418073381
4.852,0.1577404677762441
4.856,0.059846308297706444
4.86,0.13119805109215552
4.864,0.12130725326813833
4.868,0.1742906397372762
4.872,0.13612778286839244
4.876,0.16713844811116052
4.88,0.1834206997742067
4.884,0.22774935887520995
4.888,0.18174527319848735
4.892,0.19660561424747106
4.896,0.15560087582087972
4.9,0.23613454967232267
4.904,0.20121763667929213
4.908,0.21235794739155267
4.912,0.2272327852786707
4.916,0.1951020277448988
4.92,0.2542199726588927
4.924,0.28702264538336086
4.928,0.2765678432524182
4.932,0.23096425073799234
4.936,0.27376142131802766
4.94,0.30926254592764607
4.944,0.2573611210144835
4.948,0.28284315455376285
4.952,0.33178714584142
4.956,0.3212409911872376
4.96,0.3368172509926765
4.964,0.38451393212602664
4.968,0.35279636730626973
4.972,0.35510320703017967
4.976,0.40822545756884204
4.98,0.3441192196172073
4.984,0.3378180293220889
4.988,0.36814629460906234
4.992,0.36249440353028883
4.996,0.3365400470034118
5.0,0.32921543862634534
5.0040000000000004,0.41733539196677893
5.008,0.3636945071535048
5.0120000000000005,0.3275487637698361
5.016,0.3632545273533767
5.0200000000000005,0.3393357508599446
5.024,0.3368052233409204
5.0280000000000005,0.3497536330035005
5.032,0.2905303727222256
5.0360000000000005,0.32312839711643876
5.04,0.36103790920648543
5.0440000000000005,0.3233516099875478
5.048,0.2925244679187568
5.0520000000000005,0.27430124864815514
5.056,0.26638903183410306
5.0600000000000005,0.2676542057281801
5.064,0.26176967914788746
5.0680000000000005,0.28335750995065434
5.072,0.2014415215925791
5.0760000000000005,0.25552789678516724
5.08,0.2216348534522884
5.0840000000000005,0.23780044893764682
5.088,0.1897066722987452
5.0920000000000005,0.23590541675940072
5.096,0.22372283322967124
5.1000000000000005,0.21458915021531114
5.104,0.15101200707281662
5.1080000000000005,0.20028944291398265
5.112,0.1757916043941529
5.1160000000000005,0.11683637133323868
5.12,0.155869533890714
5.124,0.1654302179236644
5.128,0.1625066390698084
5.132,0.14078429652762184
5.136,0.13658643873259244
5.14,0.1673106289508789
5.144,0.16260429586914135
5.148,0.05418332962918827
5.152,0.10725443256214214
5.156,0.10556464534046354
5.16,0.06852774272993191
5.164,0.11759283148449132
5.168,0.14172345519942878
5.172,0.07396202553905551
5.176,0.10524594079881636
5.18,0.07773515849592383
5.184,0.08781211241543749
5.188,0.13780779945781346
5.192,0.07885406095275016
5.196,0.100534457767922
5.2,0.04677521790954534
5.204,0.14480737011927752
5.208,0.11022933310262992
5.212,0.0827354752429126
5.216,0.09878072910570627
5.22,0.054203077186004846
5.224,0.12413679504014796
5.228,0.083774429302523
5.232,0.07925475440014294
5.236,0.06947252936320801
5.24,0.0725891662798343
5.244,0.10986057080823358
5.248,0.09644143632237197
5.252,0.09906442128294794
5.256,0.08020854527187982
5.26,0.09886865010371586
5.264,0.08125793952209605
5.268,0.14537554159021382
5.272,0.043585226482342934
5.276,0.11248276924192913
5.28,0.12140409614670422
5.284,0.07237456987980012
5.288,0.14826606440414605
5.292,0.11172076863667127
5.296,0.11065186251572055
5.3,0.09491490168566087
5.304,0.09708376665194438
5.308,0.09818825092017841
5.312,0.10974035449913586
5.316,0.13695914039732357
5.32,0.11681130810196408
5.324,0.10031298862997662
5.328,0.1470499828717144
5.332,0.14824572656084142
5.336,0.14542418008811064
5.34,0.15946432652489026
5.344,0.14569834278662985
5.348,0.13270079852619215
5.352,0.13231093380863637
5.356,0.11542271075546603
5.36,0.17157606715125467
5.364,0.1719312328301289
5.368,0.16241042486898538
5.372,0.09288337019120677
5.376,0.13264882048574458
5.38,0.1956383962809884
5.384,0.15369485400415347
5.388,0.1731459262632696
5.392,0.11746382337384532
5.396,0.18048973212879046
5.4,0.14059587601412687
5.404,0.15080456868837427
5.408,0.19303242701303022
5.412,0.15929085726169062
5.416,0.1052610467398818
5.42,0.09782920895806886
5.424,0.10465495661671244
5.428,0.11825609018942519
5.432,0.09122693938865964
5.436,0.07772245772813458
5.44,0.12643274034679622
5.444,0.08954246171072645
5.448,0.1451052410651255
5.452,0.08064329758814308
5.456,0.11900735120930063
5.46,0.08751017246064165
5.464,0.10712421277157663
5.468,0.06175143131367343
5.472,0.05066445187044613
5.476,0.08069684872815701
5.48,0.0991565480873925
5.484,0.08074141033486204
5.488,0.044659720550551806
5.492,0.03375866635155766
5.496,0.025040118177789575
5.5,0.013078680571156444
5.5040000000000004,0.05338468700288347
5.508,0.06782964720664258
5.5120000000000005,0.040452344020034614
5.516,0.02321814528080683
5.5200000000000005,0.16592845855649238
5.524,0.30181571624540343
5.5280000000000005,0.5187854446306269
5.532,0.6018386047058328
5.5360000000000005,0.8039616608438594
5.54,1.0223248221757228
5.5440000000000005,1.1245678961643013
5.548,1.2072987974304554
5.5520000000000005,1.214835902990128
5.556,1.1827458186458348
5.5600000000000005,1.105622343133785
5.564,0.928538186528479
5.5680000000000005,0.7918082425062934
5.572,0.5370477814158358
5.5760000000000005,0.3909156081744831
5.58,0.22885552639314902
5.5840000000000005,0.0859611202554915
5.588,0.011509174243821755
5.5920000000000005,-0.05684231555505998
5.596,-0.0826259435922101
5.6000000000000005,-0.04794517858201325
5.604,-0.03772414000871066
5.6080000000000005,0.02209958085914923
5.612,0.0017350523235326529
5.6160000000000005,0.06424117836877714
5.62,0.03525298549189068
5.6240000000000006,0.06464688721849561
5.628,0.06646640222776894
5.632,0.11203026705037036
5.636,0.08814559210733441
5.64,0.08328109844890402
5.644,0.10981694694484277
5.648,0.04577954847534031
5.652,0.09390184113621321
5.656,0.14662727535881792
5.66,0.10992475929656707
5.664,0.11858286873414788
5.668,0.13332081882099872
5.672,0.14022061158262047
5.676,0.07133623996753591
5.68,0.09089750958863618
5.684,0.15024539363982425
5.688,0.13160409968602962
5.692,0.1822201673379799
5.696,0.14667094472434297
5.7,0.11949717030617199
5.704,0.14973939343432108
5.708,0.11863190161286709
5.712,0.1827890210707906
5.716,0.19024606704942243
5.72,0.19867425575739028
5.724,0.2506742204797292
5.728,0.2602341184375285
5.732,0.2276939961139128
5.736,0.18507666919132362
5.74,0.26813049855054427
5.744,0.28065771372586806
5.748,0.28046016537521445
5.752,0.29804380723190416
5.756,0.2496863463763532
5.76,0.3417995217709997
5.764,0.27989994653556954
5.768,0.3265130363482634
5.772,0.2640489840443856
5.776,0.2856803425758442
5.78,0.3567741026782518
5.784,0.32157028544589233
5.788,0.3497004383091127
5.792,0.3296032684888649
5.796,0.3201272219680557
5.8,0.3630124583643422
5.804,0.3283650005724687
5.808,0.28644235146067837
5.812,0.30189195461537804
5.816,0.33085861139964384
5.82,0.329198108139941
5.824,0.2816312869503088
5.828,0.2956083234517642
5.832,0.28654433271938623
5.836,0.28357234545722687
5.84,0.2572430398095729
5.844,0.274337902903388
5.848,0.2618802321465849
5.852,0.28414218561984234
5.856,0.274355438480747
5.86,0.24734160691466409
5.864,0.2378041336728006
5.868,0.23965281879609968
5.872,0.19929090384327172
5.876,0.17938953313141132
5.88,0.18078028195551976
5.884,0.18467656184607617
5.888,0.15991885359626518
5.892,0.1767705754227278
5.896,0.17971850878745502
5.9,0.11864704042551971
5.904,0.1560409239580483
5.908,0.13938463833931583
5.912,0.1383099121754268
5.916,0.11952467573638319
5.92,0.08179933842750892
5.924,0.08521232800105444
5.928,0.10860451184010962
5.932,0.12016655912580777
5.936,0.030900947761573823
5.94,0.09494863719677653
5.944,0.11644697256620551
5.948,0.07574023759274782
5.952,0.08164230603161861
5.956,0.04383072525398218
5.96,0.060142335794071716
5.964,0.02462210128044017
5.968,0.0009538098134660999
5.972,0.0729450040967491
5.976,0.019692411675837643
5.98,0.0359947398846028
5.984,0.016009824105967657
5.988,0.011030060953462026
5.992,0.03285885850902466
5.996,0.01494036342866185
6.0,0.046651071924398366
6.0040000000000004,0.052684257219792585
6.008,0.04580869488702844
6.0120000000000005,0.03541631571037171
6.016,0.06554224119614782
6.0200000000000005,0.0040389095067120545
6.024,0.03407381433589756
6.0280000000000005,0.060675109106395106
6.032,0.056077734025469055
6.0360000000000005,-0.014038140191621418
6.04,0.018679082386912613
6.0440000000000005,0.0654708773670869
6.048,0.04140584524552299
6.0520000000000005,0.025934711885660808
6.056,0.01286678242219376
6.0600000000000005,0.013884694691853008
6.064,0.03588227443436928
6.0680000000000005,0.019702867877469495
6.072,0.017432747374582874
6.0760000000000005,0.01784458143625463
6.08,0.004221504467680329
6.0840000000000005,0.039798989662504725
6.088,0.09682280069829291
6.0920000000000005,-0.02781811213579428
6.096,0.022274759596753693
6.1000000000000005,0.0006930362631683007
6.104,0.039745263025892014
6.1080000000000005,0.02431406780888636
6.112,0.03530574682114341
6.1160000000000005,0.04380814373935725
6.12,0.025496205163371206
6.1240000000000006,0.055514838018752274
6.128,-0.032441607581773016
6.132000000000001,0.06036523663314563
6.136,0.0296999558438516
6.140000000000001,0.05532619374584703
6.144,0.006426778820187853
6.148,0.01732220725388106
6.152,0.038550856702495556
6.156,0.036664257239954326
6.16,0.054705676107295174
6.164,0.08568080934773942
6.168,0.017798077780639632
6.172,0.08494889621172938
6.176,0.06440292145259059
6.18,0.070459662288468
6.184,0.049837551445796754
6.188,0.10188792474321434
6.192,0.026125188017967906
6.196,0.10390847673464153
6.2,0.058544488463307835
6.204,0.10426735580297156
6.208,0.09801735458475472
6.212,0.12227079547398724
6.216,0.08434043780190953
6.22,0.07404335758384539
6.224,0.08035546365933463
6.228,0.11775113454254374
6.232,0.08670366451926802
6.236,0.05540559017726676
6.24,0.05846225953205614
6.244,0.024389721670298986
6.248,0.0646244346685525
6.252,-0.002433871766170964
6.256,0.05217988755564534
6.26,0.03670505442779203
6.264,0.0937295577212509
6.268,-0.0002658657854154971
6.272,0.013495785864838475
6.276,0.055229428169634484
6.28,0.042641712929931276
6.284,-0.0015096772508176107
6.288,0.017058127579682114
6.292,0.0025613729421822247
6.296,0.005800860277092999
6.3,-0.014320292027900399
6.304,0.005536656970451336
6.308,-0.03524636958124534
6.312,0.0003243728940745278
6.316,0.005468746631389685
6.32,-0.00625386472638693
6.324,-0.03604500064823769
6.328,0.02481719000202115
6.332,-0.002698078940862351
6.336,-0.04121346411755179
6.34,-0.03655465814034706
6.344,-0.07002108456297541
6.348,-0.05237124760997007
6.352,-0.006871746983483666
6.356,0.11883739287140496
6.36,0.2050142870347036
6.364,0.4024836176136197
6.368,0.5465673544358616
6.372,0.7336152496338673
6.376,0.8790468938030108
6.38,1.0357115314209215
6.384,1.0867649052485675
6.388,1.0839084289271528
6.392,1.0468639962014294
6.396,0.9734993944446899
6.4,0.8206287587049539
6.404,0.6941551866089678
6.408,0.4820014302379627
6.412,0.3627574708128808
6.416,0.09664960781279922
6.42,0.024457282362761516
6.424,-0.08867633610089648
6.428,-0.12045342404790645
6.432,-0.12377508242561054
6.436,-0.1767858912017608
6.44,-0.08415647770700839
6.444,-0.010927764144381902
6.448,-0.048919035241600205
6.452,-0.020324122798112264
6.456,0.009049468819961493
6.46,-0.006793969814523138
6.464,-0.006137378880775575
6.468,-0.04686258666854317
6.472,0.02213474932469477
6.476,0.004053581944797251
6.48,-0.009685656556433189
6.484,0.02776586172812016
6.488,0.011374564286494282
6.492,0.00955968789848277
6.496,0.03993365921246146
6.5,0.001547903460990277
6.5040000000000004,0.07176769950125358
6.508,0.013684739517517468
6.5120000000000005,0.03057995784862858
6.516,0.09896649175437636
6.5200000000000005,0.09105434762037472
6.524,0.0776264452987298
6.5280000000000005,0.056429407814234146
6.532,0.0669041073923287
6.5360000000000005,0.08732587054222989
6.54,0.09994332441968731
6.5440000000000005,0.11048399537225001
6.548,0.11805672052529535
6.5520000000000005,0.11483723971994385
6.556,0.0905211736801613
6.5600000000000005,0.12800538004725187
6.564,0.1781717668561467
6.5680000000000005,0.12759034033532063
6.572,0.15861639277620226
6.5760000000000005,0.14917488889826616
6.58,0.18647863168727266
6.5840000000000005,0.18777449836906812
6.588,0.24004619689522655
6.5920000000000005,0.21617717190046187
6.596,0.17558995156614282
6.6000000000000005,0.2374665544642067
6.604,0.2131101168290453
6.6080000000000005,0.22139612365320194
6.612,0.24153127612314798
6.6160000000000005,0.22348277518292645
6.62,0.26738953618775596
6.6240000000000006,0.2342803894351484
6.628,0.23811584724104964
6.632000000000001,0.23149027924421467
6.636,0.232166406473982
6.640000000000001,0.27929804675331826
6.644,0.27226592593580046
6.648000000000001,0.2953597592268297
6.652,0.29973002165787754
6.656000000000001,0.21182842223978052
6.66,0.2410817082902731
6.664,0.21095396854674694
6.668,0.21342019427732378
6.672,0.2041269971938141
6.676,0.18477968505872816
6.68,0.18361332622459003
6.684,0.20454435988631645
6.688,0.167682383389761
6.692,0.20387900821388638
6.696,0.14918919962058907
6.7,0.2393311564474822
6.704,0.1545893883201212
6.708,0.1564501845372945
6.712,0.106102712443329
6.716,0.16983618912891515
6.72,0.1517926221432856
6.724,0.12793403518779695
6.728,0.07578984413191645
6.732,0.098970492749942
6.736,0.05499106253636492
6.74,0.1170323637471869
6.744,0.09841589094591996
6.748,0.07068856836649073
6.752,-0.0070540384209857795
6.756,0.02002246305329901
6.76,0.06077839614920885
6.764,0.07322935622017607
6.768,0.06242468834531634
6.772,-0.017837649681095292
6.776,0.02199396398816468
6.78,0.040568830711437465
6.784,-0.025210822728768303
6.788,0.009562782677304166
6.792,0.005567207477285903
6.796,-0.014653687790215085
6.8,-0.05111186785782923
6.804,-0.010341210739923633
6.808,-0.015390890499171672
6.812,-0.0205413294122577
6.816,-0.035447380788361196
6.82,-0.02885030833629077
6.824,-0.014976949085160219
6.828,-0.006828369527167116
6.832,-0.034104742406344965
6.836,-0.04030534551626361
6.84,-0.02329266870792175
6.844,-0.06902827409378957
6.848,-0.012248205790658176
6.852,-0.03212122174395259
6.856,-0.034075522430778146
6.86,-0.006035809394996785
6.864,-0.07378173227856005
6.868,-0.07702972924325761
6.872,-0.0283722553843931
6.876,-0.03799904089174313
6.88,-0.028234766394040836
6.884,-0.03866608021612432
6.888,-0.012973920981928712
6.892,-0.01357426113022054
6.896,-0.027190794603141916
6.9,-0.040293140310835335
6.904,-0.08091478081173017
6.908,-0.011294244515668832
6.912,-0.007121343363966224
6.916,-0.023773302759965552
6.92,-0.056163312206898755
6.924,-0.011548329739703406
6.928,-0.008906453607435662
6.932,0.0017517557590834773
6.936,-0.06091918586036687
6.94,-0.038430854138232814
6.944,-0.007645168315604179
6.948,-0.026097733311564845
6.952,-0.06126247811188003
6.956,-0.023554016158603468
6.96,-0.011775117673695065
6.964,-0.015935407870892645
6.968,-0.011952259107817524
6.972,-0.0275868347266107
6.976,0.017556917453887516
6.98,-0.03178896685304676
6.984,-0.013324447364653526
6.988,0.004832463223689069
6.992,0.0252377362316559
6.996,-0.03031248224267886
7.0,-0.013742860330668762
7.0040000000000004,-0.02003997272226886
7.008,0.03554840418192276
7.0120000000000005,0.00537073218506209
7.016,0.026645425882509777
7.0200000000000005,0.06289405425337034
7.024,0.0395467849309407
7.0280000000000005,0.061701295435347824
7.032,0.0427939551691236
7.0360000000000005,0.06515548662121456
7.04,0.06502527683468018
7.0440000000000005,0.03951183137310236
7.048,0.047318198249304166
7.0520000000000005,0.06654245213263944
7.056,0.043282826901254075
7.0600000000000005,-0.001209337256597734
7.064,0.04993381748062486
7.0680000000000005,-0.0018831562511930112
7.072,0.04728255367855051
7.0760000000000005,0.02926778177083682
7.08,0.0107182946323257
7.0840000000000005,0.007546618599989871
7.088,-0.008925849414658564
7.0920000000000005,0.0015575888310723884
7.096,-0.03099030101783263
7.1000000000000005,-0.013736157178408561
7.104,0.004781749586605866
7.1080000000000005,-0.03585275033133747
7.112,-0.04642947101400633
7.1160000000000005,-0.06482498979981449
7.12,-0.05727978936513136
7.1240000000000006,-0.07177563639640964
7.128,-0.010844626948185162
7.132000000000001,0.008455543824601612
7.136,-0.0037422833708181877
7.140000000000001,-0.07457158444410361
7.144,-0.010199607626982507
7.148000000000001,0.004926417595736525
7.152,-0.0497622921441747
7.156000000000001,-0.04034489257403724
7.16,-0.09312053033596461
7.164000000000001,-0.04062904407065397
7.168,-0.08791280661292396
7.172,-0.06814845193539913
7.176,-0.09724525329427963
7.18,0.015359020576835053
7.184,0.13264791879017224
7.188,0.22634752790100993
7.192,0.3795722491157265
7.196,0.5316100759470254
7.2,0.7577694414716526
7.204,0.9067447449112321
7.208,0.9949205957187776
7.212,1.103261751642082
7.216,1.0856461955709376
7.22,1.0220341231027985
7.224,0.9309878582489639
7.228,0.8151786151515855
7.232,0.6143873025791569
7.236,0.40345202527416524
7.24,0.24820883464460156
7.244,0.05669589961576701
7.248,-0.03053792452139687
7.252,-0.10773113361542895
7.256,-0.15936704312780314
7.26,-0.13436361650429499
7.264,-0.14268270245468073
7.268,-0.08722547559966584
7.272,-0.06702170357782056
7.276,-0.13364956162641226
7.28,-0.008564349175547062
7.284,-0.09729378338597905
7.288,-0.031013848015633283
7.292,0.008240220027668062
7.296,-0.023486414945450767
7.3,-0.04298713902564925
7.304,-0.02452938865363076
7.308,0.029891407265883938
7.312,-0.047039238434169156
7.316,0.031174244372501603
7.32,0.011731320637728936
7.324,-0.006204904264080151
7.328,0.011983423971020696
7.332,-0.00043424100510947375
7.336,0.050316985079334096
7.34,0.05887983490681774
7.344,0.009852317734011254
7.348,0.047466430263012345
7.352,0.03616695467667367
7.356,0.09547459153323239
7.36,0.042969505707664224
7.364,0.13070052354757655
7.368,0.09601151508313524
7.372,0.06940344069330945
7.376,0.08820052248703766
7.38,0.09981951375206621
7.384,0.10284153523128253
7.388,0.14411283015651807
7.392,0.11323116262753401
7.396,0.0964545794138783
7.4,0.15631244357538127
7.404,0.13543752329128167
7.408,0.16833000599319412
7.412,0.16590595512299888
7.416,0.17291611957668807
7.42,0.25830123228769264
7.424,0.22284288204868116
7.428,0.23235613044164408
7.432,0.18119468728914595
7.436,0.21293022622926425
7.44,0.24559519170994587
7.444,0.22486451336422772
7.448,0.27485436279759223
7.452,0.21815219436939443
7.456,0.24124221435968685
7.46,0.2410408221077666
7.464,0.26630230923627335
7.468,0.24400480678453573
7.472,0.24540213302501027
7.476,0.24251951489061802
7.48,0.23342967831891792
7.484,0.2665373391041687
7.488,0.2543861441680897
7.492,0.23466901233590307
7.496,0.218808647440363
7.5,0.24945290991259053
7.5040000000000004,0.22305775637202294
7.508,0.21231073369909464
7.5120000000000005,0.20829635282775932
7.516,0.23827479914947797
7.5200000000000005,0.16008210554901453
7.524,0.21029054803492822
7.5280000000000005,0.13306267733400856
7.532,0.17013638675508136
7.5360000000000005,0.19316329382561553
7.54,0.16292078154568465
7.5440000000000005,0.15189041672814924
7.548,0.12270109716001254
7.5520000000000005,0.12180181115724328
7.556,0.10405396753003517
7.5600000000000005,0.088104310269429
7.564,0.09812286767293107
7.5680000000000005,0.10030862347579078
7.572,0.061550727991067165
7.5760000000000005,0.05112954718786974
7.58,0.03604041979286308
7.5840000000000005,0.07890794350795537
7.588,0.07432464844164073
7.5920000000000005,0.05351274370090399
7.596,0.06410950579513641
7.6000000000000005,0.04267808183640676
7.604,0.05113665944093414
7.6080000000000005,0.042250223728413715
7.612,0.021151441928123325
7.6160000000000005,0.0041610195935850025
7.62,0.07498402187995679
7.6240000000000006,0.010838551674295335
7.628,0.0004062748826542499
7.632000000000001,0.018225661601491368
7.636,0.009132593964556464
7.640000000000001,-0.028687633345975714
7.644,0.03832829084839458
7.648000000000001,0.004067057878023046
7.652,-0.029862901908674033
7.656000000000001,0.02417848809798446
7.66,0.01470655198159929
7.664000000000001,-0.027786225486123365
7.668,0.04527668421531959
7.672000000000001,0.00959303564909432
7.676,-0.009864384119994383
7.68,0.03540541489654328
7.684,0.004987052707912674
7.688,-0.0021435462781318726
7.692,-0.02519284143801269
7.696,0.003558409676632582
7.7,0.006570559226606974
7.704,0.0007187774894953476
7.708,-0.021540804268138876
7.712,-0.005518320314771145
7.716,-0.012576597175495951
7.72,-0.0383149820201414
7.724,-0.03589048578974112
7.728,0.01305782744562627
7.732,-0.07294187281630078
7.736,-0.0046833004510071765
7.74,-0.015781143233857493
7.744,0.034897279769672336
7.748,-0.011975248532373603
7.752,0.010189333828197224
7.756,-0.01795054636948134
7.76,0.0010425645831488278
7.764,0.022936169323677792
7.768,-0.008504286237921843
7.772,0.021787162575453614
7.776,-0.029104116948689522
7.78,0.010071139902250552
7.784,0.0330010134715495
7.788,0.026086211141194145
7.792,0.05262839635587572
7.796,-0.013960648170628972
7.8,-0.02061484910114727
7.804,-0.001777350954514468
7.808,0.04142367315487203
7.812,0.034824202698180304
7.816,0.027760453440314824
7.82,0.008295575443862745
7.824,0.06709300610483453
7.828,0.021263490920853105
7.832,0.08011592990021915
7.836,0.12674558604092592
7.84,0.0763953892106304
7.844,0.09343358109144088
7.848,0.06978952307700925
7.852,0.03458352116191733
7.856,0.06656088642745263
7.86,0.06303678673992724
7.864,0.06186683563729667
7.868,0.13978706302635938
7.872,0.09623074466941516
7.876,0.09534858901073726
7.88,0.08142232625558815
7.884,0.08718016040216499
7.888,0.10928234122122302
7.892,0.07251094225787703
7.896,0.07914273657724225
7.9,0.06112659435809912
7.904,0.057506670808150716
7.908,0.023078245622684332
7.912,-0.0036920737583749294
7.916,0.031887707603054836
7.92,0.0407914685179765
7.924,0.008632608553181369
7.928,0.0339365078259284
7.932,0.025786097821438224
7.936,-0.03444175807150651
7.94,-4.201369327948984e-05
7.944,0.03683599115525796
7.948,0.03266103584043535
7.952,-0.014049940396996032
7.956,0.015737777047698607
7.96,0.04246599364241836
7.964,0.04168187069142518
7.968,0.01752768049021641
7.972,0.0011654051432560906
7.976,-0.004890556478436198
7.98,0.028442692931192073
7.984,0.0271798513083741
7.988,0.034404454459026845
7.992,0.010590236353216494
7.996,0.01710218726047882
8.0,-0.006580835546329077
8.004,0.009210624434294861
8.008000000000001,0.019311320281502734
8.012,0.013176455154255355
8.016,0.07151312580400178
8.02,0.288686477799582
8.024000000000001,0.4207943577400379
8.028,0.5423479252146537
8.032,0.7309690852933322
8.036,0.9188561492312906
8.040000000000001,1.0192022504391476
8.044,1.0951512866061521
8.048,1.1622608825604974
8.052,1.056677880150152
8.056000000000001,0.9673901574940058
8.06,0.8586894157215669
8.064,0.6980885474651556
8.068,0.5149625851871847
8.072000000000001,0.34069285645987024
8.076,0.16571116448376
8.08,0.05825829073132389
8.084,-0.03502702164449621
8.088000000000001,-0.07050522453560773
8.092,-0.0857966265190968
8.096,-0.07291148081170049
8.1,-0.02980873822604275
8.104000000000001,-0.00363307769784596
8.108,0.004341777952077337
8.112,-0.006353492581352139
8.116,0.025851163629785862
8.120000000000001,0.03756194950640128
8.124,0.05454994222455121
8.128,0.10700520355117976
8.132,0.035361137360368375
8.136000000000001,0.06034574996765881
8.14,0.08581702055094675
8.144,0.07109208975890281
8.148,0.12901529259092956
8.152000000000001,0.05847591159436766
8.156,0.07858066210809472
8.16,0.06127587830037483
8.164,0.08356239867621107
8.168000000000001,0.10213341509143774
8.172,0.1160958229632546
8.176,0.10715836852113475
8.18,0.1431236722525308
8.184000000000001,0.12206433833951481
8.188,0.12135700008049988
8.192,0.19791019257406678
8.196,0.14597048755971878
8.2,0.13207470078193387
8.204,0.14688194500109908
8.208,0.14716032046332733
8.212,0.19591888884157765
8.216,0.17016933277306068
8.22,0.19720294361250834
8.224,0.20720510278309295
8.228,0.23395277194640576
8.232,0.19642870540417925
8.236,0.19739291833168543
8.24,0.2442845679267007
8.244,0.2678638440550136
8.248,0.2671411911072286
8.252,0.2393607652895615
8.256,0.2817769427385453
8.26,0.2589179907470193
8.264,0.27664536946147006
8.268,0.2698145535630271
8.272,0.3241994715436918
8.276,0.3099976723394129
8.28,0.3189893384049619
8.284,0.3440412467346695
8.288,0.38355672579424555
8.292,0.2652655799279243
8.296,0.28840357751106116
8.3,0.297442242763791
8.304,0.2967908731699948
8.308,0.2876884257571072
8.312,0.29808058393895515
8.316,0.2702450154686076
8.32,0.31130625329446615
8.324,0.30581970588164753
8.328,0.30962726044072036
8.332,0.29789940328949793
8.336,0.29220903781145985
8.34,0.26711014301263813
8.344,0.3283348478609027
8.348,0.2717451552496593
8.352,0.2046851309525961
8.356,0.21613935454744304
8.36,0.19529499464568995
8.364,0.2366772472057212
8.368,0.22263172369882273
8.372,0.19846158711766598
8.376,0.2498022356050912
8.38,0.21053309013259702
8.384,0.21232300326036468
8.388,0.16049502964665607
8.392,0.14368512718739213
8.396,0.15954921873178451
8.4,0.1610365687020315
8.404,0.10864425173106887
8.408,0.14128067360435545
8.412,0.13230355589329976
8.416,0.11792645543719926
8.42,0.10253759583951833
8.424,0.10928684501545213
8.428,0.1107108551702713
8.432,0.10522719909645618
8.436,0.11111562455825565
8.44,0.12427761688318681
8.444,0.09148712017828838
8.448,0.08146616704589771
8.452,0.09327219039805039
8.456,0.0922348741231592
8.46,0.06891306331663308
8.464,0.10260368166340354
8.468,0.10278009451286783
8.472,0.10139717260721151
8.476,0.10947778904344378
8.48,0.047371130641242695
8.484,0.07358656260639568
8.488,0.07002349379693171
8.492,0.05908462854636012
8.496,0.042125809302980544
8.5,0.026063942261940053
8.504,0.07049150371213894
8.508000000000001,0.04616499956471687
8.512,0.059951774206424537
8.516,0.035344594241683805
8.52,0.03306608169888363
8.524000000000001,0.07185006863995415
8.528,0.06737987605879221
8.532,0.07088723804451413
8.536,0.1087755652691797
8.540000000000001,0.06671730991255033
8.544,0.07761038747084378
8.548,0.0363958623281086
8.552,0.024177755324289035
8.556000000000001,0.09384859113589718
8.56,0.03704468946834821
8.564,0.03993225844498177
8.568,0.06311986845572408
8.572000000000001,0.055100001829093956
8.576,0.03300389619550734
8.58,0.054140879457006394
8.584,0.09882490967568441
8.588000000000001,0.04653798753861356
8.592,0.025764486099384726
8.596,0.08320070655867404
8.6,0.07914303669546494
8.604000000000001,0.058856688291876964
8.608,0.03484901557009189
8.612,0.05138229282277688
8.616,0.06957801283785245
8.620000000000001,0.10943552894312071
8.624,0.06426317757284135
8.628,0.09060204585157554
8.632,0.10777749123131523
8.636000000000001,0.034900265678508735
8.64,0.13209793534934172
8.644,0.08881334724429171
8.648,0.13107948408490333
8.652000000000001,0.1284921851325201
8.656,0.15369847455906382
8.66,0.15215377131964233
8.664,0.09020679513887983
8.668000000000001,0.13266952237766325
8.672,0.15263069211918304
8.676,0.1450315267210917
8.68,0.1693279322080684
8.684000000000001,0.18340581546689644
8.688,0.17606649951151115
8.692,0.1466239473069719
8.696,0.10071316298007191
8.700000000000001,0.1372685077053988
8.704,0.16000487003591507
8.708,0.11471782372275328
8.712,0.14478654188058218
8.716,0.14332067604806187
8.72,0.12316582766391408
8.724,0.04284398654109238
8.728,0.07925412865303579
8.732,0.14558701259123047
8.736,0.0772942451051061
8.74,0.04225582816932378
8.744,0.12416956951060742
8.748,0.08770445065778834
8.752,0.10473230644837367
8.756,0.07914845668839433
8.76,0.08715526261334067
8.764,0.0886519314049107
8.768,0.09338151487225954
8.772,0.12469127412672049
8.776,0.08898553741636894
8.78,0.030272192188763897
8.784,0.08621784701174948
8.788,0.10115536214495927
8.792,0.09553103245779099
8.796,0.05253191551119071
8.8,0.09748648540081664
8.804,0.09516719531882639
8.808,0.12873600078319963
8.812,0.028751431866761035
8.816,0.020235687554922187
8.82,0.024235279498272148
8.824,0.0389530904353443
8.828,0.07702345920061245
8.832,0.11980723619250001
8.836,0.31672615368420454
8.84,0.5147700572269946
8.844,0.6846006298898291
8.848,0.9244170986235487
8.852,1.0298610125297534
8.856,1.1842695664953011
8.86,1.2394318689614134
8.864,1.2751312044083798
8.868,1.2120773773613303
8.872,1.1258305747494948
8.876,0.936299310256463
8.88,0.7671430356189849
8.884,0.5722445359133514
8.888,0.3648894387282322
8.892,0.21226920660440338
8.896,0.1309717658180928
8.9,-0.007556766828633473
8.904,-0.025050784530316957
8.908,-0.013526106646565866
8.912,-0.008764323273736614
8.916,-0.013681952988174291
8.92,-0.040575243722836205
8.924,0.061300729863103816
8.928,0.008674670312067582
8.932,0.10630670551941838
8.936,0.07987085172215588
8.94,0.11190868585532238
8.944,0.07420659494193696
8.948,0.05929350269196246
8.952,0.10097047738769369
8.956,0.09495341075578143
8.96,0.09297555958944032
8.964,0.11715010645572754
8.968,0.18642975721051364
8.972,0.13578611289699613
8.976,0.14406633241360353
8.98,0.15007912700476922
8.984,0.17748318655112777
8.988,0.13974005053646807
8.992,0.09260743883015635
8.996,0.14397797401684045
9.0,0.18193669077503857
9.004,0.1506844068917583
9.008000000000001,0.17623867129723478
9.012,0.1644950077310671
9.016,0.22562629113918004
9.02,0.22122526138601048
9.024000000000001,0.2333972446366531
9.028,0.23955072038986425
9.032,0.22523303601527503
9.036,0.23820956178969266
9.040000000000001,0.21866252396260039
9.044,0.20862872272328062
9.048,0.27407398799828003
9.052,0.2804428595360725
9.056000000000001,0.3092730653240649
9.06,0.33265227196143377
9.064,0.34662877833742856
9.068,0.2881745085305868
9.072000000000001,0.3047541656544693
9.076,0.3303845638210487
9.08,0.39382639119519114
9.084,0.37908351096362586
9.088000000000001,0.37308435852310734
9.092,0.33285841434530455
9.096,0.32207178914766316
9.1,0.3725980597144164
9.104000000000001,0.33329522700162306
9.108,0.35409442407430886
9.112,0.35073588420422314
9.116,0.391026155772849
9.120000000000001,0.3469951496958189
9.124,0.2987238259399223
9.128,0.3674708560514563
9.132,0.32688479931807224
9.136000000000001,0.339048195028524
9.14,0.33660444019823244
9.144,0.33204013118116815
9.148,0.3502313972285725
9.152000000000001,0.27828184534000544
9.156,0.29414922981967323
9.16,0.32205490790709335
9.164,0.28706139084453486
9.168000000000001,0.25140660153895544
9.172,0.2923801877160154
9.176,0.2924176569375205
9.18,0.2595961150453132
9.184000000000001,0.20796026437026563
9.188,0.2629420081437901
9.192,0.18722496945213957
9.196,0.22478931720251244
9.200000000000001,0.19120876640914286
9.204,0.18086364279912642
9.208,0.18756988566259253
9.212,0.1781365198150262
9.216000000000001,0.155839132100192
9.22,0.18405236265444577
9.224,0.15587708094675795
9.228,0.18166544846513505
9.232,0.1497878684813185
9.236,0.11614301854018534
9.24,0.1110026757759244
9.244,0.09089730565845852
9.248,0.13126603023547562
9.252,0.10253562871794827
9.256,0.04473048749910753
9.26,0.09151491810440651
9.264,0.08359632088040811
9.268,0.13917322039077284
9.272,0.04631500460944256
9.276,0.04713149428291701
9.28,0.11337004442096359
9.284,0.12226846781344818
9.288,0.06482429509538543
9.292,0.05811285287488059
9.296,0.08488481152792209
9.3,0.014959037776564106
9.304,0.030456022960377103
9.308,0.06610707622840806
9.312,0.10329961018153254
9.316,0.05010664999065542
9.32,0.06799002006561168
9.324,0.09839831268687763
9.328,0.11953489480797422
9.332,0.044473856368956344
9.336,0.0554666550767746
9.34,0.10639418006869554
9.344,0.0278109310560933
9.348,0.08875237826464104
9.352,0.029980546645975194
9.356,0.0552954227021594
9.36,0.05188911755359549
9.364,0.0392597952690824
9.368,0.03603185829207779
9.372,0.06007095407437743
9.376,0.07549615407609238
9.38,0.05271638679168511
9.384,0.06308137640392332
9.388,0.07310548556056641
9.392,0.027173092616812
9.396,0.06748036188652318
9.4,0.07489592046717908
9.404,0.12494288354221492
9.408,0.048022343355119165
9.412,0.03869569101959907
9.416,0.06699967374006426
9.42,0.07380825842616798
9.424,0.04556353384005676
9.428,0.046658240535351087
9.432,0.06328305384928234
9.436,0.027078403267501806
9.44,0.0435585273799955
9.444,0.06230845752717562
9.448,0.08356418456692283
9.452,0.037558054470730684
9.456,0.005829168105053108
9.46,0.011461668610159438
9.464,0.035814610678938964
9.468,0.034987495208311126
9.472,0.06010805381303787
9.476,0.035815724506190305
9.48,0.05795502588424273
9.484,0.06667290709892039
9.488,0.07809563409041106
9.492,0.12077327003181149
9.496,0.10802405979990616
9.5,0.10368578996549045
9.504,0.10356405213154166
9.508000000000001,0.1080045158234703
9.512,0.12553815744668967
9.516,0.13477935864663798
9.52,0.1074667623289264
9.524000000000001,0.14015227312269915
9.528,0.0886108547505309
9.532,0.13884443085546375
9.536,0.15043356117711698
9.540000000000001,0.12888387060575385
9.544,0.18463030192442237
9.548,0.11153645698168357
9.552,0.12750323510149097
9.556000000000001,0.11371936284065162
9.56,0.11188936771105554
9.564,0.11085563659510006
9.568,0.10754698008941542
9.572000000000001,0.11225775524586144
9.576,0.1166405807713087
9.58,0.08138624911649056
9.584,0.10141125100399137
9.588000000000001,0.05561547952945427
9.592,0.08005945256729341
9.596,0.03501339602357976
9.6,0.08290606939015865
9.604000000000001,0.11300889323725367
9.608,0.049407714571456325
9.612,-0.012050244156321686
9.616,0.024652429686516153
9.620000000000001,0.07299117757458329
9.624,0.060174026547602795
9.628,0.04910267584251118
9.632,0.0599819563913897
9.636000000000001,0.043834380491967986
9.64,0.06719109406876143
9.644,0.0649053404886853
9.648,0.07724052746780417
9.652000000000001,0.04005534650932547
9.656,0.04880051293759438
9.66,0.018046208664254056
9.664,0.005760671086836089
9.668000000000001,0.048558872563555434
9.672,-0.0018028444969687748
9.676,0.026411055354757587
9.68,0.06846528810670856
9.684000000000001,0.1563338921941561
9.688,0.3123288233774536
9.692,0.5139174214677538
9.696,0.6745517524194927
9.700000000000001,0.8025687257514208
9.704,1.0026613797844668
9.708,1.1703917255028518
9.712,1.183119906046623
9.716000000000001,1.1512694995507224
9.72,1.1965197960435385
9.724,1.0608499276500225
9.728,0.8820965699413145
9.732,0.6801599518095488
9.736,0.5172903099268245
9.74,0.295512477830584
9.744,0.1836927059536305
9.748,0.045212877938064146
9.752,-0.047258200014680056
9.756,-0.08937441073362629
9.76,-0.09695488628312814
9.764,-0.04509648015209568
9.768,-0.06961988217511982
9.772,-0.06896964955429957
9.776,0.007482708553174535
9.78,0.03059077483834552
9.784,0.04410436640125172
9.788,0.047649674759942355
9.792,0.027381932276809143
9.796,0.05654982046063931
9.8,0.04452500315369662
9.804,0.042190874748266084
9.808,0.04752831346578739
9.812,0.1021747910858011
9.816,0.009793990075174674
9.82,0.07538752210554492
9.824,0.030983532768000893
9.828,0.07279200892444587
9.832,0.06268067764722332
9.836,0.024657608070866706
9.84,0.09802270818445231
9.844,0.09067250840421029
9.848,0.05204150784523523
9.852,0.12533329959395925
9.856,0.14525011748559002
9.86,0.15986206863928049
9.864,0.14511233440692017
9.868,0.14320283996343317
9.872,0.17653361462291703
9.876,0.19174594007843324
9.88,0.19243395511463582
9.884,0.15508768287681907
9.888,0.19038163999196137
9.892,0.19821054404267163
9.896,0.14870415024434247
9.9,0.22020440592236662
9.904,0.2796812269593162
9.908,0.24515593468295666
9.912,0.26716108512640696
9.916,0.24062123403856125
9.92,0.24744717817062523
9.924,0.2716006587537692
9.928,0.24608359463616297
9.932,0.24137232822319532
9.936,0.30038544906549797
9.94,0.31353635967089344
9.944,0.264260555065181
9.948,0.3144358100956454
9.952,0.28362726416935236
9.956,0.29395181195166287
9.96,0.3037004719889864
9.964,0.3229770141279808
9.968,0.29740296692193335
9.972,0.32211313476918857
9.976,0.29018197731979084
9.98,0.3007299413586438
9.984,0.26619965054397743
9.988,0.33427318535830486
9.992,0.27974391128404197
9.996,0.2777182206839247
10.0,0.21884387473810124
10.004,0.2370594263511107
10.008000000000001,0.27874238553954894
10.012,0.2397934925308396
10.016,0.1740656752366163
10.02,0.2446909578165669
10.024000000000001,0.20167151419859186
10.028,0.23896459330575054
10.032,0.18485653724513793
10.036,0.18030223100331846
10.040000000000001,0.20062093041726617
10.044,0.14467113767141473
10.048,0.13041329386414052
10.052,0.13367322658900102
10.056000000000001,0.1476338965591203
10.06,0.09012235416874387
10.064,0.07835487746148828
10.068,0.12967866865928085
10.072000000000001,0.07845006532221446
10.076,0.07333835348971986
10.08,0.034555763847484586
10.084,0.06217572898891663
10.088000000000001,0.06960299519829004
10.092,0.07918129133802818
10.096,0.02801020935712372
10.1,0.08834693325594856
10.104000000000001,0.029784452944437524
10.108,0.022280195522644576
10.112,0.06572863289474996
10.116,0.025734511127965574
10.120000000000001,0.008017617711458508
10.124,0.019628206758826774
10.128,0.05143968088502207
10.132,0.04378936225186847
10.136000000000001,-0.01861706258786064
10.14,0.0035534506509682486
10.144,0.00992048014615125
10.148,-0.021598775826174088
10.152000000000001,-0.007609855863527106
10.156,-0.010293529074712546
10.16,0.02193258823333829
10.164,0.027628906802296693
10.168000000000001,-0.014509248491622828
10.172,-0.020089716169668204
10.176,-0.0016002102742841452
10.18,-0.028308421073671326
10.184000000000001,0.005664405155440592
10.188,-0.014420168230953026
10.192,-0.04442377380008952
10.196,-0.04713259309648843
10.200000000000001,0.017889545035584986
10.204,-0.01721830495128151
10.208,0.024842129827912007
10.212,-0.03669839181943462
10.216000000000001,-0.019357565641146365
10.22,0.038317116299967625
10.224,-0.04276847027501863
10.228,-0.06647448011361336
10.232000000000001,0.005588298019305823
10.236,-0.04990072520658249
10.24,-0.024498350724227094
10.244,-0.033361832913505585
10.248,-0.014611946359961558
10.252,-0.05253726255148626
10.256,-0.03583590772415201
10.26,-0.014745042165058952
10.264,-0.045820476245750606
10.268,-0.0405837814907867
10.272,-0.03905783213801965
10.276,-0.06844483618231129
10.28,-0.037667377518954936
10.284,-0.018401498763999918
10.288,-0.03337359677451268
10.292,-0.03688088512683706
10.296,-0.03221586100871802
10.3,-0.041586924625587426
10.304,-0.0010825849115156279
10.308,0.01684772832867064
10.312,-0.035819244432475666
10.316,-0.011910466080357193
10.32,-0.02148462711666308
10.324,0.0027056343996052544
10.328,0.03441522494952194
10.332,0.0053299802508833104
10.336,-0.04902657930006898
10.34,0.017656278408395266
10.344,0.04845135483615175
10.348,0.015734730580547217
10.352,0.045000459464401815
10.356,0.006464981972490961
10.36,-0.002205402467271883
10.364,0.04921388985775976
10.368,0.003993601919569739
10.372,0.03844580719051053
10.376,0.07706246624973104
10.38,0.004415052630363382
10.384,0.026296329093380928
10.388,0.02954872168021592
10.392,0.044801498758616755
10.396,0.032053810027599806
10.4,0.07787804833421713
10.404,0.06760156715441443
10.408,0.04838388853343202
10.412,0.02650830469862059
10.416,0.024102228396717933
10.42,-0.008142131845473008
10.424,0.033989182675293536
10.428,-0.02381053858060927
10.432,0.01172539659624211
10.436,0.012610529570005705
10.44,-0.011306661090567164
10.444,-0.020012495369643196
10.448,-0.01198951128787046
10.452,-0.10427763912271452
10.456,-0.030551320983158107
10.46,-0.03795742599351751
10.464,-0.032981904170212316
10.468,-0.01815641138999642
10.472,-0.046340616983247346
10.476,-0.07647611257183556
10.48,-0.046882863975256726
10.484,-0.036830840049713875
10.488,-0.0385191988943907
10.492,-0.04492670573787215
10.496,-0.025620280196438895
10.5,-0.073748097958442
10.504,-0.03830579808173363
10.508000000000001,-0.017081666938462317
10.512,-0.10837884112313897
10.516,-0.07486641895207469
10.52,-0.09806008205757936
10.524000000000001,-0.08175612675829269
10.528,-0.060972184145840116
10.532,0.02988637811981666
10.536,0.20225788611305517
10.540000000000001,0.2894709263466149
10.544,0.47504579426269083
10.548,0.6477932176039136
10.552,0.879203768553071
10.556000000000001,0.9545074545146781
10.56,1.0591155953845692
10.564,1.0882449069149776
10.568,1.0446428044110456
10.572000000000001,0.9681820145211715
10.576,0.895737166437806
10.58,0.7015721637766168
10.584,0.460934737557038
10.588000000000001,0.30870074563138256
10.592,0.09762367021646064
10.596,-0.061220505178168225
10.6,-0.0775233788273913
10.604000000000001,-0.11904487262687395
10.608,-0.13990210040374507
10.612,-0.17599048318899801
10.616,-0.14823781236318948
10.620000000000001,-0.09327189504649518
10.624,-0.07247254370794581
10.628,-0.07543684853446429
10.632,-0.09983320191777303
10.636000000000001,-0.04988623394080506
10.64,-0.014261528289171942
10.644,-0.061387631358788886
10.648,-0.014362072934592844
10.652000000000001,-0.026029114076902865
10.656,-0.014608800189659418
10.66,-0.0025084818725309536
10.664,-0.032333228640723216
10.668000000000001,-0.0536307814710795
10.672,-0.029321404141774463
10.676,0.00868561011836664
10.68,-0.016414532044210502
10.684000000000001,-0.009181233616586279
10.688,-0.03385744473006159
10.692,0.054482303981916134
10.696,0.035525402712358586
10.700000000000001,0.04657742765193343
10.704,0.0643041510190184
10.708,0.059741816689647426
10.712,0.039853735440238056
10.716000000000001,0.047654375687812306
10.72,0.05497885590721963
10.724,0.14567090592729656
10.728,0.10012740983766458
10.732000000000001,0.07632666240492597
10.736,0.1062197145823984
10.74,0.08390458109402553
10.744,0.16137994277066658
10.748000000000001,0.11388935278238295
10.752,0.1446066406778247
10.756,0.1650975013873914
10.76,0.1620949444085584
10.764,0.1685796279905516
10.768,0.1720000952474495
10.772,0.1705557373511382
10.776,0.16220209676709157
10.78,0.17740969031769865
10.784,0.23710132778314244
10.788,0.2003672756543827
10.792,0.18087836211966027
10.796,0.18924121514324083
10.8,0.23844538593418138
10.804,0.23586274617527606
10.808,0.23235935623329834
10.812,0.20563141552158531
10.816,0.22420137178951854
10.82,0.19866682361232763
10.824,0.21236450549136843
10.828,0.2385359322745254
10.832,0.2259518540668404
10.836,0.17349224183639367
10.84,0.17778123625490863
10.844,0.2023513879433136
10.848,0.23474227854097884
10.852,0.13020389734004512
10.856,0.17590177268862883
10.86,0.13280432435303244
10.864,0.14919012570207463
10.868,0.14553298770259407
10.872,0.12854907394486456
10.876,0.11476404217880723
10.88,0.1250359334345927
10.884,0.10809236788312246
10.888,0.07357151379847328
10.892,0.11339614874658084
10.896,0.10139387592878457
10.9,0.10029081479597254
10.904,0.037458216945587285
10.908,0.07249573954268582
10.912,0.06629913058844165
10.916,0.013108082787313215
10.92,0.03675889055222326
10.924,0.03155627428103957
10.928,0.07087687201280549
10.932,0.05875132228046409
10.936,-0.03993820527462873
10.94,0.06328773156274278
10.944,-0.022315787092072416
10.948,0.01717947284461774
10.952,0.0045064606520831135
10.956,-0.051839555751135025
10.96,-0.013573777054825095
10.964,-0.027213352261889312
10.968,-0.016844048164311343
10.972,-0.03567036725487175
10.976,-0.017086858787421347
10.98,-0.04249396549114656
10.984,-0.04568588421131812
10.988,-0.018825517353532814
10.992,-0.04108701623383976
10.996,-0.04157142650204311
11.0,-0.07265500294641697
11.004,-0.07815076771971761
11.008000000000001,-0.06989757026073533
11.012,-0.07961935508790872
11.016,-0.047813642213648644
11.02,-0.038415592585473446
11.024000000000001,-0.06191547018201969
11.028,-0.025259628671933626
11.032,-0.03458863445075901
11.036,-0.06551832400485406
11.040000000000001,-0.08698609581165523
11.044,-0.02181723404374914
11.048,-0.06531127297503472
11.052,-0.06803234235914715
11.056000000000001,-0.08215262197220473
11.06,-0.0904523107525374
11.064,-0.09942868371880631
11.068,-0.04924654711074025
11.072000000000001,-0.09185066754496543
11.076,0.0019282595042061368
11.08,-0.09609288413148927
11.084,-0.0947299710378513
11.088000000000001,-0.05275504140778091
11.092,-0.034333175832046044
11.096,-0.07310147511674865
11.1,-0.05463438175246248
11.104000000000001,-0.10920392112163317
11.108,-0.08205143779413329
11.112,-0.09874688682469208
11.116,-0.1211006091562549
11.120000000000001,-0.06460395548913186
11.124,-0.1172426678893773
11.128,-0.09555777048048228
11.132,-0.0818953926185129
11.136000000000001,-0.0900466306485643
11.14,-0.05192627894029759
11.144,-0.0463760257274839
11.148,-0.03129243341652607
11.152000000000001,-0.03883552218875124
11.156,-0.027735373133142838
11.16,-0.04648342827976467
11.164,-0.028480677835128875
11.168000000000001,-0.020269099087230815
11.172,-0.030896527365489625
11.176,-0.04046712332852847
11.18,-0.026757720820057364
11.184000000000001,-0.026623284915020112
11.188,0.008746881551651105
11.192,-0.004789464274865056
11.196,-0.015141904727498967
11.200000000000001,-0.0039002962990733695
11.204,-0.007115335525278186
11.208,0.04932079922510499
11.212,0.022607994680553044
11.216000000000001,-0.0014043123309143146
11.22,0.04658269906040781
11.224,0.017339535594639507
11.228,-0.007905750794190203
11.232000000000001,0.04270707615668246
11.236,-0.002451912088077598
11.24,0.00159455205286518
11.244,0.013019740937052715
11.248000000000001,0.03236286723316197
11.252,-0.00905380859270358
11.256,-0.04811276362780616
11.26,-0.005162038073976879
11.264,-0.03128854659119215
11.268,0.02008564766559453
11.272,-0.03952678628127767
11.276,-0.10238654533891835
11.28,-0.03616515255265787
11.284,0.005475768322281416
11.288,-0.009128198665416906
11.292,-0.012501139658026558
11.296,-0.08817112058792737
11.3,-0.03596368589278867
11.304,-0.07253296613652152
11.308,-0.052153881278963775
11.312,-0.09746103360831672
11.316,-0.08451578140311446
11.32,-0.07998569010135057
11.324,-0.03510271177759777
11.328,-0.03976541227353284
11.332,-0.059940891352344684
11.336,-0.10329855696620721
11.34,-0.07372258844030824
11.344,-0.08432536218558687
11.348,-0.05609701235457
11.352,-0.06785773348967272
11.356,-0.07948260871946658
11.36,-0.10449366622780276
11.364,-0.09647741430260379
11.368,0.024534004715808064
11.372,0.2405340353555841
11.376,0.36734723848772777
11.38,0.5520046403427045
11.384,0.8003589858270226
11.388,0.9502336087359706
11.392,1.037047944447103
11.396,1.101583483917337
11.4,1.1259139002020657
11.404,1.0915313483332574
11.408,1.0149982876705943
11.412,0.8216366459820776
11.416,0.6390174966752831
11.42,0.45669106782722063
11.424,0.21392708948981812
11.428,0.09640653223749998
11.432,-0.06170264696754143
11.436,-0.2005497189331888
11.44,-0.224844781265167
11.444,-0.19782609784636507
11.448,-0.14578415042520587
11.452,-0.13721708553030976
11.456,-0.10993309275391518
11.46,-0.036094176001344444
11.464,-0.09269834809103736
11.468,-0.05117863404180848
11.472,-0.041469705836489526
11.476,-0.06386610889563255
11.48,-0.03466788360221558
11.484,-0.065887076524977
11.488,0.010845017269351744
11.492,-0.04469887511095222
11.496,0.02499558761433064
11.5,-0.01653938274567529
11.504,0.020370197116378014
11.508000000000001,-0.0038029896570457226
11.512,-0.004891428777476714
11.516,-0.015134552845728049
11.52,0.014290961909798663
11.524000000000001,0.03148229799115159
11.528,0.008630005739355219
11.532,0.025305700760745863
11.536,0.01860410018774851
11.540000000000001,0.10500118594845649
11.544,0.059244134734133494
11.548,0.10651311626724215
11.552,0.06478981409073636
11.556000000000001,0.08308087606928155
11.56,0.0585804877468035
11.564,0.09562623429011041
11.568,0.1194983298157359
11.572000000000001,0.15652564565003285
11.576,0.12997151446055527
11.58,0.1744257567376136
11.584,0.17118398380456484
11.588000000000001,0.20316165479392798
11.592,0.16324150403100054
11.596,0.23133082443925446
11.6,0.17386579014889253
11.604000000000001,0.18088558641806018
11.608,0.17551763449630822
11.612,0.26439616621269824
11.616,0.2312804883023896
11.620000000000001,0.21439744293695662
11.624,0.26528069381599373
11.628,0.25397129994342604
11.632,0.2830492915633971
11.636000000000001,0.19642581149411079
11.64,0.23680750370720138
11.644,0.23938702066168652
11.648,0.2004063549938124
11.652000000000001,0.26935106446059515
11.656,0.2332223067227498
11.66,0.26267763263699956
11.664,0.30658030853020823
11.668000000000001,0.23348456289854572
11.672,0.22088748563779423
11.676,0.22763654904072678
11.68,0.24980984456318706
11.684000000000001,0.21078360202480967
11.688,0.20052757492055706
11.692,0.22867420615256645
11.696,0.2020497146615886
11.700000000000001,0.13927182359964463
11.704,0.15720269269479453
11.708,0.214632004264624
11.712,0.1713024127090499
11.716000000000001,0.13105010500159134
11.72,0.1424648955598638
11.724,0.14361724872051515
11.728,0.1503513188172388
11.732000000000001,0.08184822164271677
11.736,0.08359994407077961
11.74,0.10829631505108488
11.744,0.09601097859102646
11.748000000000001,0.10217507791403801
11.752,0.04189551893077556
11.756,0.07147545027879154
11.76,0.08794705198045812
11.764000000000001,0.0712686536918037
11.768,0.05347727974905581
11.772,0.033988381619767034
11.776,0.007140519303883316
11.78,0.026095075337292252
11.784,0.0596428851795983
11.788,0.017913612684800777
11.792,-0.01312553871325917
11.796,-0.009725045155578867
11.8,0.00929788474297134
11.804,-0.003029214017461288
11.808,0.012910777100796038
11.812,0.0037543209622600826
11.816,0.007980685251402372
11.82,0.02458207229867216
11.824,0.017388297826739976
11.828,-0.03500620118392332
11.832,-0.04302588683739031
11.836,-0.02603323237996664
11.84,-0.031037846358566344
11.844,-0.04365591482413989
11.848,-0.029400206089816652
11.852,-0.03810410839524628
11.856,-0.04591025529971553
11.86,-0.031871825815493526
11.864,0.010732720465257212
11.868,-0.01628486379855919
11.872,0.03320794125057461
11.876,-0.026692426208677456
11.88,-0.032617780334268986
11.884,-0.01961112453099252
11.888,-0.015481160959304536
11.892,-0.018016375052484768
11.896,0.02093209488180424
11.9,-0.04628359809821839
11.904,0.002192961469298295
11.908,-0.016079940262619292
11.912,-0.06739110858268185
11.916,-0.01079119845481116
11.92,0.0075913626322972015
11.924,-0.03955288600465554
11.928,-0.020242353275952037
11.932,-0.06990851974780836
11.936,-0.06011332496268664
11.94,0.003588950447303705
11.944,-0.028225309761351035
11.948,-0.04610558335835059
11.952,-0.01932031341517189
11.956,-0.039884813700232884
11.96,-0.032437560136918786
11.964,0.004025356309421989
11.968,-0.045109804024202366
11.972,-0.045094297450354426
11.976,-0.020013675565763146
11.98,0.006995337844447117
11.984,0.020521535984455753
11.988,-0.027914290742888353
11.992,0.00668700405527824
11.996,-0.036618003383761435
12.0,0.0366294342432181
12.004,-0.0289620681106374
12.008000000000001,0.033580746619815124
12.012,-0.019429269143090733
12.016,0.04932743357722325
12.02,0.024211194106762694
12.024000000000001,-0.005022050227852414
12.028,0.010865682817068786
12.032,0.04253295480260569
12.036,0.05359196178387563
12.040000000000001,0.037859773723058765
12.044,0.05314066049518381
12.048,0.075369234412356
12.052,0.05891076543833661
12.056000000000001,0.026862698110212038
12.06,0.049668779744967806
12.064,0.08581810820545017
12.068,0.11139888540612713
12.072000000000001,0.11650999415897315
12.076,0.09440210608724882
12.08,0.08759173210264136
12.084,0.10345316077124347
12.088000000000001,0.0633957738629847
12.092,0.06569340203363609
12.096,0.04239738199225371
12.1,0.03245428165503725
12.104000000000001,0.0721757796103511
12.108,0.060432769231395234
12.112,0.05993324032861796
12.116,0.04824867956985548
12.120000000000001,0.040585358921901765
12.124,0.04866677402428273
12.128,0.026436578647671106
12.132,0.02617933791538615
12.136000000000001,-0.008553415282499439
12.14,0.021003777384696828
12.144,0.03115860165134208
12.148,-0.006989842228162254
12.152000000000001,0.001945131189781781
12.156,-0.018747579988949128
12.16,-0.01186808603062366
12.164,-0.02205374145641273
12.168000000000001,0.03487800351451427
12.172,0.022399959653042457
12.176,0.006794626474363906
12.18,0.04833449792033593
12.184000000000001,0.00012940347667214983
12.188,0.07865544982226248
12.192,-0.010024087098778342
12.196,-0.0015591744290079272
12.200000000000001,-0.016502267036276698
12.204,-0.00021331366461786218
12.208,-0.002698843417468965
12.212,-0.041777441176403717
12.216000000000001,0.012135503900386965
12.22,0.021641863870818304
12.224,0.11510368951005971
12.228,0.21523381215735587
12.232000000000001,0.4068288247247999
12.236,0.5727935033632637
12.24,0.7473106330587158
12.244,0.9118626927744917
12.248000000000001,1.1262109542751602
12.252,1.1296369372240251
12.256,1.124460794952043
12.26,1.1140505437203323
12.264000000000001,1.0413103887301158
12.268,0.909704624144261
12.272,0.7243726997841272
12.276,0.5318448561068797
12.280000000000001,0.3161101798441562
12.284,0.18079251262671656
12.288,0.018311326796099286
12.292,-0.07004844851514065
12.296,-0.12602883233204756
12.3,-0.13904239847611127
12.304,-0.06524723531572346
12.308,-0.0526132347566336
12.312,-0.02515169922411853
12.316,-0.02630737776578154
12.32,0.016846245504234116
12.324,-0.02745699122647971
12.328,0.04502179658888958
12.332,0.026977157788270485
12.336,0.04059952932602332
12.34,0.04396366897693009
12.344,0.019138614644544007
12.348,0.0079194842366197
12.352,0.024475679112158873
12.356,0.05846842918266435
12.36,0.07187113380832598
12.364,0.031029624703414624
12.368,0.04377097131074427
12.372,0.04876835596484107
12.376,0.06170007161716542
12.38,0.048611380210781326
12.384,0.05950043380425536
12.388,0.07936332953188516
12.392,0.10239529112500252
12.396,0.07626154392260062
12.4,0.11662259731525476
12.404,0.16002050999377865
12.408,0.10743870037498182
12.412,0.13661987220271515
12.416,0.17428432079526504
12.42,0.15315567690104426
12.424,0.16435463715159201
12.428,0.215076125796273
12.432,0.18080136651227216
12.436,0.22341239575035493
12.44,0.22170782984983717
12.444,0.2175023102578863
12.448,0.2451285017499655
12.452,0.24315074487832178
12.456,0.26731154040695776
12.46,0.24235296979163007
12.464,0.2710692175106143
12.468,0.27427385131785464
12.472,0.2939788035636523
12.476,0.25583820767231213
12.48,0.31952445806434626
12.484,0.3180492241157267
12.488,0.2775412229865859
12.492,0.3395510568984339
12.496,0.36864310961406543
12.5,0.34886900892290434
12.504,0.3702300968894505
12.508000000000001,0.33922402060364615
12.512,0.2928729692491394
12.516,0.2901167361333233
12.52,0.3518403931465214
12.524000000000001,0.33936950057115506
12.528,0.3314809217679032
12.532,0.3473151080703385
12.536,0.36279056002214466
12.540000000000001,0.3164558632823955
12.544,0.34576838361669293
12.548,0.38979314533976983
12.552,0.31398062191319365
12.556000000000001,0.3548699636609258
12.56,0.3197058351909547
12.564,0.3427345606130978
12.568,0.3445323665823322
12.572000000000001,0.3175022608210351
12.576,0.30732452535975435
12.58,0.2483760328252976
12.584,0.2968406608049048
12.588000000000001,0.23111194644792288
12.592,0.23718259642575537
12.596,0.22021896450556433
12.6,0.216984548860394
12.604000000000001,0.20470131482634848
12.608,0.1592064557671565
12.612,0.12632721570936664
12.616,0.1672512403469523
12.620000000000001,0.14413550416156753
12.624,0.16310448314688158
12.628,0.12109432491227834
12.632,0.07089330860626393
12.636000000000001,0.11967546235986054
12.64,0.08442707436588517
12.644,0.10113209091731536
12.648,0.06808493223452652
12.652000000000001,0.11282105809746767
12.656,0.042690813295116245
12.66,0.05747758663154639
12.664,0.07040439036690532
12.668000000000001,0.03479880497003141
12.672,0.06027601375158574
12.676,0.0872530775638064
12.68,0.037011920584301715
12.684000000000001,0.05963323165565549
12.688,-0.029861761976032748
12.692,0.018383153204795714
12.696,-0.002904617805656131
12.700000000000001,-0.011489537702695585
12.704,0.06579444724809176
12.708,0.09178204374987403
12.712,0.1958283693241868
12.716000000000001,0.3333517113812766
12.72,0.46786295299321085
12.724,0.6660137300882446
12.728,0.8784349822599956
12.732000000000001,0.931585401441564
12.736,1.061008398560322
12.74,1.1234163696624309
12.744,1.1726931711802746
12.748000000000001,1.0779581462641188
12.752,0.9179443617663555
12.756,0.8036822896686038
12.76,0.5779777887073502
12.764000000000001,0.4443959282802899
12.768,0.21520922455424096
12.772,0.1307825759862673
12.776,-0.008187519037721747
12.780000000000001,-0.07751880409388812
12.784,-0.07515449319967946
12.788,-0.06179074448099561
12.792,-0.06897212463754257
12.796000000000001,-0.019588868554899372
12.8,-0.017795715852331282
12.804,0.037992120539967845
12.808,0.04591843944326265
12.812,0.03615538146296641
12.816,0.031026136836672498
12.82,0.05614832048478239
12.824,0.07544315323867709
12.828,0.11432722484310473
12.832,0.0824895049486066
12.836,0.08467210271584888
12.84,0.14689353782996584
12.844,0.09228053912653925
12.848,0.09362500481864561
12.852,0.09668742518834977
12.856,0.05664756980397617
12.86,0.08178290962806178
12.864,0.09157575191816629
12.868,0.12422462407055473
12.872,0.10294805350342731
12.876,0.11523130337684635
12.88,0.15164304749770036
12.884,0.15902495152010251
12.888,0.13879852315893682
12.892,0.12688485326884932
12.896,0.17793159035727682
12.9,0.18291923610220986
12.904,0.13762954150628753
12.908,0.17644515420388265
12.912,0.19015275052320602
12.916,0.21219266003688572
12.92,0.23012572314232607
12.924,0.22914727581557504
12.928,0.2434654937362389
12.932,0.2323149824548599
12.936,0.22055890051689825
12.94,0.2453766915451815
12.944,0.26679571603715535
12.948,0.27188113923239093
12.952,0.22705798617638995
12.956,0.2704772461761782
12.96,0.2958156390441238
12.964,0.301262910534044
12.968,0.30800990813725093
12.972,0.32725572685202964
12.976,0.2936675892575208
12.98,0.293202314469093
12.984,0.3381856896447708
12.988,0.3707309071778034
12.992,0.3932092937006416
12.996,0.37423752931429005
13.0,0.3287768073304048
13.004,0.3695613974319685
13.008000000000001,0.3827088252750939
13.012,0.3755383348405881
13.016,0.38286559181640595
13.02,0.35110215870773664
13.024000000000001,0.37867353158067674
13.028,0.38101004074510253
13.032,0.37802361951770613
13.036,0.32732780603701633
13.040000000000001,0.33523432021559896
13.044,0.27120643655490817
13.048,0.3090335187665685
13.052,0.2912720116637439
13.056000000000001,0.2627227206639995
13.06,0.2834513035328894
13.064,0.26863499240701905
13.068,0.19624731458969644
13.072000000000001,0.2360097414099181
13.076,0.1904493245013191
13.08,0.21715258712372087
13.084,0.16488147071292056
13.088000000000001,0.18237443551375104
13.092,0.1551025472515705
13.096,0.15596598597770397
13.1,0.1463904555638398
13.104000000000001,0.132565874813972
13.108,0.0890909941337048
13.112,0.07498122868617615
13.116,0.08729644033710109
13.120000000000001,0.10020588000879355
13.124,0.08433326575751592
13.128,0.10697785540740062
13.132,0.07183722555245937
13.136000000000001,0.04754921298106386
13.14,0.06594035837707111
13.144,0.08008956749597937
13.148,0.07609343563713707
13.152000000000001,0.10235998433938916
13.156,0.028056908037030415
13.16,0.03606537217713515
13.164,0.03942661324930823
13.168000000000001,0.016911154985693573
13.172,0.008933950097492515
13.176,0.027598775125874817
13.18,0.15199131978635094
13.184000000000001,0.27993237990452224
13.188,0.42868240341932357
13.192,0.6255630283154506
13.196,0.7936410864725502
13.200000000000001,0.9965227161156768
13.204,1.124041376664656
13.208,1.1572899836357302
13.212,1.181340482140887
13.216000000000001,1.0924831833777886
13.22,1.0275307517048715
13.224,0.903668338927791
13.228,0.7294961928809282
13.232000000000001,0.4900508363148455
13.236,0.3463973666670576
13.24,0.12769441684287647
13.244,0.017172829399887242
13.248000000000001,-0.016597752021908125
13.252,-0.039735884388846406
13.256,-0.07887876023759252
13.26,-0.07239963674449686
13.264000000000001,-0.09587906948089214
13.268,-0.06724551851136296
13.272,0.0024787616189786347
13.276,0.0055094507878766415
13.280000000000001,0.004523684197412673
13.284,0.047404978617345085
13.288,0.05173004255240084
13.292,0.06926222195926651
13.296000000000001,0.050144508816201215
13.3,0.08627985617801609
13.304,0.06473282572766449
13.308,0.06296667321468041
13.312000000000001,0.08919604851691547
13.316,0.040061187557887026
13.32,0.14504062835032083
13.324,0.09456537077580748
13.328,0.09767714716365046
13.332,0.09974036721910946
13.336,0.13723063711017916
13.34,0.12204699513814676
13.344,0.07439145810689703
13.348,0.15434467887706513
13.352,0.11093148180075263
13.356,0.1275155423415033
13.36,0.10641628908726668
13.364,0.1653810570713833
13.368,0.14212256317958596
13.372,0.16242399543806438
13.376,0.15937314186709764
13.38,0.2291721689715246
13.384,0.2452612737479982
13.388,0.20368121888006374
13.392,0.20605275396532552
13.396,0.20187376835005605
13.4,0.2534033290018674
13.404,0.23192875636066104
13.408,0.23594320065905036
13.412,0.27216562447450476
13.416,0.24008018919373936
13.42,0.26602737703876567
13.424,0.24056155952019917
13.428,0.3026117825462383
13.432,0.3332366619658763
13.436,0.3069967594544278
13.44,0.33732351128993815
13.444,0.29112330354320737
13.448,0.32149091045753136
13.452,0.29014101940857406
13.456,0.3107435231899542
13.46,0.3460459498076054
13.464,0.33926771616594636
13.468,0.3031425347771475
13.472,0.3020291673907602
13.476,0.3012023440940436
13.48,0.3561395674918031
13.484,0.4028672551403848
13.488,0.3840293710175351
13.492,0.29542550929009503
13.496,0.37498244228468797
13.5,0.3661570517829899
13.504,0.3060752262661966
13.508000000000001,0.3297925566624181
13.512,0.3510972412272335
13.516,0.3272213106212592
13.52,0.27695004941615603
13.524000000000001,0.3198254111131294
13.528,0.23689989552570323
13.532,0.264622302562943
13.536,0.2825111888531718
13.540000000000001,0.2456302336649076
13.544,0.223381621154032
13.548,0.2406891177109959
13.552,0.22056943300752352
13.556000000000001,0.21178948475526652
13.56,0.192016809526223
13.564,0.18885736849382975
13.568,0.16458789171728838
13.572000000000001,0.13322225442479216
13.576,0.11482175966651582
13.58,0.10137503084333867
13.584,0.07256141013001331
13.588000000000001,0.06749272336233404
13.592,0.06875268449152958
13.596,0.07189564062468475
13.6,0.1005282945507027
13.604000000000001,0.06276612981033321
13.608,0.08091777420883173
13.612,0.07051478700879274
13.616,0.030836174895853607
13.620000000000001,0.052951666837532545
13.624,0.03390575142471916
13.628,0.0673947665495351
13.632,0.0396325303330345
13.636000000000001,-0.012799349198927189
13.64,0.01949437338396211
13.644,0.051233551237954894
13.648,-0.010401969109965662
13.652000000000001,-0.011173464449320155
13.656,-0.0029606282663191836
13.66,0.003801626917723549
13.664,0.13156740014442805
13.668000000000001,0.20717205348629616
13.672,0.3756132433980536
13.676,0.5867533776334338
13.68,0.7430367789736603
13.684000000000001,0.8832050353076031
13.688,1.0190232344595822
13.692,1.0739276627800765
13.696,1.0939045786247699
13.700000000000001,1.0775766086212095
13.704,0.954813452221092
13.708,0.8318856182774703
13.712,0.6450958944455764
13.716000000000001,0.42742358420435406
13.72,0.27208974254131557
13.724,0.18485877283390617
13.728,0.03235516470541738
13.732000000000001,-0.09815169391936868
13.736,-0.14771881718588342
13.74,-0.11640996514446746
13.744,-0.05731432006820171
13.748000000000001,-0.08058476246993891
13.752,-0.025240783358434687
13.756,-0.02919836129995647
13.76,-0.003617738460031019
13.764000000000001,-0.03139547376259359
13.768,0.030898489245851486
13.772,-0.0029556119982827415
13.776,0.028383431755464986
13.780000000000001,-0.004904170672114084
13.784,0.028367985071754406
13.788,0.03344602633412742
13.792,0.016845056038680025
13.796000000000001,0.03200927761326963
13.8,0.024625115566448773
13.804,0.02476706200466505
13.808,0.08328227398316372
13.812000000000001,0.06698270012187088
13.816,0.024564711978339118
13.82,0.0688522681125965
13.824,0.04746901038224445
13.828,0.04026321697198246
13.832,0.09502386590493928
13.836,0.03106481706804721
13.84,0.10951530531413162
13.844,0.09298630182219889
13.848,0.09935255281740768
13.852,0.11558578188365223
13.856,0.12565677387386964
13.86,0.10431933497831829
13.864,0.15692084486736224
13.868,0.14804176985949977
13.872,0.11524525174373544
13.876,0.14876371366423882
13.88,0.20181328438967278
13.884,0.22346035117681337
13.888,0.20582725448912653
13.892,0.1595600246699591
13.896,0.20781935088657297
13.9,0.23087477617244556
13.904,0.24171778030580413
13.908,0.2492059055742204
13.912,0.23971747001543445
13.916,0.23467202754257208
13.92,0.23491777900798205
13.924,0.2162203889271152
13.928,0.27768538611937976
13.932,0.27432344175411494
13.936,0.2887258256733455
13.94,0.25402566164729434
13.944,0.3158369768355984
13.948,0.35487582614357543
13.952,0.303690050717483
13.956,0.30240321746675
13.96,0.32072570843244314
13.964,0.37164739401360436
13.968,0.29382153069535405
13.972,0.3166732593427041
13.976,0.28702494635326276
13.98,0.29494663209006194
13.984,0.3072552472543204
13.988,0.33245393195113127
13.992,0.32755694455023115
13.996,0.28084899769459853
14.0,0.2538701032572434
14.004,0.31808130911334276
14.008000000000001,0.22872878345057118
14.012,0.20322370408767484
14.016,0.15563578318448712
14.02,0.22509395651658964
14.024000000000001,0.20459442875499195
14.028,0.22336111262709032
14.032,0.10622341298751192
14.036,0.160869819310166
14.040000000000001,0.11815406932091282
14.044,0.12926181121679947
14.048,0.053509727107555694
14.052,0.11292196656634518
14.056000000000001,0.08306768163480399
14.06,0.058281271815482975
14.064,0.07197983829392024
14.068,0.026137059551186493
14.072000000000001,0.016004371900928835
14.076,0.00961720812975854
14.08,-0.025933814798795703
14.084,0.041657950903608146
14.088000000000001,0.04227200464053557
14.092,-0.017061734437189693
14.096,0.002429510635296243
14.1,-0.011760364783181368
14.104000000000001,0.003309897788945866
14.108,-0.030810059477544227
14.112,-0.0564044320427427
14.116,-0.02553766675432295
14.120000000000001,-0.05972836410390408
14.124,0.0028696623268065907
14.128,-0.010643096629251371
14.132,0.04134270358752049
14.136000000000001,0.22238764765680155
14.14,0.37779626802380406
14.144,0.5684268859418172
14.148,0.7601379763884285
14.152000000000001,0.8723903318942269
14.156,1.0164048596559139
14.16,1.107652476218617
14.164,1.1146340679119706
14.168000000000001,1.104638290073054
14.172,1.043345977568025
14.176,0.8682367209349676
14.18,0.6533342272144721
14.184000000000001,0.4565698036285732
14.188,0.34172906904445843
14.192,0.11990050901156415
14.196,-0.03128127926729628
14.200000000000001,-0.10859350877659497
14.204,-0.18303925963072798
14.208,-0.12729469480671543
14.212,-0.16957454859485738
14.216000000000001,-0.10432644335526803
14.22,-0.10448877560990964
14.224,-0.039962560021645
14.228,-0.052546144007704215
14.232000000000001,-0.031453109433350196
14.236,-0.028289097352578313
14.24,-0.019290567342935806
14.244,-0.01646629507712079
14.248000000000001,-0.029924957874471234
14.252,0.01976101309028062
14.256,-0.049860399673549986
14.26,-0.018027445622231054
14.264000000000001,-0.00841659336317395
14.268,0.0030594025479051806
14.272,-0.020480850047191856
14.276,0.0006113802914260637
14.280000000000001,-0.0007427244121942424
14.284,-0.02496732809937522
14.288,0.018406745764497856
14.292,-0.0102656129620095
14.296000000000001,-0.02179353879257663
14.3,0.03754636647711033
14.304,0.05922275332775716
14.308,0.06553481169584215
14.312000000000001,0.06732070856410056
14.316,0.010756217692271225
14.32,0.03911383145718422
14.324,0.13676550757660566
14.328000000000001,0.06783247997459628
14.332,0.11113747224989123
14.336,0.08551883745738129
14.34,0.119447276115601
14.344,0.1163894891072173
14.348,0.15309030452294867
14.352,0.1443284434989573
14.356,0.13628218132305472
14.36,0.13550121061812306
14.364,0.18246905283833967
14.368,0.15130039113978613
14.372,0.19294837938359893
14.376,0.2530826110262642
14.38,0.23383899849857095
14.384,0.2303120174551421
14.388,0.21419391648099628
14.392,0.16657282350021774
14.396,0.1851764691559322
14.4,0.26100833412915336
14.404,0.21954657575492253
14.408,0.22394326670871229
14.412,0.23422991976855814
14.416,0.21333811275664008
14.42,0.21832207153348154
14.424,0.2565146348622019
14.428,0.23603741445317386
14.432,0.23507147423498523
14.436,0.23373250987253064
14.44,0.27329647613941344
14.444,0.26071912943751696
14.448,0.2596391641114748
14.452,0.27078328761906406
14.456,0.24785564333585508
14.46,0.24667936377370353
14.464,0.2663213486309098
14.468,0.2629267412771742
14.472,0.2279203006914296
14.476,0.22245457176281996
14.48,0.19626595919291864
14.484,0.1884025077693203
14.488,0.2142445965346568
14.492,0.18540724898422803
14.496,0.16905301237497086
14.5,0.1554288353083915
14.504,0.1399910638281399
14.508000000000001,0.13870629508782573
14.512,0.12239222170158551
14.516,0.1047153342436205
14.52,0.07071903645145101
14.524000000000001,0.09985490821377685
14.528,0.05569293420036199
14.532,0.04653977255570928
14.536,0.024271878877118305
14.540000000000001,0.01865426707359777
14.544,-0.009777196109350905
14.548,0.015254817805637158
14.552,0.053897284068237176
14.556000000000001,-0.03592374622852418
14.56,-0.025503875012036006
14.564,-0.038508457755274755
14.568,-0.046920092455783
14.572000000000001,-0.007804360086988753
14.576,-0.06955826686221012
14.58,-0.0625461713826132
14.584,-0.08792043471267856
14.588000000000001,-0.07235209898998154
14.592,-0.10645996733040311
14.596,-0.05487631503508974
14.6,-0.0028768936640601456
14.604000000000001,-0.08836465435883654
14.608,-0.13669172060434154
14.612,-0.08604513516961018
14.616,-0.11346467381784428
14.620000000000001,-0.00445554203790547
14.624,0.059659446842993034
14.628,0.18831618370558043
14.632,0.3603919868726061
14.636000000000001,0.5601324420413792
14.64,0.713429246992723
14.644,0.8627397994580875
14.648,0.9819726352239695
14.652000000000001,1.0129422637151344
14.656,1.0593372645036898
14.66,0.9566076612576156
14.664,0.8859973009535845
14.668000000000001,0.7595430235300932
14.672,0.5589334905554115
14.676,0.3733158378172273
14.68,0.1826823495623496
14.684000000000001,0.06617017527239542
14.688,-0.05746664412318621
14.692,-0.14998735443617608
14.696,-0.1746578922011109
14.700000000000001,-0.17719104058321777
14.704,-0.1852943127248755
14.708,-0.18509228814023904
14.712,-0.12218179811289459
14.716000000000001,-0.09926361612784904
14.72,-0.06356445222908921
14.724,-0.09731961366117789
14.728,-0.09138645975557579
14.732000000000001,-0.059315095816665324
14.736,-0.07106005213626315
14.74,-0.10751144246348343
14.744,-0.042151639109776526
14.748000000000001,-0.09674351430772013
14.752,-0.07759280882765299
14.756,-0.018526083887645997
14.76,0.003155637828739441
14.764000000000001,-0.06266914534232856
14.768,-0.0378636425816497
14.772,-0.03043563662891489
14.776,0.016387062445732396
14.780000000000001,-0.028864921401657403
14.784,-0.01651039012499498
14.788,0.03854760103002559
14.792,-0.00965672769051594
14.796000000000001,0.022852010997811083
14.8,-0.01885184273548229
14.804,0.02736478050675128
14.808,-0.0038969566263891142
14.812000000000001,0.012516689789542495
14.816,0.06626983807873293
14.82,0.05848388757301558
14.824,0.06632575818493663
14.828000000000001,0.06236008173187012
14.832,0.07751127321893606
14.836,0.09738231847894285
14.84,0.1291014761118472
14.844000000000001,0.05349370274689197
14.848,0.10491674535776835
14.852,0.13124782929517467
14.856,0.13104651776980042
14.86,0.15752523808362828
14.864,0.167822410932266
14.868,0.1590775573750962
14.872,0.15397209823010516
14.876,0.16607649569998956
14.88,0.21364593857278602
14.884,0.17910332900985315
14.888,0.20019132582117122
14.892,0.20559745669154625
14.896,0.24390916972951607
14.9,0.2089051688429021
14.904,0.25159927962831513
14.908,0.2614074305506786
14.912,0.22669170317425227
14.916,0.2250444542944653
14.92,0.2313575721784582
14.924,0.24168537028343248
14.928,0.26912952229401327
14.932,0.24730118231951764
14.936,0.24482471955640778
14.94,0.21477527138279265
14.944,0.22123648739255208
14.948,0.2921216232064875
14.952,0.22077162801536504
14.956,0.1958553932755624
14.96,0.24740148269939793
14.964,0.21367429719334285
14.968,0.2069500681723113
14.972,0.16896496061558147
14.976,0.14837656898240378
14.98,0.14327602767247805
14.984,0.10371244035030207
14.988,0.11878675029139824
14.992,0.10626124642096821
14.996,0.1281174462094661
15.0,0.07530862051452039
15.004,0.006673703293598891
15.008000000000001,0.0473421991488812
15.012,0.09873113944059307
15.016,0.038141398215023034
15.02,-0.008827848468304627
15.024000000000001,0.02202263276949949
15.028,-0.02257011799492819
15.032,-0.05321507175798609
15.036,-0.037809145274191915
15.040000000000001,-0.027957691596393202
15.044,-0.0775480029996518
15.048,-0.06725864615618168
15.052,-0.050375304286800204
15.056000000000001,-0.06754674935461433
15.06,-0.045800950072806115
15.064,-0.08392965997841514
15.068,-0.04125750912716254
15.072000000000001,-0.09950218624516516
15.076,-0.0364097020575449
15.08,-0.12340595562754825
15.084,-0.11485532009212865
15.088000000000001,-0.09271810876917475
15.092,-0.07296514732318397
15.096,-0.08898899261140455
15.1,-0.018319095252117543
15.104000000000001,0.07783152446155314
15.108,0.1935698202789926
15.112,0.3695288488296173
15.116,0.5269979132531777
15.120000000000001,0.7000751609826058
15.124,0.8928691092257817
15.128,0.9594418040537425
15.132,1.0448722256093417
15.136000000000001,1.000070526919308
15.14,0.9835156319800847
15.144,0.8529729300225054
15.148,0.7395443824329396
15.152000000000001,0.5219421049851493
15.156,0.35360285179198464
15.16,0.13384194473485114
15.164,0.012900085330974212
15.168000000000001,-0.12353396422676606
15.172,-0.1831211756921525
15.176,-0.2104058373784248
15.18,-0.21616921669931954
15.184000000000001,-0.20461023075061685
15.188,-0.18605344497646617
15.192,-0.19064359583796983
15.196,-0.13942250380829743
15.200000000000001,-0.07588607385688373
15.204,-0.11507658222086548
15.208,-0.10434165497709935
15.212,-0.02745446937769165
15.216000000000001,-0.08646486394058633
15.22,-0.053384748148213215
15.224,-0.03624222191930901
15.228,-0.034346917627023785
15.232000000000001,-0.09219365185976766
15.236,-0.05796268043831685
15.24,-0.08248252296032921
15.244,0.02962741411553098
15.248000000000001,-0.06844632333660486
15.252,-0.056336586812259254
15.256,-0.05249328844807054
15.26,-0.05199160465597735
15.264000000000001,0.031494966932421736
15.268,0.06295641511925959
15.272,-0.009321078561736456
15.276,-0.025064006589563807
15.280000000000001,-0.034411238937819597
15.284,0.029258810892809444
15.288,0.03367538035946113
15.292,0.02688191891541276
15.296000000000001,0.05535070508016685
15.3,0.0743966411168047
15.304,0.08742032752950675
15.308,0.07846487006373647
15.312000000000001,0.06102166602945153
15.316,0.11227735344629602
15.32,0.11085952049683233
15.324,0.14759084079541634
15.328000000000001,0.1519661070438645
15.332,0.0984786171225353
15.336,0.10467107287413753
15.34,0.13582724920911438
15.344000000000001,0.14228118806885498
15.348,0.19342807625769298
15.352,0.18408324617038135
15.356,0.20817645246848465
15.36,0.20366316597053088
15.364,0.21179638136097445
15.368,0.2412917592758741
15.372,0.2226550549777976
15.376,0.21685348130486173
15.38,0.26400828030415757
15.384,0.24139507384787864
15.388,0.23414426280205264
15.392,0.21868655967919842
15.396,0.2593681880308758
15.4,0.28204624920752885
15.404,0.25832452055030203
15.408,0.291866045871786
15.412,0.20347349402137707
15.416,0.24848221548429725
15.42,0.25249552232996536
15.424,0.23746234559153231
15.428,0.30794375049881856
15.432,0.2329733688785757
15.436,0.21406734454360604
15.44,0.22098434884620977
15.444,0.1650181501257056
15.448,0.18179860690312788
15.452,0.20524167792236278
15.456,0.1489241698244964
15.46,0.13527544818780907
15.464,0.17979255433412167
15.468,0.16366349177459596
15.472,0.12145074123816059
15.476,0.08071625697426985
15.48,0.07804511306997547
15.484,0.05647671329791247
15.488,0.03708047939161563
15.492,0.017106991866644713
15.496,0.014716637598390429
15.5,-4.1785029295769716e-05
15.504,-0.016794523054576682
15.508000000000001,0.01715849808442564
15.512,0.002793291089301821
15.516,0.03028671200611082
15.52,-0.029555082434545
15.524000000000001,-0.005443699729378394
15.528,-0.012344668783079693
15.532,-0.03816610851555127
15.536,-0.01949097699273333
15.540000000000001,-0.016641382618581127
15.544,-0.02540365837655184
15.548,-0.045459487108580734
15.552,-0.05932378171256139
15.556000000000001,-0.09355688734684976
15.56,-0.08451458713779776
15.564,-0.08771299876135431
15.568,-0.11214404314659913
15.572000000000001,-0.07303556071793715
15.576,-0.01692967329628341
15.58,0.018499732871915305
15.584,0.17920497856495715
15.588000000000001,0.301369954974138
15.592,0.48545498335156356
15.596,0.645190996650789
15.6,0.8378182869311059
15.604000000000001,0.9347578695922206
15.608,1.05363123719825
15.612,1.0394485872277068
15.616,0.9923908820966904
15.620000000000001,0.8915286506856833
15.624,0.7961340428147586
15.628,0.6389777549615518
15.632,0.4314335387381491
15.636000000000001,0.2985203770355269
15.64,0.1261044176057266
15.644,-0.03519699244728313
15.648,-0.12088124088988389
15.652000000000001,-0.15202043948653496
15.656,-0.19794023849372042
15.66,-0.13066281685769732
15.664,-0.12187724438913372
15.668000000000001,-0.10061605017044269
15.672,-0.07361293343918728
15.676,-0.03181057102244597
15.68,-0.052113721547982196
15.684000000000001,-0.04488782550433906
15.688,-0.0006379358032914395
15.692,-0.016847404105009994
15.696,-0.0475373036975516
15.700000000000001,-0.030144743336457242
15.704,-0.016059138569553127
15.708,-0.010233770564915362
15.712,-0.05612408211925862
15.716000000000001,-0.05851926202146187
15.72,-0.031679874148019795
15.724,-0.02281721979371926
15.728,-0.011542699316321202
15.732000000000001,0.01914402324299367
15.736,0.0029971979705051286
15.74,0.02430607349831944
15.744,0.0013055528034112418
15.748000000000001,0.025336369522085976
15.752,0.05197136719406614
15.756,0.05775713692245208
15.76,0.038536916771821736
15.764000000000001,0.0747272230844539
15.768,0.13204623062074777
15.772,0.07836291836210449
15.776,0.06825564294297336
15.780000000000001,0.09605684302859607
15.784,0.1176328965185523
15.788,0.118666934832379
15.792,0.12394656429868162
15.796000000000001,0.09580836457017076
15.8,0.12285285036601276
15.804,0.15815475820829364
15.808,0.16476130953012577
15.812000000000001,0.1567716909734361
15.816,0.17329724461999027
15.82,0.19381117449073298
15.824,0.22896247395110347
15.828000000000001,0.2106809167513337
15.832,0.22457987073466462
15.836,0.20725879073423006
15.84,0.24906144002288022
15.844000000000001,0.2579779086009543
15.848,0.27601002310648126
15.852,0.2729059916201553
15.856,0.2751038373321892
15.860000000000001,0.27078061545585314
15.864,0.2917671337450604
15.868,0.31616620136421303
15.872,0.2716078275566689
15.876,0.27451251927440934
15.88,0.3038961498306092
15.884,0.3176507398732007
15.888,0.2853023909849225
15.892,0.2962766776571139
15.896,0.29128346652351844
15.9,0.23993245332045987
15.904,0.28979263174852143
15.908,0.2817475278462764
15.912,0.26559230329901873
15.916,0.2923122201560966
15.92,0.2204113106202009
15.924,0.22297805773028434
15.928,0.16231500297153828
15.932,0.19411822316027713
15.936,0.1792611150544493
15.94,0.16715597823414116
15.944,0.1984304691930949
15.948,0.17548091981149594
15.952,0.13471542953014443
15.956,0.10776959251172587
15.96,0.1355349809210168
15.964,0.10299757189659749
15.968,0.06956876062964625
15.972,0.02960480553699759
15.976,0.049657714673226896
15.98,0.07642034032708397
15.984,0.11209500838656011
15.988,0.04718407091173604
15.992,0.012772486907664356
15.996,-0.005954548170507244
16.0,0.03770100186190865
16.004,-0.019432524329440114
16.008,0.03185891194325916
16.012,0.027574525364829634
16.016000000000002,0.012304652717920236
16.02,-0.0020099862884842283
16.024,0.01858216398155671
16.028,-0.0009942221484191532
16.032,-0.04356886554360946
16.036,0.0053212521178291755
16.04,-0.05410346417008669
16.044,-0.01149999270133241
16.048000000000002,-0.04933250387342967
16.052,0.12679530972528774
16.056,0.2661694749656412
16.06,0.40655495578529477
16.064,0.6121903108720983
16.068,0.7944988294184624
16.072,0.9229641222057272
16.076,1.0816269978269886
16.080000000000002,1.1360522828146289
16.084,1.1702726088463522
16.088,1.1712454297052126
16.092,1.0593012862340778
16.096,0.8636111756732882
16.1,0.6831602891468416
16.104,0.49146918453148775
16.108,0.33046635600188723
16.112000000000002,0.11120266176221023
16.116,0.011481999888832858
16.12,-0.06091579426363551
16.124,-0.12158629129185448
16.128,-0.10692999410921492
16.132,-0.13369873367732363
16.136,-0.10828760128936961
16.14,-0.09357497985998982
16.144000000000002,-0.013088662281040074
16.148,-0.04060593159536714
16.152,-0.006176740091177106
16.156,-0.009738271434545242
16.16,-0.02230874767474006
16.164,-0.0008348633370415352
16.168,0.05076647688894235
16.172,0.017995179524850607
16.176000000000002,-0.010535722605303808
16.18,0.032190920754455274
16.184,0.031070950550925815
16.188,0.1236867227397423
16.192,0.042550074893650855
16.196,0.029225807091291738
16.2,0.08581405498944869
16.204,0.01623026452823198
16.208000000000002,0.06904332446979038
16.212,0.11647194339370054
16.216,0.06887131249813187
16.22,0.041851262351345384
16.224,0.08903698182787424
16.228,0.14148978825906763
16.232,0.11615226455655196
16.236,0.0925567164804313
16.240000000000002,0.11131093721198473
16.244,0.12957967645937782
16.248,0.16002448223561763
16.252,0.18713412800336282
16.256,0.18763888606945447
16.26,0.1883056673946094
16.264,0.15918219525481322
16.268,0.1668949845997485
16.272000000000002,0.21605491064926727
16.276,0.17642117898087914
16.28,0.21941651732116751
16.284,0.24738406709509622
16.288,0.2178589807175958
16.292,0.22197475247408716
16.296,0.25098636099651056
16.3,0.27914792788885556
16.304000000000002,0.30586500872918365
16.308,0.2989298309513291
16.312,0.2846880004542176
16.316,0.2677065567340866
16.32,0.27055326255314327
16.324,0.2951045507799294
16.328,0.3204019452081814
16.332,0.3156124101683096
16.336000000000002,0.2562810168290526
16.34,0.29828681940565616
16.344,0.3568806091923668
16.348,0.32938174404968545
16.352,0.28738859050546306
16.356,0.3815999331633186
16.36,0.329291492597523
16.364,0.3463769498120721
16.368000000000002,0.344958175190425
16.372,0.31831960042208785
16.376,0.30581676849126366
16.38,0.38038745562459736
16.384,0.3546064208001884
16.388,0.34311502047828163
16.392,0.3238188872049128
16.396,0.2746948779231633
16.4,0.32862519079800323
16.404,0.27122804687979907
16.408,0.28592900357380124
16.412,0.21847283440628704
16.416,0.19303648164242854
16.42,0.24381601097688693
16.424,0.2069625962804103
16.428,0.1606603773130288
16.432,0.20220547692527135
16.436,0.22505059267830615
16.44,0.19840470844753733
16.444,0.14938563417770515
16.448,0.14097522034912707
16.452,0.14377789425255902
16.456,0.1361817446066833
16.46,0.09484656905391521
16.464,0.10048473878340256
16.468,0.09633274358890961
16.472,0.08782561754991333
16.476,0.06149151313298727
16.48,0.061293723035496024
16.484,0.09896274263529278
16.488,0.08762412542312792
16.492,0.05794346332604708
16.496,0.08300757923447338
16.5,0.03276159263785529
16.504,0.08584284500179269
16.508,0.05418789200726817
16.512,0.11308724220451588
16.516000000000002,-0.0033077001196369776
16.52,0.010758983446725594
16.524,0.036653799391720074
16.528,0.022319508177118804
16.532,0.04129611572383711
16.536,-0.031020120483414838
16.54,0.03243141996945553
16.544,0.10102992527669222
16.548000000000002,0.18910486636997956
16.552,0.2827866891765861
16.556,0.5089587246828083
16.56,0.6886244156678129
16.564,0.8494323778384787
16.568,0.9852291188483606
16.572,1.0892537088581138
16.576,1.1401888995676257
16.580000000000002,1.1663926561595206
16.584,1.0990146375539434
16.588,0.9618672636016513
16.592,0.7936988060094545
16.596,0.6166133239063504
16.6,0.4574695221870432
16.604,0.2797818387463276
16.608,0.1343240745868554
16.612000000000002,0.023246922078568148
16.616,-0.07663339351520074
16.62,-0.04977862916942859
16.624,-0.08881238938486162
16.628,-0.07777284856747767
16.632,-0.0363177872753404
16.636,-0.0705053047964973
16.64,-0.016810579812534154
16.644000000000002,0.04944393871783247
16.648,-0.00951319149041114
16.652,0.06228005965033889
16.656,0.07512210600248335
16.66,0.03781538368355696
16.664,0.0635928511679887
16.668,0.08557856581208083
16.672,0.04251250762426631
16.676000000000002,0.07758013071296706
16.68,0.048991380578499874
16.684,0.06403262082519229
16.688,0.058637814264717786
16.692,0.08530320285591425
16.696,0.10902296098226298
16.7,0.08704404678598289
16.704,0.0717897146992813
16.708000000000002,0.08088971414158799
16.712,0.11767742207624572
16.716,0.1589771354930238
16.72,0.1359848718409304
16.724,0.13003961602536512
16.728,0.16483281498599264
16.732,0.14104025302608725
16.736,0.14402248660638636
16.740000000000002,0.1440525482252633
16.744,0.21792093079648403
16.748,0.12616247842370448
16.752,0.21173138909951245
16.756,0.18724875962633425
16.76,0.20352658052676043
16.764,0.2709932396072869
16.768,0.2177637314329144
16.772000000000002,0.2205529746866238
16.776,0.24095248996093985
16.78,0.2689194686629827
16.784,0.26168205452173476
16.788,0.2394285675366039
16.792,0.2580723296920996
16.796,0.3173241322695336
16.8,0.3003850472836378
16.804000000000002,0.32278406209709803
16.808,0.30984723599605907
16.812,0.2996697417092156
16.816,0.36251261765092846
16.82,0.3279244553434764
16.824,0.3333265651491503
16.828,0.3753905340185678
16.832,0.32824616285227126
16.836000000000002,0.3341591965395474
16.84,0.3593158029419671
16.844,0.3683982777776368
16.848,0.3754887709899775
16.852,0.41603771695428415
16.856,0.3706406472216538
16.86,0.307885758494453
16.864,0.3792041223964422
16.868000000000002,0.36632927624565076
16.872,0.35438216436766073
16.876,0.3506644641928089
16.88,0.3413625899371603
16.884,0.33685757673978267
16.888,0.34035207896708514
16.892,0.29225527549742986
16.896,0.2667618573095968
16.9,0.357786978147219
16.904,0.2554689445618745
16.908,0.25882352253688395
16.912,0.19690424261273698
16.916,0.22016493257950584
16.92,0.18506484894699574
16.924,0.1889384120466131
16.928,0.21044120560791796
16.932,0.17625227624725498
16.936,0.1644406245242726
16.94,0.10042302105172349
16.944,0.1859225416252729
16.948,0.09843286826228077
16.952,0.1505959957921552
16.956,0.12770746322378257
16.96,0.11499256366127483
16.964,0.07824445913232021
16.968,0.09520313920163932
16.972,0.067135201090518
16.976,0.07253824896870358
16.98,0.06686162645422213
16.984,0.02391467248156321
16.988,0.09719207828793594
16.992,0.05657110170594661
16.996,0.040022742650895615
17.0,0.03727753618748883
17.004,0.05556232655126202
17.008,0.008372326083569016
17.012,-0.044123872957668654
17.016000000000002,0.023329215393520904
17.02,0.06513242976111362
17.024,0.1284816296774402
17.028,0.2223467229538594
17.032,0.4006721359129934
17.036,0.5327140436862746
17.04,0.7237148282623346
17.044,0.8960248228834822
17.048000000000002,1.0639888035516376
17.052,1.1141088120439109
17.056,1.1433995385009026
17.06,1.1833622971145414
17.064,1.065028628135985
17.068,0.9287769925701654
17.072,0.734925355659386
17.076,0.5408268193887525
17.080000000000002,0.32262854443750255
17.084,0.24275663193907937
17.088,0.09616945050863632
17.092,-0.017725461477056316
17.096,-0.06955375373990502
17.1,-0.05823266182638999
17.104,-0.10149622037895176
17.108,-0.057724202636523975
17.112000000000002,-0.052466715718222666
17.116,0.041899564335310044
17.12,0.04400028283687423
17.124,-0.01391557739655673
17.128,0.01002529164874364
17.132,0.04341070272949675
17.136,0.03692634385333263
17.14,0.0247397089313776
17.144000000000002,0.11534183356963396
17.148,0.07558234530908557
17.152,0.07601542706603207
17.156,0.048366431511436735
17.16,0.09343583092527703
17.164,0.07590234422580036
17.168,0.08081085693441939
17.172,0.10111748911091711
17.176000000000002,0.04828453757383314
17.18,0.14033540484653542
17.184,0.11671598256880941
17.188,0.14838268914646763
17.192,0.08913746038929334
17.196,0.09780535740178815
17.2,0.10489369064057796
17.204,0.1535461517718149
17.208000000000002,0.15466847791539806
17.212,0.1425077993550634
17.216,0.13495287059135597
17.22,0.1428932183908287
17.224,0.1877454265481412
17.228,0.1839398395461547
17.232,0.18025732956336338
17.236,0.2427970196838974
17.240000000000002,0.21666145703758052
17.244,0.26502461125984267
17.248,0.22652945132802363
17.252,0.24758160763892925
17.256,0.24641196026986162
17.26,0.21942112109124456
17.264,0.3114577086597521
17.268,0.2781870877599228
17.272000000000002,0.3009798049595603
17.276,0.2689557497522305
17.28,0.2967696392034952
17.284,0.2921654972108726
17.288,0.34960525595540776
17.292,0.3262826042360105
17.296,0.3321144807359831
17.3,0.3689567590443393
17.304000000000002,0.37565610093508484
17.308,0.36934572840432667
17.312,0.31276754998974754
17.316,0.333281316692675
17.32,0.3350799082319467
17.324,0.3869771229788672
17.328,0.3727352902368303
17.332,0.32731595776350025
17.336000000000002,0.35450720520628676
17.34,0.3254501957897601
17.344,0.36350568432579183
17.348,0.3159976867010973
17.352,0.3566683615773054
17.356,0.3422647595604144
17.36,0.37628008518792333
17.364,0.34418295170848734
17.368000000000002,0.29773755579925265
17.372,0.30821620668605926
17.376,0.23637466115419298
17.38,0.2381488140199286
17.384,0.26112464215263925
17.388,0.1814569167673663
17.392,0.21235498853815163
17.396,0.1708361835498763
17.400000000000002,0.19029254589961825
17.404,0.1528331947336894
17.408,0.1752087424905205
17.412,0.14579795707859905
17.416,0.16670690234517185
17.42,0.12694441272276624
17.424,0.10343974401527302
17.428,0.10525522816096988
17.432,0.06246179692010763
17.436,0.09643520345115664
17.44,0.099781662509315
17.444,0.14612612586171403
17.448,0.060889827249657705
17.452,0.057436834833878396
17.456,0.04281209912956137
17.46,0.06393627463277868
17.464,0.06993497260848774
17.468,0.05282334335534534
17.472,0.06906444903910447
17.476,0.016321543915338202
17.48,0.050104048861370556
17.484,0.030261625068947588
17.488,0.005119889325263749
17.492,0.0002325565255574518
17.496,0.11084273218915855
17.5,0.12390755088996694
17.504,0.2885524913129353
17.508,0.4218650277471683
17.512,0.6535686620792451
17.516000000000002,0.8008713470772099
17.52,0.9203757156416424
17.524,1.07525951128341
17.528,1.1395787316682449
17.532,1.1298972634505873
17.536,1.1163330269804321
17.54,1.0129142290172868
17.544,0.8680670431955957
17.548000000000002,0.682705999456757
17.552,0.4990345116988239
17.556,0.31080046268483336
17.56,0.15535270568776097
17.564,0.022571524127624757
17.568,-0.0010825411743494925
17.572,-0.1171490027324652
17.576,-0.09076192385272644
17.580000000000002,-0.09070392158480145
17.584,-0.009320450886126028
17.588,-0.05237969109708198
17.592,-0.0328158594761595
17.596,-0.023845798284426352
17.6,0.025931847273829314
17.604,-0.00308401881460902
17.608,0.022188288080360715
17.612000000000002,-0.023030044110539046
17.616,0.03768911707254762
17.62,0.027826922363143602
17.624,0.011897689472634615
17.628,0.07735090897821453
17.632,0.014042357172766876
17.636,0.06836734629294308
17.64,0.04084121689073354
17.644000000000002,0.10866766653031146
17.648,0.09008664517663904
17.652,0.04434065981506444
17.656,0.05003201391251513
17.66,0.09974804457449009
17.664,0.09004392662541787
17.668,0.0968114909322078
17.672,0.1327410156363664
17.676000000000002,0.08728792627214498
17.68,0.12153029865293735
17.684,0.1566198415642696
17.688,0.15883869344069343
17.692,0.13580920278616118
17.696,0.13881185426675827
17.7,0.11682134212438236
17.704,0.14824096192558184
17.708000000000002,0.18913419503616571
17.712,0.1794014833756577
17.716,0.19124874696547725
17.72,0.2297125125615241
17.724,0.18831190228047376
17.728,0.21834613795079627
17.732,0.23020273253534718
17.736,0.21382187642174708
17.740000000000002,0.28085899722006613
17.744,0.2812447976368337
17.748,0.2711653319530622
17.752,0.3090875581040834
17.756,0.23176843477990428
17.76,0.2817610603806661
17.764,0.30364297106987664
17.768,0.2760723170188029
17.772000000000002,0.3058173446658999
17.776,0.2746195816050194
17.78,0.33110921566375523
17.784,0.3514643544973398
17.788,0.33462558307955653
17.792,0.27881223093724933
17.796,0.30240147769438885
17.8,0.3491121396821922
17.804000000000002,0.34288699431487485
17.808,0.2732672990590833
17.812,0.36371435028967675
17.816,0.3314773358901047
17.82,0.3093130620567551
17.824,0.35476555300317875
17.828,0.30353314643489243
17.832,0.28736995655714026
17.836000000000002,0.3010141771853557
17.84,0.33056475238164207
17.844,0.31940786057577614
17.848,0.27170503783874833
17.852,0.25252000653877676
17.856,0.24333674922193116
17.86,0.1823069881685005
17.864,0.21995663791397232
17.868000000000002,0.16788955297387836
17.872,0.1720605461673229
17.876,0.14164545386403832
17.88,0.1516122878549942
17.884,0.13451015745502076
17.888,0.040110554696897366
17.892,0.10273767775961364
17.896,0.10135614832427625
17.900000000000002,0.09219687254827919
17.904,0.07502717195292978
17.908,0.108061767590881
17.912,0.06004746614909663
17.916,0.053998608837236305
17.92,0.06846452915194678
17.924,0.051284211167390674
17.928,0.012286482065502126
17.932,-0.03806793360248566
17.936,0.004458342905305708
17.94,0.037109678680158575
17.944,0.010793437138638012
17.948,0.03202216979808308
17.952,0.00021517832459445494
17.956,0.013886728624409886
17.96,-0.03481454805317728
17.964,-0.01887815042073506
17.968,-0.00840478969174702
17.972,0.05767559812375937
17.976,0.06955204282323069
17.98,0.24440939885444873
17.984,0.4515446195209735
17.988,0.6486790768075079
17.992,0.7863708174319253
17.996,0.9276765833415612
18.0,1.0808895851858775
18.004,1.1617619500820493
18.008,1.1426869916270668
18.012,1.1045483332612933
18.016000000000002,1.0170262030027228
18.02,0.8867022843221055
18.024,0.6793511862720396
18.028,0.46436303602865026
18.032,0.2682712189897386
18.036,0.12062132645976474
18.04,-0.0135584125451799
18.044,-0.08057419745364013
18.048000000000002,-0.15374103934561517
18.052,-0.10910701857579294
18.056,-0.15785345010991644
18.06,-0.10964614686541148
18.064,-0.06421637116719901
18.068,0.0038138412069962588
18.072,-0.04634026484838602
18.076,-0.042772915556677255
18.080000000000002,-0.026463819111205683
18.084,0.039593742147269614
18.088,-0.07065768873736471
18.092,-0.029347873951689654
18.096,0.0648306751553723
18.1,0.020162673901438395
18.104,-0.013171767012930796
18.108,0.014930748802729358
18.112000000000002,0.014618655317081756
18.116,0.03625470677889539
18.12,0.07149628141455684
18.124,0.045988319715625434
18.128,0.026022213005191266
18.132,0.05792622109705173
18.136,0.024760272410448134
18.14,0.028592614622833013
18.144000000000002,0.02298470834754663
18.148,0.03285862288030703
18.152,0.05002339288711226
18.156,0.048607345287240304
18.16,0.0996574916282977
18.164,0.0758577523606091
18.168,0.03358992516361593
18.172,0.0877203541605529
18.176000000000002,0.10866321098692601
18.18,0.11993881307196574
18.184,0.187720577067372
18.188,0.1411599508228705
18.192,0.1803601962199651
18.196,0.16447316360456996
18.2,0.17823810483914504
18.204,0.1725662993446528
18.208000000000002,0.19801689299189415
18.212,0.1812519180442485
18.216,0.21009824660299592
18.22,0.2129751559408143
18.224,0.2079645638769897
18.228,0.26084930731539574
18.232,0.24598103558022483
18.236,0.22790862399286818
18.240000000000002,0.2541150535160574
18.244,0.25944669529737635
18.248,0.24274293909232025
18.252,0.26393408567164023
18.256,0.2489832774426849
18.26,0.25082126718806436
18.264,0.24349711971772717
18.268,0.276475302213062
18.272000000000002,0.2956848908181905
18.276,0.26456730596067446
18.28,0.3526291246761015
18.284,0.31867228006227916
18.288,0.3272738637611689
18.292,0.3067689728049207
18.296,0.329129096882383
18.3,0.2656386990398453
18.304000000000002,0.2224032913932198
18.308,0.2670255491962795
18.312,0.27752480202852864
18.316,0.2561457591240525
18.32,0.2545058594306274
18.324,0.2745976995644092
18.328,0.2360404664851846
18.332,0.22553082399608332
18.336000000000002,0.16525157516529054
18.34,0.1518922115629319
18.344,0.20986828067146085
18.348,0.15432244189100086
18.352,0.11377851754709332
18.356,0.09660143472676974
18.36,0.08708307163010663
18.364,0.07741066837474164
18.368000000000002,0.04774616296086152
18.372,0.02295508951140416
18.376,0.04197061573668971
18.38,0.02716848140694458
18.384,0.06568768166913927
18.388,0.03431098813498402
18.392,0.018522359117910087
18.396,-0.016155344943305134
18.400000000000002,-0.0014844700786563285
18.404,0.010328161099500362
18.408,0.01167379506752363
18.412,-0.020443138233481165
18.416,0.0023986162773145837
18.42,-0.02250130340260268
18.424,-0.0005962863731291887
18.428,-0.038112117775836715
18.432000000000002,-0.0820510722553164
18.436,-0.03796630935477844
18.44,-0.030258287250046843
18.444,-0.04168696085947406
18.448,-0.06086657269529278
18.452,-0.08922283814756825
18.456,-0.0778493506447683
18.46,0.02809857486144559
18.464,0.1432010774063564
18.468,0.26806375698357
18.472,0.4782280586394356
18.476,0.6074976915796261
18.48,0.7908486758174602
18.484,0.9956284737214883
18.488,1.076874447241795
18.492,1.0887365276520728
18.496,1.0918001989546608
18.5,1.0221844704430203
18.504,0.8291235837135409
18.508,0.705897192318473
18.512,0.530460942648202
18.516000000000002,0.32799275954500157
18.52,0.17215150408807278
18.524,0.054419849463667125
18.528,-0.08920961026894772
18.532,-0.1774650059659026
18.536,-0.17021042700216796
18.54,-0.17775438457046588
18.544,-0.14794512936983045
18.548000000000002,-0.12719553271948297
18.552,-0.0454630434605204
18.556,-0.1390001324333337
18.56,-0.07198810126495456
18.564,-0.04659339219890361
18.568,-0.06160733264934115
18.572,-0.022098907113954527
18.576,-0.022922050778374267
18.580000000000002,-0.035579139531860565
18.584,-0.03227953300380881
18.588,-0.027139187331523082
18.592,-0.030390146557582653
18.596,-0.027974694820354733
18.6,-0.020741716867196405
18.604,0.0005884213682819566
18.608,0.015894316332663885
18.612000000000002,-0.035419993040855635
18.616,-0.02742153135728846
18.62,-0.03311126504270537
18.624,0.04437695920099825
18.628,0.033556359265631115
18.632,0.039978784031622715
18.636,-0.0031407652867411068
18.64,0.0906645578849706
18.644000000000002,0.044549905330668244
18.648,0.07008032713530454
18.652,0.08869415608721412
18.656,0.04918803865161292
18.66,0.07477538513980198
18.664,0.10759978583641702
18.668,0.18143082094892005
18.672,0.11954879812930752
18.676000000000002,0.15906055464836175
18.68,0.16374375024489285
18.684,0.15739027561109087
18.688,0.13000618531264221
18.692,0.1827056360406604
18.696,0.12487611302006879
18.7,0.2160911973447435
18.704,0.1945238666827733
18.708000000000002,0.1285345377076089
18.712,0.18635968554342258
18.716,0.21586575388746104
18.72,0.20581647518292617
18.724,0.24154704267232238
18.728,0.20618292543485725
18.732,0.1934019115971465
18.736,0.2274951824745535
18.740000000000002,0.24092399409094378
18.744,0.2420035778943145
18.748,0.28378333964927244
18.752,0.22900668757399606
18.756,0.259702138634393
18.76,0.26255380426547575
18.764,0.23029021771953678
18.768,0.2359425591571106
18.772000000000002,0.26315420410596047
18.776,0.3101549200840201
18.78,0.27957694296869257
18.784,0.2251134223633462
18.788,0.18435023643416928
18.792,0.26793624711329533
18.796,0.23805615975944205
18.8,0.26622235571284764
18.804000000000002,0.21145142356814128
18.808,0.22877053086805452
18.812,0.22164082482055186
18.816,0.17362644930559346
18.82,0.16556503032761752
18.824,0.16767263303137833
18.828,0.16320131543933777
18.832,0.12688376130745777
18.836000000000002,0.13418192514952393
18.84,0.08906757523800284
18.844,0.05867095761152374
18.848,0.12530712549063844
18.852,0.04062732168226608
18.856,0.027075403715479958
18.86,0.03392575277185817
18.864,0.03240841492632515
18.868000000000002,0.009202700189607949
18.872,0.0025461901830080187
18.876,-0.008218688697471518
18.88,-0.0044151228210216435
18.884,-0.06857718967697463
18.888,0.029293171180525057
18.892,-0.03377474363999637
18.896,-0.022514790136668635
18.900000000000002,-0.07001881844949498
18.904,-0.04539135267336756
18.908,-0.055937024699275535
18.912,-0.012573137550396504
18.916,-0.06972146821287016
18.92,-0.035774039537768296
18.924,-0.0741546314124666
18.928,-0.08434058463473293
18.932000000000002,-0.09962882558408069
18.936,-0.06716099717357177
18.94,-0.11888123651395407
18.944,-0.03661797759820075
18.948,0.05400834833046631
18.952,0.21746505143647515
18.956,0.39666878235209785
18.96,0.5643145565289989
18.964,0.7644899871165525
18.968,0.8775751317382892
18.972,1.003012581576175
18.976,1.1117343467655814
18.98,1.092827069034338
18.984,1.026944492657787
18.988,0.873498879404128
18.992,0.6892233290640056
18.996,0.5084242421393321
19.0,0.34819250087989195
19.004,0.19768291925817227
19.008,0.047329987329218975
19.012,-0.0757284706417693
19.016000000000002,-0.17875204061699365
19.02,-0.18218547763352802
19.024,-0.1840514328157928
19.028,-0.1642249988925773
19.032,-0.08893477465821753
19.036,-0.16002768145899254
19.04,-0.09458981790065503
19.044,-0.03689598734106524
19.048000000000002,-0.09524228519778553
19.052,-0.07458998908777083
19.056,-0.06893962150494892
19.06,-0.051728660678421856
19.064,-0.07688570431360739
19.068,-0.020851423508208775
19.072,-0.02252249370983834
19.076,-0.024776078459348934
19.080000000000002,-0.049354777113531326
19.084,-0.015210533748576227
19.088,-0.037177742180345946
19.092,-0.024844592563407993
19.096,0.040703027582862136
19.1,0.0009038969292673282
19.104,-0.019168145711735723
19.108,0.01951118385117846
19.112000000000002,-0.018829393869572008
19.116,-0.009829732161818098
19.12,0.0075129124317767915
19.124,0.03614014381162303
19.128,0.07678233008238537
19.132,0.06931758073876111
19.136,0.0745386857054842
19.14,0.04868160455364894
19.144000000000002,0.07747386877877328
19.148,0.10489299987297802
19.152,0.08467403183916601
19.156,0.1006166870382799
19.16,0.1336736426198961
19.164,0.12892096940392983
19.168,0.15029665991698457
19.172,0.1864400468730715
19.176000000000002,0.1489798613319562
19.18,0.19706710747539943
19.184,0.1956105178138926
19.188,0.15081214492162182
19.192,0.16062560289177744
19.196,0.17258164930137743
19.2,0.18485988543655307
19.204,0.21646818855736888
19.208000000000002,0.2383958607291481
19.212,0.253548227792591
19.216,0.23360952004571342
19.22,0.2261178207622784
19.224,0.19629416095819116
19.228,0.2530464216882829
19.232,0.24968657143075149
19.236,0.25590993568306425
19.240000000000002,0.3137689747873711
19.244,0.3014139880208491
19.248,0.29082859594246574
19.252,0.2423571978214226
19.256,0.2528049220352516
19.26,0.26936090685090214
19.264,0.25730260793564586
19.268,0.2849920763554101
19.272000000000002,0.27093520658473363
19.276,0.22774387562816178
19.28,0.28418792622597266
19.284,0.2546327964356774
19.288,0.19730822810346
19.292,0.22146906571802083
19.296,0.21564214174073795
19.3,0.22561930516443957
19.304000000000002,0.18469654216326473
19.308,0.19715097758114436
19.312,0.15918203377796988
19.316,0.10439163462053822
19.32,0.09260276185850475
19.324,0.14702813041470228
19.328,0.1324075246540865
19.332,0.08984736314755314
19.336000000000002,0.10402120805737106
19.34,0.08658093920566162
19.344,0.07164341981365802
19.348,0.01914501980726763
19.352,0.06858867462753211
19.356,0.027813122587544023
19.36,0.0025665002026534576
19.364,-0.005915227407447356
19.368000000000002,0.008623749174019998
19.372,-0.05236921024588312
19.376,-0.00041384458198175794
19.38,-0.04061057537340061
19.384,-0.005849545291470271
19.388,-0.03389273026527464
19.392,-0.03762990328769566
19.396,-0.054958387244455176
19.400000000000002,-0.03743640764769161
19.404,0.015059828404061025
19.408,-0.0073308937636949595
19.412,-0.05195439433336753
19.416,-0.07730901228660558
19.42,-0.05679448306420653
19.424,-0.029313053942987857
19.428,-0.028539533213253896
19.432000000000002,0.08121729465103483
19.436,0.17631526961933744
19.44,0.4260784330157023
19.444,0.6375731913575038
19.448,0.7623734581001307
19.452,0.8552196002450091
19.456,1.040016572962905
19.46,1.0770148664779358
19.464,1.0990494590861601
19.468,1.0775349848673494
19.472,0.9520945766067337
19.476,0.7762414858734971
19.48,0.5936070470496172
19.484,0.4248220014668106
19.488,0.2253855733673477
19.492,0.04368100811465483
19.496,-0.05812404919679865
19.5,-0.11205160058821181
19.504,-0.15571751470282783
19.508,-0.1934227000369312
19.512,-0.12438060695936826
19.516000000000002,-0.194027721862373
19.52,-0.1040827157528035
19.524,-0.07962098066818964
19.528,-0.04514502434524295
19.532,-0.029738174448510207
19.536,-0.00965504479564526
19.54,-0.04430214359498075
19.544,-0.0018204902914627404
19.548000000000002,-0.010010518707610813
19.552,-0.061081303337374465
19.556,0.030847008404695078
19.56,-0.04287375803577829
19.564,0.013646649803518927
19.568,0.01541309994943085
19.572,0.010528197158329913
19.576,-0.005528345703112279
19.580000000000002,0.03896051986772843
19.584,-0.008924764260685274
19.588,0.032720875607385534
19.592,0.020038720075768672
19.596,0.022200846566831935
19.6,0.06308127193748236
19.604,0.09286129894937388
19.608,0.06333410916102705
19.612000000000002,0.0928441173986467
19.616,0.08112495321539581
19.62,0.07224312148591364
19.624,0.10299911099651571
19.628,0.10913095461923471
19.632,0.10162755291891713
19.636,0.13714251623912932
19.64,0.14761053078329078
19.644000000000002,0.11728717459935578
19.648,0.12313651132130199
19.652,0.17744104101179273
19.656,0.15357207069707526
19.66,0.19633721910036986
19.664,0.22291991613234113
19.668,0.17809413577849748
19.672,0.17589902476712976
19.676000000000002,0.25894621289208564
19.68,0.239354098955984
19.684,0.23325759970878976
19.688,0.22537865246289873
19.692,0.23579403621742695
19.696,0.22322187706607585
19.7,0.28713523156874304
19.704,0.25745597626045913
19.708000000000002,0.30792052904901934
19.712,0.26916462545027786
19.716,0.256313371927944
19.72,0.2825477470934538
19.724,0.23805288025044324
19.728,0.3027616188940161
19.732,0.298226866269989
19.736,0.32399047831904687
19.740000000000002,0.2641657149826216
19.744,0.3473396599902396
19.748,0.33675395543415093
19.752,0.33932746714347317
19.756,0.3019568245076807
19.76,0.330245016644544
19.764,0.26816616782428615
19.768,0.31334710523894665
19.772000000000002,0.260383127015652
19.776,0.22591472913314353
19.78,0.23317091540155122
19.784,0.25430951021042697
19.788,0.21760250254344984
19.792,0.22603547041568067
19.796,0.1542287166972487
19.8,0.136695521885343
19.804000000000002,0.21461209532357772
19.808,0.1856544386287856
19.812,0.115121044674421
19.816,0.12502367616200258
19.82,0.14292757312284982
19.824,0.12106904625301798
19.828,0.10042975705244646
19.832,0.10626939757799551
19.836000000000002,0.04857382516144648
19.84,0.06435255625041521
19.844,0.060718723827655106
19.848,0.04486555560165754
19.852,0.02834453025588926
19.856,0.0318910170596866
19.86,0.031437686749036374
19.864,0.0054638370226050455
19.868000000000002,0.04547479425060173
19.872,-0.009587155838537538
19.876,0.0041055868130168895
19.88,0.005155618880419386
19.884,0.024409914857247007
19.888,-0.04355550880870842
19.892,0.017987145614890846
19.896,-0.03443047875611413
19.900000000000002,0.0043296018163681005
19.904,-0.043076138770272845
19.908,-0.02726156897958493
19.912,0.05730905729913214
19.916,0.09052888149061805
19.92,0.27240548574127565
19.924,0.42284830859470185
19.928,0.6230599447336547
19.932000000000002,0.799603344066178
19.936,0.9909032190067417
19.94,1.0979556950339082
19.944,1.1868229838562208
19.948,1.223451583659289
19.952,1.1991299212466282
19.956,1.0896302797857158
19.96,0.9659070044388173
19.964000000000002,0.7969116372972885
19.968,0.5316751676577104
19.972,0.32937376718246614
19.976,0.1321183887506478
19.98,0.08480066031671205
19.984,-0.04745134425817195
19.988,-0.0958388372810339
19.992,-0.16202157427743816
19.996,-0.11870116969553578
20.0,-0.07462309944081498
20.004,-0.05879129336790198
20.008,-0.001489023768417863
20.012,0.04286838457371214
20.016000000000002,-0.026225103284355053
20.02,-0.012559071321084504
20.024,0.003468910787568176
20.028,0.06835981969391867
20.032,0.05139907446964018
20.036,0.023750098519577094
20.04,0.0378282533121537
20.044,0.026515683222161326
20.048000000000002,0.0716167374938561
20.052,0.03777254547102665
20.056,0.043905363108921236
20.06,0.07702119199217723
20.064,0.0688746536747914
20.068,0.07197124903079931
20.072,0.07789241721656132
20.076,0.10255244377653083
20.080000000000002,0.1371364343891076
20.084,0.12428702852039716
20.088,0.13587984343093973
20.092,0.11241412153753216
20.096,0.1065214209215423
20.1,0.15555045084808874
20.104,0.15872823402204844
20.108,0.12646887103432566
20.112000000000002,0.1567338953885682
20.116,0.17078188016600335
20.12,0.1759937600439517
20.124,0.24174465255962307
20.128,0.2247482898480701
20.132,0.25019319455566336
20.136,0.2303104542284177
20.14,0.2413225698270629
20.144000000000002,0.23119228424360744
20.148,0.2620362269042464
20.152,0.26396169626705024
20.156,0.23581525378539478
20.16,0.27028590058352353
20.164,0.28896675124097876
20.168,0.31223193002182054
20.172,0.31283042889294904
20.176000000000002,0.2904502442615957
20.18,0.3276804810963866
20.184,0.32178835417001633
20.188,0.2565155458757115
20.192,0.31262506529590195
20.196,0.35255615982743327
20.2,0.291780654676956
20.204,0.34445260620001683
20.208000000000002,0.38080222629106475
20.212,0.3164723312152219
20.216,0.33442358199756306
20.22,0.3082530840827281
20.224,0.3877411476826416
20.228,0.3430092506703559
20.232,0.33909390734570083
20.236,0.3691156195463759
20.240000000000002,0.3565526579279169
20.244,0.3223269243369321
20.248,0.3236849180688495
20.252,0.3422308048067347
20.256,0.3082174152200996
20.26,0.2717301616824059
20.264,0.3230756333854249
20.268,0.2781056625729737
20.272000000000002,0.3401682229827862
20.276,0.29253867693346225
20.28,0.26062299125502
20.284,0.25990650376797203
20.288,0.21549275208654944
20.292,0.2150110246418805
20.296,0.25202874279215925
20.3,0.2741098926510362
20.304000000000002,0.22806647492429313
20.308,0.19141423653826126
20.312,0.16214781542315074
20.316,0.13360854485361143
20.32,0.20208985687916614
20.324,0.13968224663543688
20.328,0.18402586776071872
20.332,0.14870176071368163
20.336000000000002,0.058839150396713835
20.34,0.08298337719426704
20.344,0.08104872184483086
20.348,0.08686579177039803
20.352,0.07434647994870026
20.356,0.14334642859219365
20.36,0.04263880169293867
20.364,0.07701665693297768
20.368000000000002,0.08107637960751278
20.372,0.055604407265516166
20.376,0.05369416028369398
20.38,0.02840964111206308
20.384,0.061123197999894914
20.388,0.06740147994884897
20.392,0.05354666014203139
20.396,0.05336710573464095
20.400000000000002,0.07253077390859806
20.404,0.0547772282490885
20.408,0.019173414626414184
20.412,-0.020701992525293568
20.416,0.015000185472468135
20.42,0.093221998188939
20.424,0.21856910990970946
20.428,0.3445289683371097
20.432000000000002,0.4962991215884413
20.436,0.6645395863782826
20.44,0.8254212780099452
20.444,1.0082271725097194
20.448,1.077821438547364
20.452,1.1342015650637733
20.456,1.1404604740163773
20.46,1.0564618378382604
20.464000000000002,0.985767973518138
20.468,0.8329531678288701
20.472,0.6109624517536564
20.476,0.4250963630248258
20.48,0.2832874044926739
20.484,0.11537827746819883
20.488,0.007938424067028653
20.492,-0.012032742233091174
20.496,-0.04753073106642819
20.5,-0.04655247609406449
20.504,-0.013554164721234694
20.508,-0.062379415177227546
20.512,0.03920207912191591
20.516000000000002,0.03385064217100807
20.52,0.0703524780326192
20.524,0.07095257146180159
20.528,0.06735511390784524
20.532,0.05716396662068287
20.536,0.07498006788252806
20.54,0.06727091021550001
20.544,0.10601138705258237
20.548000000000002,0.04618655067694874
20.552,0.06922404406825709
20.556,0.13596979134941017
20.56,0.07948651107047722
20.564,0.09979101413675512
20.568,0.08676599452719637
20.572,0.11576968081752283
20.576,0.09273104029894062
20.580000000000002,0.11849483125114797
20.584,0.156698522785926
20.588,0.12280152390021465
20.592,0.1602339436039819
20.596,0.16651082984920343
20.6,0.18594869837554703
20.604,0.1769842615878695
20.608,0.2607636488410851
20.612000000000002,0.20770627101901917
20.616,0.19614089912737798
20.62,0.18083978154292157
20.624,0.21515036849890457
20.628,0.2602694081110159
20.632,0.26955206627648665
20.636,0.27085057545162955
20.64,0.26845073045756557
20.644000000000002,0.23228569549103256
20.648,0.28272126678057874
20.652,0.24136438997585674
20.656,0.24178612335273203
20.66,0.2992358418874956
20.664,0.3204333499048501
20.668,0.335954269842127
20.672,0.32674480456792127
20.676000000000002,0.3332309853465906
20.68,0.3086416403098104
20.684,0.3437544023418019
20.688,0.3137324566946258
20.692,0.3012630773778959
20.696,0.3744221160761758
20.7,0.3492225113152276
20.704,0.40163983114576096
20.708000000000002,0.4109704828973095
20.712,0.3657740319526244
20.716,0.3981906824679981
20.72,0.3761308796456545
20.724,0.3547542284181209
20.728,0.40320245966388624
20.732,0.3814120376424123
20.736,0.378712411731331
20.740000000000002,0.4420072053344662
20.744,0.35581219749895354
20.748,0.3953799117923789
20.752,0.34633359517250667
20.756,0.382665611542175
20.76,0.36265806366210185
20.764,0.3586681020385717
20.768,0.31059891389982086
20.772000000000002,0.29439191569990303
20.776,0.32027282461956236
20.78,0.33241681556669855
20.784,0.2910485441273352
20.788,0.239667794709546
20.792,0.24901469709996624
20.796,0.28495721780002436
20.8,0.21900172851162597
20.804000000000002,0.24582012707285558
20.808,0.17645062462108313
20.812,0.17550200341640093
20.816,0.17931751360237327
20.82,0.16972595891804054
20.824,0.13738321130664993
20.828,0.12592363452461316
20.832,0.15632772189568017
20.836000000000002,0.15241113057839561
20.84,0.1599358506114997
20.844,0.1673182033311201
20.848,0.11832708363082124
20.852,0.09556111698747186
20.856,0.13085289610500325
20.86,0.11692999018046396
20.864,0.07667737269802972
20.868000000000002,0.06897928502670068
20.872,0.0937084466290233
20.876,0.06473177443081844
20.88,0.060643806392687204
20.884,0.08179854139797989
20.888,0.07290401691002234
20.892,0.11001663536358156
20.896,0.09765742078449265
20.900000000000002,0.27366627048401926
20.904,0.4418673194743554
20.908,0.5556925331013731
20.912,0.7447552303735732
20.916,0.898992807961722
20.92,1.0592629182048248
20.924,1.1964575933985222
20.928,1.242713606360468
20.932000000000002,1.1443436762746362
20.936,1.0969137674608505
20.94,0.9740714107410974
20.944,0.8094687208496877
20.948,0.6227520281883983
20.952,0.428924251359358
20.956,0.29516734862015503
20.96,0.1520739601479977
20.964000000000002,0.009296317125530904
20.968,-0.0003315888862470001
20.972,-0.02372678251887701
20.976,-0.03370014319876931
20.98,0.013478202373796119
20.984,0.021501754143643963
20.988,0.04383215420742316
20.992,0.05409728041999905
20.996,0.012256497920552688
21.0,0.07569312104027791
21.004,0.07287776641935821
21.008,0.062118886458497447
21.012,0.1240990160778575
21.016000000000002,0.10192195141068706
21.02,0.09756496987761816
21.024,0.0933791249771485
21.028,0.1164727856200183
21.032,0.13085133554358636
21.036,0.08758168174142468
21.04,0.11854257444195823
21.044,0.1511111850895549
21.048000000000002,0.08421346246787968
21.052,0.12985033191831116
21.056,0.12445242941857959
21.06,0.1439615688859679
21.064,0.14722361530083927
21.068,0.16809980732905921
21.072,0.21308051169239575
21.076,0.16238780874133027
21.080000000000002,0.19143056952486134
21.084,0.24790297813605522
21.088,0.19051032949557709
21.092,0.2511641709229594
21.096,0.21249011761346934
21.1,0.2714628771056843
21.104,0.26030355181814857
21.108,0.2560093058447925
21.112000000000002,0.24859787074439607
21.116,0.24137943597885364
21.12,0.27342983317373754
21.124,0.30841978435203515
21.128,0.29209269792705
21.132,0.28591492484401704
21.136,0.2936784359512392
21.14,0.338587153899183
21.144000000000002,0.35805011632320993
21.148,0.31631905998629795
21.152,0.3168026215039837
21.156,0.34820953982656894
21.16,0.38981693791974276
21.164,0.3929760709239166
21.168,0.33761019725983404
21.172,0.36173795380073787
21.176000000000002,0.3490490562183512
21.18,0.37707377020916183
21.184,0.4348058647603158
21.188,0.36154529724918055
21.192,0.3534100198816871
21.196,0.37389597502966293
21.2,0.4093379735744594
21.204,0.42400263390756765
21.208000000000002,0.41651041817492307
21.212,0.4257174313012298
21.216,0.3463245537378745
21.22,0.4204788049186177
21.224,0.3817408830871724
21.228,0.3971653522437075
21.232,0.3287905440469417
21.236,0.3485416979601481
21.240000000000002,0.3475915566901807
21.244,0.3628846009114725
21.248,0.2780386718319818
21.252,0.2967339508154839
21.256,0.2517236503223415
21.26,0.28220940247118026
21.264,0.27986618275655145
21.268,0.27591944607940394
21.272000000000002,0.20927369727292527
21.276,0.23021306328194976
21.28,0.23401402873185917
21.284,0.15262001812625847
21.288,0.19561754801691414
21.292,0.186799574756494
21.296,0.14455489584915224
21.3,0.11758628770803806
21.304000000000002,0.16898747654710802
21.308,0.10578148839522686
21.312,0.11743097563941336
21.316,0.1124752186948014
21.32,0.1313953852801466
21.324,0.09839217360158416
21.328,0.09010650613722089
21.332,0.09843747775666341
21.336000000000002,0.11503197131819799
21.34,0.1486339193971533
21.344,0.05399027613996771
21.348,0.08890812622919919
21.352,0.03438481789639128
21.356,0.07086689231955279
21.36,0.020579712207978586
21.364,0.046976331858697276
21.368000000000002,0.0970436570472936
21.372,0.19686885544144325
21.376,0.3392117428353686
21.38,0.5109842196714394
21.384,0.6771074942292323
21.388,0.8085357345848025
21.392,0.9985788104060805
21.396,1.087422101934266
21.400000000000002,1.1865453674873123
21.404,1.1524202409959265
21.408,1.0759628507225767
21.412,1.001830912843535
21.416,0.8833982147119881
21.42,0.684158367474306
21.424,0.49591972767580794
21.428,0.30224596982510843
21.432000000000002,0.2121102062460362
21.436,0.028008898891893712
21.44,-0.030366991684514563
21.444,-0.026124584437063465
21.448,-0.09294423970297286
21.452,-0.006481438599168714
21.456,-0.0008108550717824629
21.46,0.03677457233187289
21.464000000000002,0.05519884801091959
21.468,0.050886883909288
21.472,0.03210610702631158
21.476,0.0600882862253667
21.48,0.04966269963368715
21.484,0.09542465938604502
21.488,0.1042858629946819
21.492,0.11693032654425485
21.496000000000002,0.09020783029596988
21.5,0.11305538985313113
21.504,0.09182525331600899
21.508,0.08903318218747282
21.512,0.11001748576882683
21.516000000000002,0.09090546148370283
21.52,0.11791280784241538
21.524,0.09561101782356761
21.528,0.10351433690547948
21.532,0.14032098377522687
21.536,0.1506924762065717
21.54,0.11618551851330201
21.544,0.17020806183868714
21.548000000000002,0.14515247988259355
21.552,0.1593169445194129
21.556,0.19989149684872037
21.56,0.19833494444982977
21.564,0.21192585555581217
21.568,0.24591415830202462
21.572,0.18202570966445278
21.576,0.18138024627355293
21.580000000000002,0.20233212349261914
21.584,0.22841441926322267
21.588,0.18242048318037618
21.592,0.23770416377530562
21.596,0.23570153156778456
21.6,0.2831472016300892
21.604,0.2865107227577785
21.608,0.26884284373841777
21.612000000000002,0.2997885912144614
21.616,0.3090651976581802
21.62,0.2854907676826257
21.624,0.3059896906642073
21.628,0.26829190905629363
21.632,0.29727056011346914
21.636,0.31131156704296536
21.64,0.3447631943473803
21.644000000000002,0.3320673630278298
21.648,0.34745225968053745
21.652,0.32894799581650186
21.656,0.3674836087576126
21.66,0.38467546049251505
21.664,0.3940778555209094
21.668,0.3854209616286196
21.672,0.34163015811074926
21.676000000000002,0.36324323478679593
21.68,0.3735551637598391
21.684,0.3770618013369472
21.688,0.3828717225304467
21.692,0.403912621610778
21.696,0.379037517879108
21.7,0.33076646584922664
21.704,0.3676160836743034
21.708000000000002,0.35261528728687364
21.712,0.29636073271075236
21.716,0.3215579914313656
21.72,0.28731862146931303
21.724,0.24659595132023185
21.728,0.27562029930870274
21.732,0.24717699378715338
21.736,0.2186438663848551
21.740000000000002,0.2142428370543459
21.744,0.18856723313904877
21.748,0.2059135640557892
21.752,0.16953560783682772
21.756,0.16039057876731713
21.76,0.15944937616432692
21.764,0.11674890690320731
21.768,0.11124952208197747
21.772000000000002,0.062234931479055136
21.776,0.12107255764087094
21.78,0.07468150138870985
21.784,0.10696497891112972
21.788,0.10429178299839403
21.792,0.09712045001381249
21.796,0.04440499301094677
21.8,0.07370570933477665
21.804000000000002,0.11834057103315501
21.808,0.11292861588557468
21.812,0.08269390352430142
21.816,0.057088174506453024
21.82,0.018198445330541706
21.824,0.052265078363541176
21.828,0.014864495478239682
21.832,0.02589973835030094
21.836000000000002,0.023760136570707857
21.84,0.11401779711994792
21.844,0.247648878353207
21.848,0.40476131224825423
21.852,0.5825378318716009
21.856,0.7354912170551567
21.86,0.8905346278144508
21.864,1.1098797290529396
21.868000000000002,1.2254556680927151
21.872,1.208519534593662
21.876,1.1416185910224432
21.88,1.079504512940317
21.884,0.9825177757138227
21.888,0.8276560662468563
21.892,0.5631840102456832
21.896,0.39466758441658917
21.900000000000002,0.23352297830807586
21.904,0.11431392434912915
21.908,-0.018212164663013584
21.912,-0.1134078042968512
21.916,-0.08170722058892772
21.92,-0.0573333735216586
21.924,-0.06040133339352089
21.928,-0.02371790418543604
21.932000000000002,-0.02776125194750241
21.936,-0.019302795776124447
21.94,0.04739843151326821
21.944,0.046543392919927526
21.948,0.05306464815860913
21.952,0.0755287996644067
21.956,0.012741611189271015
21.96,0.03404097778695485
21.964000000000002,0.06055828237272487
21.968,0.043588207102069634
21.972,0.07376741955741428
21.976,0.0511880764520155
21.98,0.04096645524531475
21.984,0.07767947240313258
21.988,0.0830198559270738
21.992,0.100342782167677
21.996000000000002,0.09025666290684944
22.0,0.10365876490085622
22.004,0.11219899401241162
22.008,0.10401391883341675
22.012,0.0908089069358371
22.016000000000002,0.1211297965451579
22.02,0.11896766304351468
22.024,0.18321144752925744
22.028,0.18056021456187443
22.032,0.16421667599485099
22.036,0.16430978625711334
22.04,0.16713698618730555
22.044,0.152402831473254
22.048000000000002,0.18529763942939081
22.052,0.19514902130582013
22.056,0.2051026817988609
22.06,0.22566043368836916
22.064,0.25138042914061065
22.068,0.21740563540035418
22.072,0.2189011228802469
22.076,0.2781330802235856
22.080000000000002,0.2746141739311437
22.084,0.2587305513989345
22.088,0.27075759511398456
22.092,0.2705879899712249
22.096,0.2781888766212242
22.1,0.3010041601364325
22.104,0.3640198432373462
22.108,0.3086482147574848
22.112000000000002,0.3185605761671976
22.116,0.26252130397877743
22.12,0.30286745934794446
22.124,0.3557506535142062
22.128,0.3369619692411611
22.132,0.2138632368820959
22.136,0.3416358779796494
22.14,0.38137665758416117
22.144000000000002,0.29162045603994047
22.148,0.37905186478439445
22.152,0.2656480671349533
22.156,0.3562106585649784
22.16,0.3371583658056524
22.164,0.2820151432992865
22.168,0.34607687058470776
22.172,0.3515408645009331
22.176000000000002,0.32309000748769856
22.18,0.3262086217734885
22.184,0.2974068657301093
22.188,0.24798159803308853
22.192,0.292472014363756
22.196,0.30333094672052513
22.2,0.27920029066056373
22.204,0.19193522460107104
22.208000000000002,0.18607851581296533
22.212,0.18001891416015248
22.216,0.14343873274895935
22.22,0.17456810123798858
22.224,0.17390952665688916
22.228,0.11161499405055722
22.232,0.14592448099358632
22.236,0.12631959521908942
22.240000000000002,0.0911293572488491
22.244,0.09495368809111356
22.248,0.03796713045212003
22.252,0.061859129807338736
22.256,0.05952622235801399
22.26,0.0614250037221277
22.264,0.06529203191715964
22.268,0.05334539577615291
22.272000000000002,0.027809915599062433
22.276,0.034206384407377055
22.28,0.05315629179094974
22.284,0.027273062831806895
22.288,0.031734217436110226
22.292,0.008758105615335205
22.296,-0.008269334889039812
22.3,0.022418521793198427
22.304000000000002,-0.005638984653866381
22.308,0.004749813619557778
22.312,-0.0256622573030262
22.316,-0.04774932729047564
22.32,-0.03822158223824217
22.324,0.00018981995207822955
22.328,0.052066145891510825
22.332,0.2249346122841141
22.336000000000002,0.3844307280796763
22.34,0.5900236411774684
22.344,0.7462507473380063
22.348,0.9734874085319447
22.352,1.046369308242143
22.356,1.1223815087817601
22.36,1.1581618333848323
22.364,1.1151100561756846
22.368000000000002,1.1026904683423921
22.372,0.9473058926256711
22.376,0.7447279472897856
22.38,0.5144602259627536
22.384,0.3923609174651832
22.388,0.1622590963404016
22.392,0.01903867000301031
22.396,-0.03577076716274764
22.400000000000002,-0.10193719524167051
22.404,-0.07380835081257775
22.408,-0.11534534560861044
22.412,-0.11517230844546392
22.416,-0.09529946902072836
22.42,-0.09550427175017243
22.424,-0.031062444547113148
22.428,0.016088367851361158
22.432000000000002,0.004484079607765982
22.436,-0.006183346369549278
22.44,-0.02164492567481246
22.444,0.018011967626966295
22.448,0.038653515384902234
22.452,0.020294774581050598
22.456,0.014986935957402485
22.46,0.00036677147345092614
22.464000000000002,0.051770623880693076
22.468,-0.04594555501869829
22.472,0.03966859379257314
22.476,0.09734073831774326
22.48,0.006615533585838454
22.484,0.04990578261795199
22.488,0.059843261475047094
22.492,0.048070985896511764
22.496000000000002,0.09037233907439424
22.5,0.0893346979384655
22.504,0.09472228740962065
22.508,0.11666256323315838
22.512,0.09837765586111173
22.516000000000002,0.18381447701064527
22.52,0.12257035812653859
22.524,0.1383241640067262
22.528,0.09759533570292665
22.532,0.1289126955727974
22.536,0.17825212516462982
22.54,0.13113867970297013
22.544,0.12549418353027145
22.548000000000002,0.1871605042746011
22.552,0.22251121505265084
22.556,0.19585804107433655
22.56,0.20057948071769743
22.564,0.1764002861269615
22.568,0.23981698320898848
22.572,0.24543562527457485
22.576,0.18921797670131385
22.580000000000002,0.27443890922305697
22.584,0.27709225430166
22.588,0.2898044092611736
22.592,0.2743231163722029
22.596,0.2787701596614146
22.6,0.2856273972759822
22.604,0.30412975516137564
22.608,0.23852445377088258
22.612000000000002,0.24284364195950525
22.616,0.2629102456280157
22.62,0.28658394588130587
22.624,0.30773178344983465
22.628,0.30610640291310925
22.632,0.3205992699335731
22.636,0.3204603595182498
22.64,0.2763256508645164
22.644000000000002,0.3097993069533546
22.648,0.2796402697099033
22.652,0.28731468029921975
22.656,0.2950546936109532
22.66,0.2034827691049937
22.664,0.3493944745690504
22.668,0.2944588403823496
22.672,0.25034896121980965
22.676000000000002,0.30188869288759673
22.68,0.24007243728385178
22.684,0.24593200244732313
22.688,0.21536517343289593
22.692,0.24801858523426207
22.696,0.1874713928127334
22.7,0.18464272826601125
22.704,0.2015812497428721
22.708000000000002,0.1688030132138689
22.712,0.1308308885284799
22.716,0.14322680611315639
22.72,0.170642007316834
22.724,0.10750801039490582
22.728,0.08777682434736303
22.732,0.0703794105983678
22.736,0.08588531284284062
22.740000000000002,0.033932410076588385
22.744,0.038620444058910734
22.748,-0.0032300897715359447
22.752,-0.008833448589143887
22.756,-0.0010002610212511299
22.76,0.010306288180338095
22.764,0.05632523473691248
22.768,0.01858248966113757
22.772000000000002,-0.028881082965364395
22.776,-0.030178013307491123
22.78,0.024833097052298927
22.784,0.02146467221239973
22.788,-0.010878355163175637
22.792,-0.032869025710393546
22.796,-0.0008083562222618683
22.8,-0.056486310781806506
22.804000000000002,-0.02858573931178952
22.808,0.003379451107105483
22.812,-0.05854085478484718
22.816,-0.06336773610012916
22.82,0.03336970770453445
22.824,0.12385893460727557
22.828,0.24485128719237198
22.832,0.4612575356551961
22.836000000000002,0.6478101592951795
22.84,0.7866310491028177
22.844,0.9347350714568916
22.848,1.0230126207867238
22.852,1.0901793930876258
22.856,1.072685167444529
22.86,1.001957418169489
22.864,0.9609045825619793
22.868000000000002,0.7623388417580966
22.872,0.573167295800728
22.876,0.3894287995833561
22.88,0.2171438710891381
22.884,0.047497324269108854
22.888,-0.044260527789271614
22.892,-0.12989440298651117
22.896,-0.141828308063921
22.900000000000002,-0.1373974928625235
22.904,-0.13117941723237214
22.908,-0.13123898240820295
22.912,-0.07597389408618022
22.916,-0.06592764802119963
22.92,-0.0869902414290873
22.924,-0.010890350161599976
22.928,0.005276692765507716
22.932000000000002,0.04206654498105506
22.936,-0.029407406850041687
22.94,-0.02409069721959515
22.944,-0.029372597156284836
22.948,0.004850172170216136
22.952,0.001350539250658236
22.956,-0.022154223857365887
22.96,0.0038016147237400323
22.964000000000002,-0.03090696134565332
22.968,0.04456481402991522
22.972,0.0004629572223096949
22.976,0.022417509858254574
22.98,-0.0005876982453689103
22.984,0.03266929815272761
22.988,0.04484732712930886
22.992,0.051626522406410594
22.996000000000002,0.06917044692692527
23.0,0.1066136620911148
23.004,0.10269813235819172
23.008,0.1145506990223254
23.012,0.1281211682511803
23.016000000000002,0.11275396638342557
23.02,0.11218335127303347
23.024,0.15304108874927466
23.028000000000002,0.16154656154044564
23.032,0.15300928635311808
23.036,0.10737389684270504
23.04,0.1374880516318616
23.044,0.1663519782058185
23.048000000000002,0.19940240198051667
23.052,0.1810344479099098
23.056,0.21633193740407797
23.06,0.2348076221528237
23.064,0.2456934455906048
23.068,0.2515141885974812
23.072,0.19599348352230522
23.076,0.23915557070549545
23.080000000000002,0.22471684247734353
23.084,0.2112558309810295
23.088,0.24975091383882297
23.092,0.2893971852382246
23.096,0.2717581487188151
23.1,0.3222505742019781
23.104,0.28747707214441537
23.108,0.34720878800288857
23.112000000000002,0.2880744971010941
23.116,0.28612084318060066
23.12,0.26268701431868446
23.124,0.3307182862224905
23.128,0.2898240924630032
23.132,0.279633307985264
23.136,0.32489410360004156
23.14,0.32538840142972375
23.144000000000002,0.32684130308184445
23.148,0.28218610353629736
23.152,0.27625529909928187
23.156,0.26568385283743595
23.16,0.2828390273461205
23.164,0.2968856157450845
23.168,0.25296377371174716
23.172,0.27298860506088096
23.176000000000002,0.2300039352157641
23.18,0.1930011926146806
23.184,0.21056927927928237
23.188,0.21550175600942667
23.192,0.2010556212070333
23.196,0.1641949749894389
23.2,0.1269414135359184
23.204,0.1132567883589399
23.208000000000002,0.11826194676832795
23.212,0.1267884699148068
23.216,0.08254326917493998
23.22,0.0785309548295189
23.224,0.06473829716471478
23.228,0.044450482141292214
23.232,0.03367489534665752
23.236,0.03178499789220382
23.240000000000002,0.07057808286612138
23.244,0.021479576901557766
23.248,0.02132343533355128
23.252,-0.013428270739364642
23.256,0.019700758743672046
23.26,0.037893041809633786
23.264,0.046664128836476
23.268,0.005641742667588439
23.272000000000002,0.003791989029356565
23.276,-0.022892186877246794
23.28,-0.010207120154145613
23.284,-0.023172212283861095
23.288,-0.04282702638804433
23.292,-0.044776992285329775
23.296,-0.006312447642158154
23.3,0.05511787218155815
23.304000000000002,0.1799105991150948
23.308,0.37844581947888645
23.312,0.5667890010948532
23.316,0.638393094699527
23.32,0.8000056503951887
23.324,0.9416837136842823
23.328,1.0470878036390767
23.332,1.0984451711950487
23.336000000000002,1.0636849850296566
23.34,0.9767307912543683
23.344,0.8602301050948313
23.348,0.6615939729388576
23.352,0.4828691277248469
23.356,0.3054277660856539
23.36,0.11048960862693606
23.364,-0.002295695025838384
23.368000000000002,-0.0929857764952507
23.372,-0.10260795500642617
23.376,-0.13353655565433556
23.38,-0.11031899551932133
23.384,-0.14417189973932457
23.388,-0.11164030292944628
23.392,-0.04128203509853369
23.396,-0.11073291012915981
23.400000000000002,0.00847153174009442
23.404,-0.05297022687736971
23.408,0.017623246343636434
23.412,-0.028298495274426773
23.416,0.02161203124828523
23.42,0.08472112551357427
23.424,-0.043123726121297085
23.428,0.03259700567668827
23.432000000000002,-0.03308726987028524
23.436,0.024867306701665315
23.44,0.01931662359250117
23.444,0.0383497857767494
23.448,0.015385217028713389
23.452,0.056232713845183926
23.456,0.0042712959772839496
23.46,0.08351279218999733
23.464000000000002,0.05457290650132261
23.468,0.034516744467922
23.472,0.1096863933855379
23.476,0.07354093868684419
23.48,0.1365039733871269
23.484,0.13320538734834877
23.488,0.08893551737249246
23.492,0.10832579879962952
23.496000000000002,0.12009870825641708
23.5,0.16989287233058825
23.504,0.15745586602702252
23.508,0.1579069719002973
23.512,0.15066076895462863
23.516000000000002,0.16144210109644896
23.52,0.21023977123455742
23.524,0.19259270343092463
23.528000000000002,0.1895458585309453
23.532,0.18726666275528472
23.536,0.19426412895598733
23.54,0.18755698671635654
23.544,0.2182310581238997
23.548000000000002,0.2808222657551011
23.552,0.23956740962008646
23.556,0.26845497456845346
23.56,0.20273128053602965
23.564,0.2926011664455061
23.568,0.27997225972916995
23.572,0.2724661848880182
23.576,0.29408622791762445
23.580000000000002,0.28971516785718193
23.584,0.2610566998527755
23.588,0.34073311017134794
23.592,0.3216247981486886
23.596,0.309515621340638
23.6,0.3018208774770871
23.604,0.2965974987203049
23.608,0.33704107137746014
23.612000000000002,0.363506344326275
23.616,0.32326507574412094
23.62,0.2848870484994812
23.624,0.32472003595410376
23.628,0.30791818342892496
23.632,0.3146382899400923
23.636,0.29549765178329795
23.64,0.199665641696753
23.644000000000002,0.28092864586996596
23.648,0.22653668966159934
23.652,0.1949898803450539
23.656,0.2092932321704355
23.66,0.21554832784783443
23.664,0.1556405548566142
23.668,0.19806912200659346
23.672,0.17890986536258258
23.676000000000002,0.14581827212860207
23.68,0.11632019920664709
23.684,0.1076187778557122
23.688,0.14471879433980814
23.692,0.06415633111103315
23.696,0.11705496568910716
23.7,0.0834500746629552
23.704,0.08303355717045979
23.708000000000002,0.03336440131708076
23.712,0.05879397755035935
23.716,0.06966113955255301
23.72,0.021210376561028144
23.724,0.06791064490432981
23.728,0.05111106473670544
23.732,0.021816124777008946
23.736,0.05345484522005569
23.740000000000002,-0.021165994860843168
23.744,0.042924845417771425
23.748,0.0641328674682518
23.752,0.04024856047906925
23.756,-0.0016946083608603245
23.76,-0.019035429581127666
23.764,-0.005197368746698194
23.768,0.054296071532293905
23.772000000000002,0.1658374231851235
23.776,0.2671487449037397
23.78,0.4756545244488326
23.784,0.6888680507704321
23.788,0.7979177241758874
23.792,0.9028744342797289
23.796,1.0087516480655374
23.8,1.127354567897478
23.804000000000002,1.1155117924269031
23.808,1.0813956848477353
23.812,0.9299586095336919
23.816,0.8105488446454777
23.82,0.6143818265283818
23.824,0.421547403273464
23.828,0.25487646399513175
23.832,0.08199594152164039
23.836000000000002,0.0505849098272501
23.84,-0.06418588934639188
23.844,-0.07086932659486582
23.848,-0.10432237744155327
23.852,-0.10750738380172753
23.856,-0.06427410420972762
23.86,0.00023923342929397726
23.864,-0.013124363169696068
23.868000000000002,-0.007987674806560392
23.872,0.02172075989773959
23.876,0.03560790945466952
23.88,0.07514191761166103
23.884,0.05269214582813707
23.888,0.06138471589826317
23.892,0.05977407865603884
23.896,0.014496066550308839
23.900000000000002,0.02889806066284183
23.904,0.0358337203365581
23.908,0.03200389541030011
23.912,0.08302255433091926
23.916,0.0734243122299911
23.92,0.07942397574718937
23.924,0.024225949625445192
23.928,0.144496374749131
23.932000000000002,0.07028626649320246
23.936,0.1486819989690652
23.94,0.0741124685362835
23.944,0.10330510795951928
23.948,0.07422838401238649
23.952,0.13944271720219317
23.956,0.10907826437294264
23.96,0.12412087223504754
23.964000000000002,0.1311702651182218
23.968,0.19173782952713764
23.972,0.19217382868514515
23.976,0.22674704794112044
23.98,0.17931580859808932
23.984,0.21697484524231603
23.988,0.1864326418913145
23.992,0.2125506851402671
23.996000000000002,0.215037639660903
24.0,0.254515334279761
24.004,0.2831368682647827
24.008,0.2893110660218348
24.012,0.24530975634653332
24.016000000000002,0.2979557510032693
24.02,0.2862862855215168
24.024,0.2935613050633503
24.028000000000002,0.29025377085100734
24.032,0.2952605096550104
24.036,0.3588343974835333
24.04,0.3366771485411791
24.044,0.34682556908399254
24.048000000000002,0.34115961387315796
24.052,0.40881759432920967
24.056,0.38456575872849946
24.060000000000002,0.34537465128181866
24.064,0.36716512528320167
24.068,0.3703440800374957
24.072,0.37497672350217587
24.076,0.35295312624259234
24.080000000000002,0.3870046789412454
24.084,0.4162864100719233
24.088,0.34153267407037347
24.092,0.33397971036734264
24.096,0.3411002483261407
24.1,0.3395199777545013
24.104,0.39615565204516845
24.108,0.3577562965087673
24.112000000000002,0.33681284582143145
24.116,0.2910272286345392
24.12,0.2821004287981681
24.124,0.24413546558765092
24.128,0.28304236467967997
24.132,0.2539839473050518
24.136,0.25715482603004214
24.14,0.21130765401501006
24.144000000000002,0.2051419368734669
24.148,0.1978058547933692
24.152,0.19657265811286564
24.156,0.12389007505301186
24.16,0.17410261340738462
24.164,0.15104555043105522
24.168,0.11384779361126453
24.172,0.07283718434820316
24.176000000000002,0.11177389447274247
24.18,0.1501821370322258
24.184,0.15531391228719044
24.188,0.11454407018175534
24.192,0.14271206072130743
24.196,0.08620512638221228
24.2,0.11350129396698276
24.204,0.08184681192935397
24.208000000000002,0.07696829811624112
24.212,0.06551089709270663
24.216,0.02823406559981395
24.22,0.11584849577367531
24.224,0.07109070869948571
24.228,0.06778081429833141
24.232,0.07090379596791424
24.236,0.1440441719156367
24.240000000000002,0.29115364652647935
24.244,0.43758598727585796
24.248,0.5019420076958687
24.252,0.6979306401102218
24.256,0.8420297661863346
24.26,1.0411313300432368
24.264,1.1414449315354798
24.268,1.1892486448870754
24.272000000000002,1.227252396235905
24.276,1.1891104164027537
24.28,1.1755750463883887
24.284,1.0386231151801328
24.288,0.8885702558599672
24.292,0.625569038879583
24.296,0.5102443440640134
24.3,0.40243624064578964
24.304000000000002,0.24725603058413273
24.308,0.05880246974053679
24.312,0.021421237485514492
24.316,-0.03663883562515931
24.32,0.035074932729611985
24.324,0.01403664584199979
24.328,0.003880605653838482
24.332,0.034901641475622955
24.336000000000002,-0.018164437871716788
24.34,0.036857438790724374
24.344,0.07845497148928321
24.348,0.1020268409844182
24.352,0.029512948527801473
24.356,0.06999365003826145
24.36,0.11402325094229213
24.364,0.06188878149076501
24.368000000000002,0.10566227073005469
24.372,0.09876723899853135
24.376,0.14236259912378302
24.38,0.1043612625187811
24.384,0.11678628641077303
24.388,0.1458830180456962
24.392,0.09027085486342427
24.396,0.1220653541747282
24.400000000000002,0.1286005755550453
24.404,0.1492852373454956
24.408,0.17919669121563278
24.412,0.1725336704951547
24.416,0.14585215169185053
24.42,0.1820650400043658
24.424,0.23026564237179617
24.428,0.1789418171503996
24.432000000000002,0.20542028465591536
24.436,0.20408175234167725
24.44,0.22248102159545052
24.444,0.19853005360121406
24.448,0.28196657148601656
24.452,0.22986099235230967
24.456,0.28220842633334775
24.46,0.2561291446144309
24.464000000000002,0.2709586294308135
24.468,0.32373726658746066
24.472,0.3199016143362895
24.476,0.3064365316149929
24.48,0.33388723574177065
24.484,0.32081300436500426
24.488,0.33257459054678384
24.492,0.3155486967186956
24.496000000000002,0.35824406792494207
24.5,0.3290757918523138
24.504,0.39359895326674854
24.508,0.3500034835749341
24.512,0.35419589980804916
24.516000000000002,0.37251568826353904
24.52,0.3610859372799132
24.524,0.35916675591392283
24.528000000000002,0.36328500686018733
24.532,0.3781159576509764
24.536,0.3350079516524225
24.54,0.35133729513628786
24.544,0.3569091958063151
24.548000000000002,0.37181601535558034
24.552,0.33569463103339015
24.556,0.3756176509071914
24.560000000000002,0.32600527199542595
24.564,0.3229392646182091
24.568,0.31519037519494836
24.572,0.2718260044055342
24.576,0.2685968651349695
24.580000000000002,0.27859029563695653
24.584,0.3173376647587394
24.588,0.2771155561226144
24.592,0.24981726934267923
24.596,0.2813792136707441
24.6,0.28613796028491023
24.604,0.27541266586410945
24.608,0.21156093109596752
24.612000000000002,0.20461587216219734
24.616,0.2514882282854162
24.62,0.20941048743825158
24.624,0.19416621898602388
24.628,0.20867226728003155
24.632,0.20117236724095724
24.636,0.1521686423355939
24.64,0.17062394119132443
24.644000000000002,0.18733026930386223
24.648,0.12665598261940253
24.652,0.1429550248150868
24.656,0.10700596313469378
24.66,0.11074277663326283
24.664,0.12207881714591245
24.668,0.14137339929345163
24.672,0.11015250270847668
24.676000000000002,0.09595582347041287
24.68,0.11562383245370654
24.684,0.08813553646529314
24.688,0.12240967784000714
24.692,0.13025638547625001
24.696,0.09540752079508957
24.7,0.09586702943922416
24.704,0.11404233346535837
24.708000000000002,0.05009290130721869
24.712,0.10564482375116678
24.716,0.1662447314265906
24.72,0.09015442889208508
24.724,0.09491707387236215
24.728,0.11340960561530955
24.732,0.12812646650491366
24.736,0.10852587099293404
24.740000000000002,0.035405530512344234
24.744,0.10861357052755881
24.748,0.1562527928087069
24.752,0.10013765170666819
24.756,0.05326910705773802
24.76,0.09467748868162464
24.764,0.06115941757022294
24.768,0.12169666674499047
24.772000000000002,0.05984124912782948
24.776,0.08336055849083186
24.78,0.06573831826342566
24.784,0.07922232040594818
24.788,0.12787097481828547
24.792,0.08627951841583986
24.796,0.06757614843675093
24.8,0.058685899368528194
24.804000000000002,0.046294002890922906
24.808,0.05969671470774518
24.812,0.08680343215184905
24.816,0.1064167601512575
24.82,0.07370175029320636
24.824,0.1327819508282879
24.828,0.0735128988489448
24.832,0.0785718072069091
24.836000000000002,0.05549645752608022
24.84,0.11312983534772479
24.844,0.1467080728156446
24.848,0.04829556303849074
24.852,0.07694719644473363
24.856,0.11543874353251338
24.86,0.05385894729397361
24.864,0.11055309120968583
24.868000000000002,0.1255664469241876
24.872,0.09097282255680092
24.876,0.10189857273621394
24.88,0.13948851442137572
24.884,0.15186471197151163
24.888,0.10182118757889175
24.892,0.08586347805774744
24.896,0.07734757945665383
24.900000000000002,0.13435454855588744
24.904,0.08575129646976534
24.908,0.11648005547187816
24.912,0.12371881646494819
24.916,0.11222503301815545
24.92,0.1436542440281111
24.924,0.21283274926519083
24.928,0.1499104558068689
24.932000000000002,0.1413091042002399
24.936,0.1813998931047084
24.94,0.17323109160003292
24.944,0.21378211271071898
24.948,0.1837492705321882
24.952,0.16939698111047985
24.956,0.13076634477602075
24.96,0.14133332394371456
24.964000000000002,0.14120221272737266
24.968,0.19277889112051003
24.972,0.13944814160112495
24.976,0.19896324306591356
24.98,0.16941140212767425
24.984,0.16292356668099897
24.988,0.13989241211821976
24.992,0.16329367003582562
24.996000000000002,0.11909313624667109
25.0,0.11394377254696532
25.004,0.16783049218371
25.008,0.13894360719372517
25.012,0.11168637271379742
25.016000000000002,0.12642142296799994
25.02,0.11183578920088051
25.024,0.12294944054530943
25.028000000000002,0.08736307527803515
25.032,0.14960083996308274
25.036,0.07878022239622329
25.04,0.13596865622158558
25.044,0.09662348707455173
25.048000000000002,0.1184226899202872
25.052,0.10921962078589292
25.056,0.11778626347928761
25.060000000000002,0.07527765118369377
25.064,0.13183851625664805
25.068,0.1539518211240537
25.072,0.10206607040309533
25.076,0.11836503211645133
25.080000000000002,0.12465174470367818
25.084,0.1518844511550585
25.088,0.219563466231175
25.092,0.16454968140754464
25.096,0.1898293209470181
25.1,0.3010276544289627
25.104,0.35122504987056435
25.108,0.4896741807341973
25.112000000000002,0.5516195556982784
25.116,0.713339984509976
25.12,0.8479054861156987
25.124,1.0072637350836238
25.128,1.0670754276837588
25.132,1.2030199795083756
25.136,1.2417113192069196
25.14,1.2534861220374858
25.144000000000002,1.2302004590346376
25.148,1.1580536347140238
25.152,1.0994426723739976
25.156,0.9278458678597453
25.16,0.8321564355057963
25.164,0.7233317906120522
25.168,0.5559443639170609
25.172,0.33957605103287725
25.176000000000002,0.25275022524080165
25.18,0.20386583663065241
25.184,0.14795455444355504
25.188,0.08683893912241228
25.192,0.1145637141328512
25.196,0.10111951626128053
25.2,0.15659590427573766
25.204,0.10986503494700513
25.208000000000002,0.14410331135385346
25.212,0.07638351373634224
25.216,0.08028130200054845
25.22,0.13020940442390566
25.224,0.14608983571101156
25.228,0.09471054445515525
25.232,0.11467959151252591
25.236,0.08041599352609954
25.240000000000002,0.11968122907640931
25.244,0.15482616436864816
25.248,0.12523434027436695
25.252,0.127594660330066
25.256,0.10853344996231681
25.26,0.13178082021143792
25.264,0.20351899310432725
25.268,0.1654413484037646
25.272000000000002,0.1380946602470427
25.276,0.16003828357080926
25.28,0.14094824858260369
25.284,0.16882545571616925
25.288,0.23389653984931935
25.292,0.19743553360941715
25.296,0.25449535482118146
25.3,0.2191722003233885
25.304000000000002,0.23516153072946736
25.308,0.2588377487482919
25.312,0.17797171522530672
25.316,0.25679673041850126
25.32,0.26521189897518005
25.324,0.3182870835645023
25.328,0.3119463991070255
25.332,0.26112813024878695
25.336000000000002,0.32680086697267424
25.34,0.3030548685651024
25.344,0.30050953200641417
25.348,0.33325473006322887
25.352,0.32311746283558884
25.356,0.3708539900379163
25.36,0.3524201347624561
25.364,0.3599308633627931
25.368000000000002,0.37963330109201654
25.372,0.3811829860232514
25.376,0.37432601740896204
25.38,0.3982125754856197
25.384,0.3851414932843814
25.388,0.372622045996696
25.392,0.39222874365208393
25.396,0.35585488048296876
25.400000000000002,0.3629137514824373
25.404,0.4082817779257015
25.408,0.400288335852366
25.412,0.3484099879921498
25.416,0.3303056092890645
25.42,0.3784593567217338
25.424,0.3614883576985118
25.428,0.340488697929493
25.432000000000002,0.3102601194369911
25.436,0.31669533958854806
25.44,0.3054132001656207
25.444,0.2865298636280968
25.448,0.2953496911378516
25.452,0.28261944964244096
25.456,0.25514118630108784
25.46,0.28341663466601635
25.464000000000002,0.28926045524042054
25.468,0.2695983451294784
25.472,0.22191294443547405
25.476,0.23613667708930314
25.48,0.21562377175484848
25.484,0.1793822883285752
25.488,0.2160149847200488
25.492,0.18713646066326114
25.496000000000002,0.2377510619151006
25.5,0.2069535616817538
25.504,0.18622527743956202
25.508,0.1650467209694876
25.512,0.14875264659948506
25.516000000000002,0.110637238529945
25.52,0.0915699196402534
25.524,0.11290695138837228
25.528000000000002,0.1256783716847689
25.532,0.06186536742332448
25.536,0.09375157910780732
25.54,0.10225169620346436
25.544,0.10446873584600994
25.548000000000002,0.08715542048237566
25.552,0.08443509388903349
25.556,0.13050801273747772
25.560000000000002,0.1065621300545445
25.564,0.07885706991654755
25.568,0.08636812147305335
25.572,0.07793328149303859
25.576,0.055090061247727
25.580000000000002,0.05878836441894013
25.584,0.10718580450207382
25.588,0.06761167688961449
25.592000000000002,0.042197791130653604
25.596,0.06495487470067399
25.6,0.0734603306477572
25.604,0.025779595112441878
25.608,0.0708787518684516
25.612000000000002,0.08561184428375027
25.616,0.07216059104091739
25.62,0.12154803944608046
25.624,0.1020658467969158
25.628,0.1041646382584604
25.632,0.13027027279454112
25.636,0.07646404189320882
25.64,0.06675079720508809
25.644000000000002,0.09221251864223268
25.648,0.051223839424108415
25.652,0.06038175859578429
25.656,0.03887458690188668
25.66,0.07029810516510802
25.664,0.0493454572802422
25.668,0.04589042488430044
25.672,0.06595689986690514
25.676000000000002,0.049615593193110104
25.68,0.010201265028978342
25.684,0.027336678570319496
25.688,0.032498615643044446
25.692,0.03169029639759431
25.696,0.061585963196326414
25.7,0.062047637217174045
25.704,0.0885564325019349
25.708000000000002,0.07820985674737752
25.712,0.07877962737672972
25.716,0.06465836274767582
25.72,0.06004292550986589
25.724,0.08763712830502254
25.728,0.08060482001638643
25.732,0.05961386147000759
25.736,0.07945354973251934
25.740000000000002,-0.005617285143333914
25.744,0.05111588244916844
25.748,0.048196120340306944
25.752,0.07724692716279749
25.756,0.08517688723508904
25.76,0.014985131199380365
25.764,0.09186604143004362
25.768,0.024761926774894222
25.772000000000002,0.018105416205647
25.776,0.03824118916902099
25.78,0.041493654140356565
25.784,0.015842303713393416
25.788,0.0685231783233933
25.792,0.06186952627156184
25.796,0.06873027678630331
25.8,0.03694211326370094
25.804000000000002,0.05221453119119475
25.808,0.050019786166329565
25.812,0.08573319037698543
25.816,-0.029628610968945812
25.82,0.022973303088317232
25.824,0.05282061100078204
25.828,0.02358960223388642
25.832,0.03762850044523162
25.836000000000002,0.039392940397815546
25.84,0.03272035286203746
25.844,0.057714805381829645
25.848,0.07123483086688959
25.852,0.044600881776084
25.856,0.03949390598560239
25.86,0.05538264495908711
25.864,0.06856619362619357
25.868000000000002,0.0271097219133832
25.872,0.07965674074864346
25.876,0.05968210526858397
25.88,0.11361530072042106
25.884,0.10826850597285073
25.888,0.12644200774665193
25.892,0.07075759018837785
25.896,0.090311916797228
25.900000000000002,0.07965040669627903
25.904,0.10367697758206718
25.908,0.1546183482840799
25.912,0.15677492303822751
25.916,0.09102957862499968
25.92,0.11520382012645076
25.924,0.1305183537901024
25.928,0.14375739181090194
25.932000000000002,0.07578850913977991
25.936,0.07416830099236872
25.94,0.12786105794017155
25.944,0.06744791829832684
25.948,0.09701621551424255
25.952,0.09890382347062038
25.956,0.09649511434905879
25.96,0.08159123134774586
25.964000000000002,0.0750797246278554
25.968,0.09674532566459451
25.972,0.06961855406042013
25.976,0.0384598126778363
25.98,0.0560903281626252
25.984,0.0657542044532535
25.988,0.09280039843194393
25.992,0.0588172926698632
25.996000000000002,0.06420556719075092
26.0,0.02160178819645711
26.004,0.027200389470481076
26.008,0.030338363999271548
26.012,0.023999482371974676
26.016000000000002,-0.0010847873954217754
26.02,0.06044947224957262
26.024,0.05586153341285381
26.028000000000002,0.023586965983728437
26.032,0.04032837384064064
26.036,0.02837014579460216
26.04,0.04766084910004938
26.044,0.0027689205580172446
26.048000000000002,0.030221687548819747
26.052,0.02289966432573161
26.056,0.035203442253243934
26.060000000000002,0.014544765634017593
26.064,-0.0008168999182739459
26.068,0.09315655461474441
26.072,0.21467879757350192
26.076,0.3566779110187672
26.080000000000002,0.5675801677766124
26.084,0.7161314397092181
26.088,0.86133292107344
26.092000000000002,0.9881491926680265
26.096,1.1175708660098191
26.1,1.1418784575514527
26.104,1.171135159062617
26.108,1.1061069693373242
26.112000000000002,1.0731725026104728
26.116,0.9143067541378292
26.12,0.730652411842856
26.124,0.5735681926114736
26.128,0.4104232179131856
26.132,0.22503382130905347
26.136,0.08658470827089036
26.14,-0.002422396552480768
26.144000000000002,-0.025562808766094826
26.148,-0.06630681066448954
26.152,-0.0737086962926096
26.156,-0.08297621847230419
26.16,-0.022645461212830675
26.164,-0.0054273762628135195
26.168,0.003012521196042022
26.172,0.018931551216522183
26.176000000000002,0.03713373889214813
26.18,0.04618983207800183
26.184,0.05155052816127603
26.188,0.0324622650448354
26.192,0.02012803370002266
26.196,0.009060419559445657
26.2,0.029326357597696986
26.204,0.05394484768059107
26.208000000000002,0.035533204527226254
26.212,0.054792873731713515
26.216,0.030677442700487497
26.22,0.023951559968473042
26.224,0.09698208674318302
26.228,0.06813041240482515
26.232,0.058042292456969506
26.236,0.0558251381706426
26.240000000000002,0.10617951936488162
26.244,0.14273907747590112
26.248,0.10348011379492923
26.252,0.10877762658255853
26.256,0.14670901125770147
26.26,0.08853325866289716
26.264,0.19704757844545823
26.268,0.2153416012150439
26.272000000000002,0.08819635688680591
26.276,0.1599878064032418
26.28,0.15894079775096082
26.284,0.18476519933307656
26.288,0.18743566820551752
26.292,0.2196967452465358
26.296,0.2027824307609644
26.3,0.19665775014067197
26.304000000000002,0.22865435850973156
26.308,0.2511072890263563
26.312,0.20862801811037107
26.316,0.2014449685510494
26.32,0.3041542951463172
26.324,0.2494289029158791
26.328,0.26469610430821733
26.332,0.25528206689721605
26.336000000000002,0.2801933982288258
26.34,0.31922309000989024
26.344,0.29705016385068017
26.348,0.24357226187291314
26.352,0.24023844175119075
26.356,0.26224974773732956
26.36,0.2699856351397137
26.364,0.2373172813338029
26.368000000000002,0.2958596406015822
26.372,0.2375967207859173
26.376,0.29560919664917673
26.38,0.3045028633203672
26.384,0.25283197588349743
26.388,0.2615620366377333
26.392,0.20589626668601996
26.396,0.24275064793947623
26.400000000000002,0.21259059573106465
26.404,0.19534452888249654
26.408,0.20453744522024792
26.412,0.18420903650633783
26.416,0.17644893190636157
26.42,0.20475927525866325
26.424,0.15770988601940045
26.428,0.2090995730668515
26.432000000000002,0.11610132803919865
26.436,0.17803904063795029
26.44,0.1086487005927891
26.444,0.1305870200381422
26.448,0.10720799080351966
26.452,0.0950719921510528
26.456,0.11303796974867414
26.46,0.12802191175523994
26.464000000000002,0.11814165825406428
26.468,0.06858484414167704
26.472,0.06915850162847713
26.476,0.036142408363465994
26.48,0.030387793091110886
26.484,0.026488140893581105
26.488,0.03681133687895448
26.492,0.042281092406672154
26.496000000000002,-0.017991946706099476
26.5,0.03093223184077382
26.504,0.07295951803427456
26.508,0.058907900587600655
26.512,0.007912138599156758
26.516000000000002,-0.015043416038661037
26.52,0.03739359782508552
26.524,-0.025221719726510945
26.528000000000002,0.06017491956580816
26.532,0.022648329853941274
26.536,0.07487539114316195
26.54,-0.004523793578121785
26.544,0.07160262149609417
26.548000000000002,0.048538525943443614
26.552,0.040419453693624346
26.556,0.016894142641650428
26.560000000000002,0.07609263624518693
26.564,0.0876922177967692
26.568,0.11646579350350467
26.572,0.09239352973426071
26.576,0.051617916214909514
26.580000000000002,0.04747511514126175
26.584,0.04335947809232296
26.588,0.11040286909335786
26.592000000000002,0.044169949806889375
26.596,0.09456349573369177
26.6,0.07163143121340367
26.604,0.06697620572251896
26.608,0.042842179269473445
26.612000000000002,0.053569872424949566
26.616,0.027887851331835307
26.62,0.018132604312156866
26.624000000000002,0.043987826971510255
26.628,0.014596944411724174
26.632,-0.01465058756052171
26.636,0.01274467227829116
26.64,-0.0030161728229938876
26.644000000000002,0.01217358904583073
26.648,-0.017378131016560626
26.652,-0.04659453090358822
26.656,0.02204346557973576
26.66,0.020711919895780646
26.664,0.007950917731580055
26.668,-0.02750457483369219
26.672,-0.033438174595078335
26.676000000000002,0.005854041673694216
26.68,-0.03183512906158519
26.684,-0.03224722010825608
26.688,0.030260720390779504
26.692,-0.021002260675246055
26.696,0.028230511198819194
26.7,-0.03680719847862022
26.704,0.027178777365904773
26.708000000000002,0.075071324994409
26.712,0.028830065700186487
26.716,0.034858782246112045
26.72,0.04579045013850322
26.724,0.16022710276934152
26.728,0.1989231024641238
26.732,0.3314456068795677
26.736,0.44859128020433614
26.740000000000002,0.6801516625071771
26.744,0.8237903330353372
26.748,0.9200933539937814
26.752,0.9858952445734847
26.756,1.1195894754274922
26.76,1.110015400678492
26.764,1.0901850085596652
26.768,1.0241402830378785
26.772000000000002,0.958812084890987
26.776,0.8164465306400421
26.78,0.6976744021247062
26.784,0.5787195888297473
26.788,0.3899981726017753
26.792,0.2568867797943327
26.796,0.10892869457581184
26.8,0.04745918309356027
26.804000000000002,0.04496424331188035
26.808,-0.0411520201915265
26.812,-0.03769007313080363
26.816,-0.08545561519252409
26.82,0.004771903306476789
26.824,-0.03201240452783434
26.828,0.009762099663976415
26.832,-0.022692708472044687
26.836000000000002,-0.0037931094987602824
26.84,0.005571986779602901
26.844,-0.014660178735383736
26.848,0.024173723172487418
26.852,-0.026376515677728463
26.856,0.013036749418641216
26.86,-0.006905620662303544
26.864,0.021220134043370746
26.868000000000002,0.0030385091606556953
26.872,0.013429374027246827
26.876,-0.01186309785932327
26.88,0.032263996534297644
26.884,0.03861226531677429
26.888,0.027911086901265314
26.892,0.0394300483096024
26.896,0.04877093521050849
26.900000000000002,0.04285300353371142
26.904,0.06820989456464684
26.908,0.051878573923077015
26.912,0.13666054334928157
26.916,0.11062730959542907
26.92,0.10522240981783215
26.924,0.14213618841107045
26.928,0.07005792047483203
26.932000000000002,0.05753991925369241
26.936,0.11838021430342931
26.94,0.10867926787690366
26.944,0.15197081807779123
26.948,0.16979065658431772
26.952,0.1893988325603969
26.956,0.14433639348511526
26.96,0.19680680530950767
26.964000000000002,0.20087239204466
26.968,0.21462623961332808
26.972,0.19305445987755673
26.976,0.24511438658015525
26.98,0.2197724519270918
26.984,0.27794097501351833
26.988,0.21652427633836446
26.992,0.2519955913921905
26.996000000000002,0.23323009066782402
27.0,0.23496401422342275
27.004,0.266630953959944
27.008,0.24233621199705146
27.012,0.1765879223867063
27.016000000000002,0.1639601452895016
27.02,0.27682615784831177
27.024,0.27946911267733426
27.028000000000002,0.29093748713329987
27.032,0.23273685026072535
27.036,0.19443707336375132
27.04,0.21704529012050505
27.044,0.22796080651899167
27.048000000000002,0.19415685574299804
27.052,0.24678322520002982
27.056,0.25217082919159395
27.060000000000002,0.2062002478515024
27.064,0.19164828028000117
27.068,0.14901142526841357
27.072,0.20437242187031673
27.076,0.1566119916562113
27.080000000000002,0.14420511795247845
27.084,0.16010156387805077
27.088,0.12214450023353055
27.092000000000002,0.12431607293245274
27.096,0.07337853488314901
27.1,0.13341109566968606
27.104,0.10057190242586223
27.108,0.1214080159276473
27.112000000000002,0.072020053501039
27.116,0.06338692346705213
27.12,0.03439913726740593
27.124000000000002,0.08192419969279068
27.128,0.03169771481451315
27.132,0.027563114284418766
27.136,0.0311041584465676
27.14,0.03370595671392894
27.144000000000002,-0.012019491487665977
27.148,0.017294525157480686
27.152,0.03086051496078234
27.156,-0.005338255254551313
27.16,-0.00012803609983391522
27.164,0.01125423997615007
27.168,-0.0018148730870370063
27.172,-0.034853293106326705
27.176000000000002,-0.015254698041947817
27.18,0.013416281705739545
27.184,-0.03453980867891297
27.188,-0.02208453579738396
27.192,-0.05636643344950276
27.196,-0.002303754328550192
27.2,-0.024073023729160474
27.204,-0.03875934850644827
27.208000000000002,-0.018653471529485346
27.212,-0.059223569294068926
27.216,-0.05812826841617287
27.22,-0.06393627406160332
27.224,-0.04912747312741954
27.228,0.008669908841503999
27.232,-0.051176060401706316
27.236,-0.023818415164604492
27.240000000000002,-0.05104586180379696
27.244,-0.005746951941239899
27.248,-0.05281060527826351
27.252,-0.03342216498067836
27.256,-0.0354056025218412
27.26,0.027071059269235555
27.264,-0.00972479656378172
27.268,-0.04252399943464086
27.272000000000002,-0.01763756678338069
27.276,0.016525835327516253
27.28,-0.0719274274087297
27.284,-0.04648851268652801
27.288,-0.033459104727188764
27.292,-0.04493422629485849
27.296,-0.044910631773551
27.3,-0.0633859169873356
27.304000000000002,0.010139406806846024
27.308,-0.06258217821909037
27.312,-0.03894662955494259
27.316,-0.009839996786476558
27.32,-0.030893464916178236
27.324,-0.04877196250983255
27.328,-0.0600339078181735
27.332,-0.03896679005170848
27.336000000000002,-0.05416498286821031
27.34,-0.024241654437823047
27.344,-0.05853885375715002
27.348,-0.0051899350289320995
27.352,-0.029511427494747895
27.356,-0.02966218742738408
27.36,0.00749941269622121
27.364,-0.03358924544747914
27.368000000000002,-0.04278995766357028
27.372,-0.04520979270045111
27.376,-0.03832308950916491
27.38,-0.029888624212723102
27.384,-0.042482003983827774
27.388,-0.07427193522503858
27.392,-0.04456442515323783
27.396,-0.023507836211817082
27.400000000000002,-0.02315922033602411
27.404,0.009380348499848173
27.408,0.02637636748204842
27.412,-0.010267448969299188
27.416,0.003494642141142156
27.42,-0.005765883759611075
27.424,0.0240304389730614
27.428,0.025996657152871225
27.432000000000002,-0.0027866471264172757
27.436,-0.010147666610994796
27.44,-0.026076747052295714
27.444,-0.014856148140512608
27.448,-0.022720607785408933
27.452,-0.0037079330015096605
27.456,-0.03692789594982563
27.46,-0.015034514082121073
27.464000000000002,-0.0599796573281125
27.468,0.04376720622909496
27.472,-0.00737605868874397
27.476,0.012362989783412744
27.48,0.04862425174939762
27.484,0.03131289020469559
27.488,0.06398305739131836
27.492,-0.0037638323999748084
27.496000000000002,0.09155865728555261
27.5,0.0709330079927944
27.504,0.06083709860976777
27.508,0.09473486526170284
27.512,0.02787172859929148
27.516000000000002,0.051909482964522004
27.52,0.10419242752914039
27.524,0.029295551987938068
27.528000000000002,0.08883372241131923
27.532,0.08092310974275718
27.536,0.11335521038993661
27.54,0.027838697908923078
27.544,0.10993916699987635
27.548000000000002,0.049245479692975686
27.552,0.0400135824234308
27.556,0.0129447222002574
27.560000000000002,0.016151872517313082
27.564,0.0531334838118329
27.568,0.007062984031516648
27.572,0.040496652800766475
27.576,-0.002298960429048577
27.580000000000002,-0.01548542466684728
27.584,0.0026756484647982165
27.588,0.017942257129293163
27.592000000000002,-0.008101470038689993
27.596,-0.005606143061983376
27.6,0.014039675279032278
27.604,0.027260222646144017
27.608,-0.01144755706930082
27.612000000000002,-0.03819188311497264
27.616,-0.013373593792069156
27.62,0.0014666976221613722
27.624000000000002,-0.04160313452094689
27.628,-0.02981561989698763
27.632,-0.032683362161568225
27.636,-0.022013468408019078
27.64,-0.029992476162805894
27.644000000000002,0.01231310659646333
27.648,-0.04888165889797962
27.652,-0.05916115601311347
27.656,-0.03825622210479989
27.66,-0.04023195755581653
27.664,-0.07579768155791286
27.668,-0.05108188884728325
27.672,-0.016119007822919664
27.676000000000002,0.062204054813199884
27.68,0.20691266755819301
27.684,0.3528402902497715
27.688,0.5832909667756409
27.692,0.7315009480321337
27.696,0.8614460518845553
27.7,1.0236027728135895
27.704,1.1195173023713074
27.708000000000002,1.1786491464574391
27.712,1.099155788591652
27.716,1.0444358289294136
27.72,0.8944085299358259
27.724,0.7628042621683156
27.728,0.5648160740708968
27.732,0.34216552805916917
27.736,0.16080078307312107
27.740000000000002,0.052174396523715846
27.744,-0.051477373067576805
27.748,-0.0578747168932122
27.752,-0.12051852149488064
27.756,-0.1254277458684239
27.76,-0.09805136103992117
27.764,-0.08409380603217734
27.768,-0.017229510909790677
27.772000000000002,-0.03912426618912916
27.776,0.020631985974324186
27.78,-0.023986038793003428
27.784,0.0236344074669355
27.788,0.051711902429041015
27.792,-0.03401787141577086
27.796,0.07171555928879783
27.8,0.020049030682503768
27.804000000000002,0.043843638971346015
27.808,0.05663333524962966
27.812,0.057972306652758585
27.816,0.04934490397307302
27.82,0.07834143871378399
27.824,0.07764464533589241
27.828,0.11242187179879684
27.832,0.08067509325375483
27.836000000000002,0.12118151903571446
27.84,0.10728085639872856
27.844,0.052644105230883614
27.848,0.1685475507233798
27.852,0.08983828645622102
27.856,0.14768513313741632
27.86,0.12522710350086605
27.864,0.16559233648804297
27.868000000000002,0.12868977320127545
27.872,0.1636866601220188
27.876,0.14886643300419491
27.88,0.20980429704333145
27.884,0.19647521408013885
27.888,0.2161958912568223
27.892,0.14105241585934086
27.896,0.20013207904853964
27.900000000000002,0.22736701364306286
27.904,0.2372956551002673
27.908,0.26216148024759517
27.912,0.2301907059354905
27.916,0.2462318149020593
27.92,0.2876404055798592
27.924,0.2137237212513702
27.928,0.2895523202364288
27.932000000000002,0.265109999912471
27.936,0.2535029045503959
27.94,0.29476701542773553
27.944,0.32635192666904334
27.948,0.32231284667317456
27.952,0.2879724359096804
27.956,0.3123401533196473
27.96,0.31832929149950023
27.964000000000002,0.2998217967613313
27.968,0.28137482671927594
27.972,0.273858679206157
27.976,0.3058321280140227
27.98,0.2861245005161605
27.984,0.2626074590822465
27.988,0.23966663146853207
27.992,0.2901065536557122
27.996000000000002,0.24745415627890335
28.0,0.26854877425885326
28.004,0.28996721561027183
28.008,0.2166267998237743
28.012,0.2333566404561432
28.016000000000002,0.21991915772385318
28.02,0.23101937387099808
28.024,0.2496553021101886
28.028000000000002,0.17457443111560347
28.032,0.20624375619568527
28.036,0.20683228357436811
28.04,0.1733538811514465
28.044,0.171636340918993
28.048000000000002,0.17484743225826094
28.052,0.15763545673219298
28.056,0.15331233563965552
28.060000000000002,0.1506915816804299
28.064,0.11034293747490498
28.068,0.15036716399611827
28.072,0.14104146462697584
28.076,0.10812240382032015
28.080000000000002,0.06611177953823233
28.084,0.1011522910482411
28.088,0.10216038523139963
28.092000000000002,0.0577509907429166
28.096,0.07201133538424877
28.1,0.04907015285021416
28.104,0.10357057666592018
28.108,0.0895592345029494
28.112000000000002,0.03725469999500872
28.116,0.08588828349107588
28.12,0.08309455132248732
28.124000000000002,0.10559323743593726
28.128,0.08387950741919654
28.132,0.07033394390438559
28.136,0.07313719730706872
28.14,0.08918067030335852
28.144000000000002,0.1134569852469381
28.148,0.11908242497573542
28.152,0.10787070627946609
28.156000000000002,0.10371988831880512
28.16,0.11441925901149971
28.164,0.1939893226421184
28.168,0.11129531634232871
28.172,0.10997905594280388
28.176000000000002,0.20343915064830376
28.18,0.13559492826039107
28.184,0.09351958191208726
28.188,0.14321089170930343
28.192,0.08782889414557782
28.196,0.12595365413645965
28.2,0.09799373815147204
28.204,0.09199936484533584
28.208000000000002,0.13492637441525485
28.212,0.09571521763218402
28.216,0.09778887855019475
28.22,0.08443461813793404
28.224,0.06294941555968553
28.228,0.08242993033430583
28.232,0.08610506480481057
28.236,0.053382200947743805
28.240000000000002,0.09761580084546082
28.244,0.07691788043966286
28.248,0.05664561427422598
28.252,0.04892009974209337
28.256,0.042680095553192056
28.26,0.012935555340639983
28.264,0.04745042873320099
28.268,0.0534725174092042
28.272000000000002,0.03177302630079812
28.276,0.050950751655579614
28.28,0.053008605702295174
28.284,0.08416850607239731
28.288,0.08881955707494057
28.292,0.08204553813162889
28.296,0.05660666218674907
28.3,0.15760667037477522
28.304000000000002,0.13255178366169024
28.308,0.15448380282763335
28.312,0.17767464490678908
28.316,0.23467524032148632
28.32,0.3878867775030914
28.324,0.5179533247984267
28.328,0.639657051176825
28.332,0.7683840245974374
28.336000000000002,0.9213734200103045
28.34,1.028293366536209
28.344,1.1145798989780793
28.348,1.181448801115878
28.352,1.176396512884333
28.356,1.1764723296710233
28.36,1.1287051802066148
28.364,1.0566590769646242
28.368000000000002,0.905512981868693
28.372,0.7906882472567858
28.376,0.5957272244142251
28.38,0.4592220093670855
28.384,0.3302896917953126
28.388,0.2038432928045062
28.392,0.16859075531007722
28.396,0.06622512342026694
28.400000000000002,0.05272475925146958
28.404,0.09824433607269606
28.408,0.050637222303092026
28.412,0.056829190691201646
28.416,0.03786815582664648
28.42,0.09243031077425314
28.424,0.1001993539623886
28.428,0.09659107516899026
28.432000000000002,0.08586287963935083
28.436,0.0738763361916111
28.44,0.06698554888757646
28.444,0.06834009712413075
28.448,0.1222043573739709
28.452,0.10589676040204489
28.456,0.07154532499560917
28.46,0.10024161627730738
28.464000000000002,0.10247769134847838
28.468,0.0849851302748045
28.472,0.11632668327515781
28.476,0.10542451926516688
28.48,0.10416599586653244
28.484,0.10351906777370878
28.488,0.10637686937484483
28.492,0.13661833441307766
28.496000000000002,0.14939856101377125
28.5,0.14344831175235542
28.504,0.1956779229478081
28.508,0.1842096540500385
28.512,0.20205012355170415
28.516000000000002,0.18988750890335834
28.52,0.18963966466504628
28.524,0.2271234250650995
28.528000000000002,0.19981907316107136
28.532,0.2471119180774509
28.536,0.21725648428737304
28.54,0.2784765025978215
28.544,0.26172807611911003
28.548000000000002,0.3033108161659853
28.552,0.2500826541835648
28.556,0.2671365528146369
28.560000000000002,0.30702298423087104
28.564,0.33972493293358597
28.568,0.3566947603924041
28.572,0.3151960016869215
28.576,0.3635032872466977
28.580000000000002,0.32095045146462375
28.584,0.3656042934469483
28.588,0.31591588125194975
28.592000000000002,0.34568903481640206
28.596,0.27646194323317214
28.6,0.31389168881927043
28.604,0.3597426690166342
28.608,0.31274478651903087
28.612000000000002,0.34807100189275575
28.616,0.3560323854671173
28.62,0.323988937053431
28.624000000000002,0.31478378447501126
28.628,0.3211411181205978
28.632,0.297417750917111
28.636,0.3120015190434791
28.64,0.3175513198227286
28.644000000000002,0.3075220009768181
28.648,0.3491253600284305
28.652,0.27641450672701007
28.656000000000002,0.3212135567850577
28.66,0.2604387562703153
28.664,0.2885602525333773
28.668,0.3090233351694693
28.672,0.2959557137637576
28.676000000000002,0.25071490623723
28.68,0.2770128816173735
28.684,0.2760603164940603
28.688,0.2469903110766182
28.692,0.26635807257423216
28.696,0.29315858945656204
28.7,0.262083125001459
28.704,0.2681721032294957
28.708000000000002,0.2665244798132308
28.712,0.20373790628745037
28.716,0.24673369548551122
28.72,0.21206831676270585
28.724,0.22428890952062205
28.728,0.2859520987749775
28.732,0.21272470332006208
28.736,0.19173452201884572
28.740000000000002,0.23731869706839237
28.744,0.18235564685685524
28.748,0.18391515908319753
28.752,0.21004772235206295
28.756,0.16819212295506716
28.76,0.12415254662746822
28.764,0.17291875935647605
28.768,0.13787061486729102
28.772000000000002,0.1702392474257924
28.776,0.10591958752332852
28.78,0.14516761559518845
28.784,0.16175749359424163
28.788,0.08739041882230916
28.792,0.09098069957322362
28.796,0.09826136520302078
28.8,0.06842032551628793
28.804000000000002,0.09856814241011674
28.808,0.08086228286993917
28.812,0.07072062332701497
28.816,0.07383883279458732
28.82,0.07858236629830896
28.824,0.085662462384415
28.828,0.06417795958210226
28.832,0.05892046795988916
28.836000000000002,0.06968284363357753
28.84,0.08110432741861265
28.844,0.08321386980236567
28.848,0.10902118864404262
28.852,0.05969448588079126
28.856,0.09703513871027901
28.86,0.12707143213245076
28.864,0.13458957983258732
28.868000000000002,0.22179438612229063
28.872,0.22500473981785601
28.876,0.3113555333665873
28.88,0.421309845688452
28.884,0.5862626780448169
28.888,0.7117544991922495
28.892,0.8817146294626153
28.896,0.9920688249089776
28.900000000000002,1.1191197917735696
28.904,1.1406798852611033
28.908,1.211265688346099
28.912,1.2669741251407753
28.916,1.206557641204068
28.92,1.1429090848386747
28.924,1.0339729879630375
28.928,0.8706970119823867
28.932000000000002,0.6767002599457576
28.936,0.4992487665397853
28.94,0.4111708913045929
28.944,0.26565435126476333
28.948,0.2315027734046863
28.952,0.09296764162103738
28.956,0.11766199245344086
28.96,0.059231141208122264
28.964000000000002,0.10352129628906077
28.968,0.11671540851104009
28.972,0.048615847170171464
28.976,0.06539832608598162
28.98,0.06119091166427988
28.984,0.06455809093552431
28.988,0.11187443057322699
28.992,0.08530642003451233
28.996000000000002,0.09172484633381556
29.0,0.11280833506534718
29.004,0.06137813555413714
29.008,0.14141197864823649
29.012,0.09745544375562837
29.016000000000002,0.1216758599170444
29.02,0.13431541819982726
29.024,0.16386078801556844
29.028000000000002,0.13023919037968584
29.032,0.07852892947133697
29.036,0.13704362012901494
29.04,0.15287385033948214
29.044,0.13459316659043952
29.048000000000002,0.16918726013918664
29.052,0.15698001327435873
29.056,0.13812711896515964
29.060000000000002,0.2023489762860986
29.064,0.18559820990247416
29.068,0.19600920736253158
29.072,0.1964080916909013
29.076,0.2457005818591303
29.080000000000002,0.2286411903704043
29.084,0.24657318531973882
29.088,0.2406625003058158
29.092000000000002,0.26545121416509176
29.096,0.29463494475072277
29.1,0.29191100221520894
29.104,0.307561709109477
29.108,0.31216106366035407
29.112000000000002,0.26403379019740525
29.116,0.2828114222717781
29.12,0.31339598545980496
29.124000000000002,0.31391248732806015
29.128,0.3108232333992795
29.132,0.29085996020316673
29.136,0.30882967448620646
29.14,0.3485266248496042
29.144000000000002,0.36538783530837815
29.148,0.35133210599396547
29.152,0.3720222112305488
29.156000000000002,0.36267745548056923
29.16,0.4118223264738153
29.164,0.3911726953783127
29.168,0.41493738415474946
29.172,0.39950272666780434
29.176000000000002,0.36047444419782965
29.18,0.40145572367243443
29.184,0.38009224296671434
29.188,0.40657397453074196
29.192,0.3828478084552903
29.196,0.40674971369596435
29.2,0.36579981852226723
29.204,0.400359014969525
29.208000000000002,0.4054891720545958
29.212,0.3986318987012202
29.216,0.34497966445407957
29.22,0.35916084237750084
29.224,0.3567020538267598
29.228,0.3751989014495643
29.232,0.27817013956643616
29.236,0.27534198080563865
29.240000000000002,0.3586268592324471
29.244,0.27190922366220277
29.248,0.21384338861404306
29.252,0.22430958360434639
29.256,0.15270320057403797
29.26,0.2194541801948293
29.264,0.22586424087644869
29.268,0.16789488852154527
29.272000000000002,0.1599275407378427
29.276,0.18151080651517076
29.28,0.1101161474759068
29.284,0.11710946745748621
29.288,0.1336313228035876
29.292,0.10559219535432207
29.296,0.1077064437045831
29.3,0.08267230991349377
29.304000000000002,0.11948776870725021
29.308,0.10303381996208048
29.312,0.10896832847199861
29.316,0.0944362938197282
29.32,0.09769896326060001
29.324,0.060675064741790886
29.328,0.10665609291180583
29.332,0.07913565687916785
29.336000000000002,0.08050714811591826
29.34,0.11508660936767881
29.344,0.07733298830834988
29.348,0.13875331061924126
29.352,0.1703824932792371
29.356,0.22387069147862423
29.36,0.29929932793372704
29.364,0.41992994603497824
29.368000000000002,0.6604349618035706
29.372,0.7889643474885386
29.376,0.9097275844263264
29.38,1.081824911031146
29.384,1.1208254106235624
29.388,1.1726912246423336
29.392,1.186715499965234
29.396,1.0937377483527462
29.400000000000002,1.0302197381003804
29.404,0.9341419622999676
29.408,0.751943974280638
29.412,0.6006249941451098
29.416,0.42902813724233063
29.42,0.2585198148029834
29.424,0.08752319319693186
29.428,0.033885238483612815
29.432000000000002,0.026640106254206576
29.436,-0.05102419225358641
29.44,-0.012266236981085157
29.444,0.023174405612309514
29.448,0.06547822485594995
29.452,0.021998805774119626
29.456,0.02939535456046902
29.46,0.057742354776386735
29.464000000000002,0.07882976470608177
29.468,0.06776464113315547
29.472,0.09380087788938313
29.476,0.048195363197521386
29.48,0.07974095957085921
29.484,0.09664411629708525
29.488,0.0766769546411951
29.492,0.10427817205883334
29.496000000000002,0.0888088406467581
29.5,0.11482462527296117
29.504,0.11031537452628612
29.508,0.11769219291500752
29.512,0.09076668670656873
29.516000000000002,0.09432445837168768
29.52,0.15245311110516116
29.524,0.14982043102187978
29.528000000000002,0.11289230907302958
29.532,0.14296472736358293
29.536,0.08424849804594703
29.54,0.14255785065438276
29.544,0.19449758368116424
29.548000000000002,0.17324512283862498
29.552,0.1805380923199911
29.556,0.10842166014086561
29.560000000000002,0.18826072247395897
29.564,0.22082357094167554
29.568,0.2304281943508168
29.572,0.24437444293815608
29.576,0.2213630869463186
29.580000000000002,0.23652312955653626
29.584,0.22120474629583992
29.588,0.25509236426479254
29.592000000000002,0.22917273636985372
29.596,0.21952145670460932
29.6,0.25105041909024234
29.604,0.327874309062499
29.608,0.2869486230359128
29.612000000000002,0.29730723559782113
29.616,0.2813160434782191
29.62,0.2589507143166321
29.624000000000002,0.33597553848224004
29.628,0.2585079596178278
29.632,0.29355414032722654
29.636,0.3047709960139354
29.64,0.31771397941188934
29.644000000000002,0.29881842005961234
29.648,0.2673893817563046
29.652,0.28402075951697714
29.656000000000002,0.2801537479385404
29.66,0.2815192944364051
29.664,0.3263636018621661
29.668,0.26447697918746094
29.672,0.2895369477517812
29.676000000000002,0.27744692997564846
29.68,0.29631924704544604
29.684,0.2673042199571776
29.688000000000002,0.28040939482476446
29.692,0.24106603756565523
29.696,0.24551822734648593
29.7,0.19398810378775075
29.704,0.16229599850290555
29.708000000000002,0.22634216674349894
29.712,0.21136086201025894
29.716,0.20097550602489797
29.72,0.17236406936141016
29.724,0.2191856302945196
29.728,0.15911640133879218
29.732,0.16507614813334506
29.736,0.15841709984994234
29.740000000000002,0.18361969642892578
29.744,0.13007300159419455
29.748,0.11140446490693165
29.752,0.07543864469768402
29.756,0.1420476859478503
29.76,0.11233465863302075
29.764,0.11202588151099327
29.768,0.1699768452790662
29.772000000000002,0.08702072533996372
29.776,0.03839526127175436
29.78,0.06634726844256114
29.784,0.04750856086583584
29.788,0.05506292144753416
29.792,0.04342734629226792
29.796,0.03253630628033252
29.8,0.014286670822103505
29.804000000000002,0.09112543711406132
29.808,0.0533651113403434
29.812,0.030222014517921048
29.816,0.049880642831427374
29.82,0.045909737082687196
29.824,0.04442954094039331
29.828,0.050375869576943386
29.832,0.02761939353398491
29.836000000000002,0.037086033171215504
29.84,0.04325517186730035
29.844,0.03273011728231092
29.848,0.019626198213817517
29.852,0.05510912516218332
29.856,0.0015902307103289534
29.86,0.02798628517239037
29.864,0.033298175335231286
29.868000000000002,0.004644908961705928
29.872,-0.008188027501166244
29.876,0.0002152588190680524
29.88,0.0017458571284188432
29.884,-0.017368707798696283
29.888,-1.7491779121019124e-05
29.892,0.015270057715610422
29.896,0.037510124454478974
29.900000000000002,0.02487909963070665
29.904,-0.0487899221703248
29.908,0.029542557623024802
29.912,-0.007990287999170622
29.916,0.014631511999753554
29.92,0.008190025355290618
29.924,0.008975724562745249
29.928,0.008610326746189632
29.932000000000002,0.0031145744892529053
29.936,0.03467785716206291
29.94,0.005865688380341493
29.944,0.03879817675805016
29.948,0.03259064272854516
29.952,0.01835032811406791
29.956,-0.045507268849835456
29.96,0.03248287942880941
29.964000000000002,-0.0014197085779423073
29.968,0.025564456522912102
29.972,-0.023782672470730643
29.976,-0.031247464350055865
29.98,0.053670341350439035
29.984,-0.013600046770571105
29.988,0.03737882607723602
29.992,0.005483320778723018
29.996000000000002,-0.008993027183506787
30.0,0.007627773378200588
30.004,-0.01612814349010671
30.008,0.016273964525001856
30.012,-0.014619366967633806
30.016000000000002,0.0037741726664096784
30.02,0.04639798961326701
30.024,0.039714436428360755
30.028000000000002,-0.00104125232896473
30.032,0.055454338140852724
30.036,0.03729414171689391
30.04,0.03525973446740045
30.044,0.07882874518974625
30.048000000000002,0.05928231950566221
30.052,0.03241028824272033
30.056,0.11019339621255522
30.060000000000002,0.0732090508923259
30.064,0.08040462759976456
30.068,0.07224858679938959
30.072,0.105867211046482
30.076,0.06098411660966117
30.080000000000002,0.039965107923795026
30.084,0.06499725060508432
30.088,0.10958706065581375
30.092000000000002,0.0858770062645163
30.096,0.051446458374434366
30.1,0.09216974857427164
30.104,0.076112386389656
30.108,0.04217684402775978
30.112000000000002,0.031159014614816734
30.116,0.03494864560228304
30.12,0.005421649355742589
30.124000000000002,0.026156263074833017
30.128,0.02610346157206874
30.132,-0.035843093139974025
30.136,-0.0050873830122289635
30.14,-0.006220149646874961
30.144000000000002,0.029268738951147295
30.148,-0.047745965583539815
30.152,-0.020807866242902
30.156000000000002,-0.02768345147060086
30.16,0.012224503293609155
30.164,-0.008706080670780504
30.168,0.03381066143802894
30.172,-0.002673257274260016
30.176000000000002,-0.03256993347708343
30.18,-0.011377324942024678
30.184,-0.02119131647371769
30.188000000000002,0.006175335502390434
30.192,-0.05713445621729079
30.196,-0.04996363963036783
30.2,-0.019347204887392767
30.204,-0.006419567619811675
30.208000000000002,-0.10927997088819488
30.212,-0.03674136761231724
30.216,-0.0671144239311232
30.22,-0.060174582332303585
30.224,0.006939783946906503
30.228,0.17362842497120584
30.232,0.36732495713379365
30.236,0.5414382318010671
30.240000000000002,0.7394691063576437
30.244,0.8714235694807573
30.248,0.9761040087800265
30.252,1.0578168680650541
30.256,1.0784682583686054
30.26,1.037647719591815
30.264,0.9081541091006824
30.268,0.7928077045311246
30.272000000000002,0.5644543011803154
30.276,0.36536622310477374
30.28,0.20067123140166762
30.284,0.0963919183001006
30.288,-0.04788151062668808
30.292,-0.1389287751756343
30.296,-0.13192144622709
30.3,-0.09700278599768886
30.304000000000002,-0.12169764299453634
30.308,-0.0718349108791877
30.312,-0.05696854554633002
30.316,-0.077580902730657
30.32,-0.03930992005143992
30.324,-0.054971291418653555
30.328,-0.022857678741847964
30.332,-0.035604263224214006
30.336000000000002,-0.028694182880504064
30.34,-0.02870707145456105
30.344,-0.008578832600076632
30.348,0.01270256155649106
30.352,-0.007430693328679797
30.356,-0.0497323676352187
30.36,-0.012257558766537061
30.364,-0.021744272499778377
30.368000000000002,0.02463782369094442
30.372,0.028883803294711283
30.376,0.025699367762135095
30.38,0.010818667449477966
30.384,0.04823848501616597
30.388,0.03433154123233691
30.392,0.017103221381418697
30.396,0.06877378225284968
30.400000000000002,0.08353085279514545
30.404,0.09993872250402082
30.408,0.0665148884573581
30.412,0.11206961375950883
30.416,0.07617760305443178
30.42,0.1188315475202804
30.424,0.10381698692016109
30.428,0.11727510470671906
30.432000000000002,0.06378415249199412
30.436,0.1230563422875921
30.44,0.14698329428612114
30.444,0.14842752296054823
30.448,0.2084851330592837
30.452,0.13630477884556214
30.456,0.15663779486488766
30.46,0.16099685727740254
30.464000000000002,0.18200454836989685
30.468,0.22601381601785514
30.472,0.23591885373757676
30.476,0.18449721786666282
30.48,0.19426788478258109
30.484,0.19309180984590513
30.488,0.255783740854244
30.492,0.24667013030456703
30.496000000000002,0.21564911847272838
30.5,0.19017914056020727
30.504,0.19842963651339945
30.508,0.2327169789969011
30.512,0.23389377432759617
30.516000000000002,0.16432541385953314
30.52,0.210901250707681
30.524,0.26161737800710716
30.528000000000002,0.20935998656879276
30.532,0.24013263500445828
30.536,0.2114530842680747
30.54,0.16775074883859548
30.544,0.1866275404031256
30.548000000000002,0.18143300834406073
30.552,0.14622771320596645
30.556,0.13567024657737328
30.560000000000002,0.19501717770069943
30.564,0.130070458432035
30.568,0.1705184409843582
30.572,0.11666373796873807
30.576,0.11572142272157125
30.580000000000002,0.12702922108261752
30.584,0.09463957093318745
30.588,0.11258421774402412
30.592000000000002,0.03122959453366725
30.596,0.08239744747832756
30.6,0.006767602528843564
30.604,0.06009641936705329
30.608,0.07676600879486972
30.612000000000002,0.056004321950338276
30.616,-0.0018112784245937971
30.62,-0.00019462104121303198
30.624000000000002,0.01055299502712942
30.628,0.023597841525017097
30.632,-0.04521383424374319
30.636,-0.0028830628446382886
30.64,0.005330276460599557
30.644000000000002,-0.009088409411174357
30.648,0.004018856927757464
30.652,-0.015162219777551071
30.656000000000002,-0.04073870786658245
30.66,-0.07384352958851183
30.664,-0.020042447711244485
30.668,-0.052740448068096774
30.672,-0.053506757513236795
30.676000000000002,-0.03207080518205081
30.68,-0.005485470004826118
30.684,-0.03851080203127421
30.688000000000002,-0.02802021211246475
30.692,-0.08697153909753363
30.696,-0.04865180859900888
30.7,-0.052162939492375875
30.704,-0.015655089916377856
30.708000000000002,-0.06336226460679333
30.712,-0.06410193340451463
30.716,-0.03481048508946432
30.72,-0.05881037833034134
30.724,-0.07936463163449618
30.728,0.009212018299600284
30.732,-0.0892768785039941
30.736,-0.06672154772432505
30.740000000000002,-0.05128297593077965
30.744,-0.04805287552333975
30.748,-0.062119229619802714
30.752,-0.06945959042701198
30.756,-0.07326886907269427
30.76,-0.08993126083217547
30.764,-0.002887066725459568
30.768,-0.06461372324671205
30.772000000000002,-0.05151477095804773
30.776,-0.0772362759647958
30.78,-0.0722689651645513
30.784,-0.0693019200060785
30.788,-0.09905171512921739
30.792,-0.07157399580701952
30.796,-0.0801034423497761
30.8,-0.035115769887739456
30.804000000000002,-0.0887897972651858
30.808,-0.0756489519981807
30.812,-0.09089735069270041
30.816,-0.03471022570466195
30.82,-0.08695523882738342
30.824,-0.04560483878252787
30.828,-0.03773266491633402
30.832,-0.07283428908450751
30.836000000000002,-0.1059187556568591
30.84,-0.10003029405452309
30.844,-0.03885702811160825
30.848,-0.09417329355950066
30.852,-0.06003537302764819
30.856,-0.06927724321867897
30.86,-0.05711715790144525
30.864,-0.04915993466770817
30.868000000000002,-0.0865745270432556
30.872,-0.09476899980711041
30.876,-0.05476986387623446
30.88,-0.0827366656425225
30.884,-0.13009458801846896
30.888,-0.04731558472354494
30.892,-0.09646751253217023
30.896,-0.06098048920768672
30.900000000000002,-0.0319776215333916
30.904,-0.06042334715270025
30.908,-0.03775595535772193
30.912,-0.06533117512378281
30.916,-0.030948563757014026
30.92,-0.09052121638203374
30.924,-0.05722163710377242
30.928,-0.040782585832710924
30.932000000000002,-0.06744972098834769
30.936,-0.03364511985291823
30.94,-0.06463749278300544
30.944,0.007038504630212335
30.948,0.010164321728707515
30.952,-0.03835150741920097
30.956,-0.028688248704954213
30.96,-0.0014298588043353995
30.964000000000002,-0.04919643345088167
30.968,-0.04817578432221763
30.972,0.015492211049342945
30.976,-0.0047034717946613305
30.98,-0.005108514355577019
30.984,0.012604896381666607
30.988,-0.043967298033976095
30.992,0.008683614844627938
30.996000000000002,-0.0036329604207344587
31.0,0.04673788961132163
31.004,0.056105276409127894
31.008,0.043986122841939576
31.012,0.03168211536430711
31.016000000000002,-0.019750142816559256
31.02,0.03508437872067022
31.024,0.037664202530022284
31.028000000000002,0.045910104009096904
31.032,0.05501417743355229
31.036,-0.04861066974473528
31.04,-0.0167910083466369
31.044,-0.026541216268895905
31.048000000000002,-0.012410802434832637
31.052,-0.029794492451185567
31.056,-0.04417935908645107
31.060000000000002,-0.012515816714304545
31.064,-0.0651177927863297
31.068,-0.07033039883113115
31.072,-0.08094429081368248
31.076,-0.0699584591235204
31.080000000000002,-0.08886251054372314
31.084,-0.05606414243397456
31.088,-0.06311522738255704
31.092000000000002,-0.08721161667248574
31.096,-0.048980075286729666
31.1,-0.0672527403995859
31.104,-0.033602922281598266
31.108,-0.06661506144656452
31.112000000000002,-0.06775403446036693
31.116,-0.0802646894258395
31.12,-0.0555045566407703
31.124000000000002,-0.024243846501899285
31.128,-0.04468302515472077
31.132,-0.017314944205358902
31.136,-0.04117943551606981
31.14,0.01713505656748651
31.144000000000002,0.010754572569937334
31.148,0.08564377433738063
31.152,0.13277301847303483
31.156000000000002,0.27976032083926317
31.16,0.3642520700144234
31.164,0.5250370509725949
31.168,0.7066748219838185
31.172,0.8270474975717257
31.176000000000002,0.946085997622278
31.18,1.0912466882957181
31.184,1.133988433443953
31.188000000000002,1.132099210258875
31.192,1.0968560905488396
31.196,1.0166102174431066
31.2,0.9670744112661424
31.204,0.7704578930859665
31.208000000000002,0.5907282938137791
31.212,0.4674489007142165
31.216,0.27952322761021753
31.220000000000002,0.20340530876188326
31.224,0.03836255895605933
31.228,-0.0013361682748331896
31.232,-0.04242210495809625
31.236,-0.10009955679720167
31.240000000000002,-0.09987635864064223
31.244,-0.04970169471146266
31.248,-0.04706646027653569
31.252,-0.09609038968708251
31.256,-0.08565084801612445
31.26,-0.11129809770445946
31.264,-0.024415102707581814
31.268,-0.04544650199716383
31.272000000000002,-0.04731209069286015
31.276,-0.0847073267640403
31.28,-0.06076041807819018
31.284,-0.03574510674388117
31.288,-0.03859019238822568
31.292,-0.021316978207726885
31.296,-0.006908431184913043
31.3,0.04627387620804187
31.304000000000002,0.0004389478793318499
31.308,0.032723356114297525
31.312,-0.016506530616114016
31.316,-0.03297548929972488
31.32,0.013003545211759912
31.324,-0.004856620285934803
31.328,0.04119194816293908
31.332,0.02251074350666074
31.336000000000002,-0.00045340139531706986
31.34,0.10635580755945885
31.344,0.06432206101812285
31.348,0.043959884683668994
31.352,0.10980029805242197
31.356,0.0765869620892867
31.36,0.13748845691210748
31.364,0.10737035510380336
31.368000000000002,0.11975264827197821
31.372,0.1445201590129115
31.376,0.1580971345127762
31.38,0.17754056083107925
31.384,0.17089364104727903
31.388,0.19296015898795982
31.392,0.19974235667117612
31.396,0.19190904258691188
31.400000000000002,0.19651112982455798
31.404,0.17657529523175844
31.408,0.23182540569145035
31.412,0.21651014114968145
31.416,0.20789960521866102
31.42,0.2601156983129936
31.424,0.20163505702628198
31.428,0.2789056812608346
31.432000000000002,0.23202775962218802
31.436,0.2393420360652502
31.44,0.22739252956115366
31.444,0.20061584787407555
31.448,0.23510754539981588
31.452,0.23757941851601036
31.456,0.2408063880242533
31.46,0.22075703700671384
31.464000000000002,0.17196687503240057
31.468,0.18073064873993436
31.472,0.25754098973312345
31.476,0.17016907361687753
31.48,0.23173994799612496
31.484,0.17080269205777618
31.488,0.1793676227243295
31.492,0.18408935408634877
31.496000000000002,0.13704973790529873
31.5,0.19409494795292329
31.504,0.1527328814027234
31.508,0.15090068297183729
31.512,0.11628952334640595
31.516000000000002,0.1279125700642771
31.52,0.1473096239294885
31.524,0.10104768572333725
31.528000000000002,0.13631824639563597
31.532,0.06184166823054468
31.536,0.0853868788192489
31.54,0.0758085142503121
31.544,0.034449475457846386
31.548000000000002,0.0565193221525401
31.552,0.036828182378299885
31.556,0.0060084187360354285
31.560000000000002,0.035231460115834966
31.564,0.029253446708614683
31.568,0.015586884238395484
31.572,0.0029965836613978303
31.576,-0.004979857397574273
31.580000000000002,-0.011105295102949476
31.584,0.002764059116447274
31.588,-0.023179869835491293
31.592000000000002,0.0484575352587957
31.596,-0.05887260985571826
31.6,-0.035732293235202356
31.604,-0.030931390366955466
31.608,0.027949179453098612
31.612000000000002,-0.06544759813603485
31.616,-0.0260522289180926
31.62,-0.026626153106008778
31.624000000000002,-0.02041401209126479
31.628,-0.0014482822656794042
31.632,-0.010252445918080284
31.636,-0.05516976781942716
31.64,-0.034252012457140074
31.644000000000002,-0.08077052464725892
31.648,-0.03451428951203433
31.652,-0.06442331322576651
31.656000000000002,-0.05183731858287571
31.66,-0.0839368369960232
31.664,-0.026221665757933138
31.668,-0.08110929251516659
31.672,-0.04214551104119224
31.676000000000002,-0.07873741968856346
31.68,-0.06359528512576781
31.684,-0.007712076193982561
31.688000000000002,-0.023942697652692402
31.692,-0.016792214911172214
31.696,-0.008481405833422745
31.7,-0.06080013844615112
31.704,0.0020620275498098722
31.708000000000002,-0.07378355135496736
31.712,-0.024996761626086078
31.716,-0.05748426374975168
31.720000000000002,-0.06186632300336972
31.724,-0.016512141021840333
31.728,-0.009167306702194157
31.732,-0.015420798363972189
31.736,-0.03323968085741251
31.740000000000002,-0.027354978029222262
31.744,-0.009094961651662304
31.748,-0.01369545998524984
31.752,-0.011139180702595283
31.756,-0.017544758890289672
31.76,0.008884862562403794
31.764,-0.041873055130661585
31.768,-0.0008760456062690191
31.772000000000002,-0.03303984859413019
31.776,0.012827581197539656
31.78,0.05940251970881357
31.784,0.019000193271075452
31.788,0.03852773541490688
31.792,0.05357507076936315
31.796,-0.013335156905715698
31.8,0.0362038383253264
31.804000000000002,0.0684135365006429
31.808,-0.011968341555655244
31.812,0.031202423184052443
31.816,0.08199514118710396
31.82,0.08506948207153618
31.824,0.07367724258485189
31.828,0.08168289095600291
31.832,0.054418165264325226
31.836000000000002,0.0563324246596438
31.84,0.035138854773255845
31.844,0.04598322748170243
31.848,0.019116757850304148
31.852,0.053331010271459
31.856,0.05150253267840413
31.86,0.047749070037887635
31.864,0.0031472414341809068
31.868000000000002,-0.017870076536296162
31.872,0.026132023856342414
31.876,0.0014385149425303195
31.88,-0.0018821352059821533
31.884,-0.023336431357695756
31.888,-0.001622173498672358
31.892,-0.04855508482764943
31.896,-0.009415039544858957
31.900000000000002,0.013650229762239584
31.904,0.02477037508420976
31.908,-0.0009999692035593047
31.912,-0.06045154879574421
31.916,-0.022792645695541177
31.92,0.03250881989529853
31.924,-0.034967122334863335
31.928,-0.013518251202408772
31.932000000000002,0.021274442985990467
31.936,0.005667133901240821
31.94,0.06502792532081696
31.944,-0.0028508129466241275
31.948,-0.003993509435946764
31.952,0.05837725819183955
31.956,0.028031452192068363
31.96,0.12286241920332398
31.964000000000002,0.23574932482369002
31.968,0.40130188993206883
31.972,0.5461212721148025
31.976,0.7064137034449889
31.98,0.8450429906212553
31.984,1.022220505397632
31.988,1.1900151638665675
31.992,1.1617455929997578
31.996000000000002,1.1644791489541773
32.0,1.1097062213645694
32.004,1.0614203878734612
32.008,0.9584196195765853
32.012,0.7990598836546385
32.016,0.6444719282676102
32.02,0.5231473742920084
32.024,0.3527403105492458
32.028,0.17556275876822192
32.032000000000004,0.03506602837368501
32.036,0.025450652941188256
32.04,-0.041288386416492476
32.044000000000004,-0.0895376117503402
32.048,-0.02646726655486207
32.052,-0.013818514601394372
32.056,-0.08903373063473184
32.06,-0.03195482636468414
32.064,6.217698749673775e-05
32.068,0.024973969999014016
32.072,-0.008987871997799098
32.076,-0.01552655177710139
32.08,0.03248783407985585
32.084,0.011730040389854481
32.088,0.03848457492567174
32.092,-0.005919450103441564
32.096000000000004,-0.009794139143795115
32.1,0.053273847384061275
32.104,0.0514356947915966
32.108000000000004,0.07138726656812172
32.112,0.03370420017091294
32.116,0.031075777337230975
32.12,0.09716053523749124
32.124,0.037625040657961184
32.128,0.11201850005621053
32.132,0.1142578546538841
32.136,0.10847631940044584
32.14,0.08371914806215018
32.144,0.09474636864731192
32.148,0.11654722305802152
32.152,0.09143873708612948
32.156,0.10687947245462637
32.160000000000004,0.16221261470951223
32.164,0.17763789636773308
32.168,0.14268045883922703
32.172000000000004,0.1885071376469064
32.176,0.19050960454598304
32.18,0.23226768092972488
32.184,0.22399451275207166
32.188,0.2434080928437778
32.192,0.23093173750399748
32.196,0.25013491732537974
32.2,0.20761309376050552
32.204,0.2504788798770583
32.208,0.257913046051297
32.212,0.2527499250497153
32.216,0.27418396559844854
32.22,0.2904414581795191
32.224000000000004,0.2952075315304223
32.228,0.2831984828938273
32.232,0.2658344290607452
32.236000000000004,0.3123733992044778
32.24,0.3015124919233543
32.244,0.27434865727821856
32.248,0.2933561827676931
32.252,0.24736883200509263
32.256,0.2887329664762998
32.26,0.2869831937847472
32.264,0.2810375786344997
32.268,0.3300110168070871
32.272,0.25111587275831937
32.276,0.2917621208099338
32.28,0.330415732132084
32.284,0.30409997215918727
32.288000000000004,0.26978775578353364
32.292,0.23072928409425444
32.296,0.21846877807274712
32.3,0.2436959925299847
32.304,0.23847501283659991
32.308,0.23168163824641902
32.312,0.23091478034037444
32.316,0.23103501170848148
32.32,0.24832575519780078
32.324,0.20798307829942939
32.328,0.21674926068531508
32.332,0.21972936274663735
32.336,0.21340294800503345
32.34,0.26629593396984985
32.344,0.2277915842018955
32.348,0.17474205851703173
32.352000000000004,0.2130409028069138
32.356,0.20781823565643712
32.36,0.18970283793469628
32.364,0.16033483363006154
32.368,0.22380509288516331
32.372,0.1367336938525915
32.376,0.1679375773444337
32.38,0.15182651327550922
32.384,0.15700160470024974
32.388,0.17184689110922713
32.392,0.12563535204545656
32.396,0.08518471102489973
32.4,0.12265710422147394
32.404,0.07562513143326491
32.408,0.08463997529976859
32.412,0.033208877082572856
32.416000000000004,0.03031589902208845
32.42,0.05670002170544976
32.424,0.06464723926638571
32.428,0.005764877107487208
32.432,0.04945772058706048
32.436,0.010760478341640109
32.44,0.06594023998340481
32.444,0.028402066903329595
32.448,0.005003520158828462
32.452,0.02654304219496002
32.456,-0.0012288099686639832
32.46,0.05907223975603004
32.464,0.03406410228126885
32.468,0.030504302552784354
32.472,0.04633194372178503
32.476,0.01063503922281286
32.480000000000004,0.017423618412536368
32.484,0.07458749046000943
32.488,0.04394240519740275
32.492,0.048410535933681734
32.496,0.11568235331275777
32.5,0.156008407571033
32.504,0.19245936672889363
32.508,0.3179483724062394
32.512,0.44472383099661084
32.516,0.6640675924399055
32.52,0.7992535394834602
32.524,0.9065983119560812
32.528,1.039061514057997
32.532000000000004,1.062385749164701
32.536,1.1202645213590148
32.54,1.1491083658779093
32.544000000000004,1.1262673662566627
32.548,1.0332659614553505
32.552,0.9223360241460983
32.556,0.7759509668554138
32.56,0.6195081551884262
32.564,0.4633227829251989
32.568,0.31096406588958864
32.572,0.1971419604321661
32.576,0.10743991283459947
32.58,0.048694554043742365
32.584,-0.010257608941944364
32.588,-0.016883308771257453
32.592,0.014745431847569062
32.596000000000004,0.04846133741344979
32.6,0.03077124729789453
32.604,0.030195109156282714
32.608000000000004,0.049541818447417806
32.612,0.012405628837604186
32.616,0.07438801525744473
32.62,0.05474261875506563
32.624,0.04182557496966773
32.628,0.05524787599305417
32.632,0.04255088549212475
32.636,0.09004462505306862
32.64,0.06195147349682321
32.644,0.08098663521336491
32.648,0.09399561229520598
32.652,0.059152958955486765
32.656,0.0857549171966934
32.660000000000004,0.09924778363595774
32.664,0.06535842475588625
32.668,0.11481153446442324
32.672000000000004,0.10710044810534677
32.676,0.11644904755037985
32.68,0.1272502526620997
32.684,0.14629977286048107
32.688,0.17910964711686594
32.692,0.11742559590058659
32.696,0.14469679729171817
32.7,0.1843324284996429
32.704,0.19426229582286997
32.708,0.20052528224743849
32.712,0.2598769120456168
32.716,0.21328423159354465
32.72,0.2409550281885927
32.724000000000004,0.21967364393650343
32.728,0.20917338547132877
32.732,0.22771636536765655
32.736000000000004,0.2595738172126013
32.74,0.26572284631675813
32.744,0.27904432897562664
32.748,0.268706749995109
32.752,0.2644718463377216
32.756,0.27341700617254683
32.76,0.3074303053568024
32.764,0.3211191938823834
32.768,0.2771787197546889
32.772,0.3180548906560393
32.776,0.2835351859200028
32.78,0.3194664244802234
32.784,0.3101136960894925
32.788000000000004,0.3525587663825644
32.792,0.29580237758596134
32.796,0.3076480351957173
32.8,0.32238493914148986
32.804,0.28864636019955275
32.808,0.30332228356479757
32.812,0.28754010163985533
32.816,0.27461358579485706
32.82,0.2769635596246011
32.824,0.3156550893861088
32.828,0.2643503882296731
32.832,0.27955770785427203
32.836,0.26377048342463516
32.84,0.21898149352212062
32.844,0.26454877898742263
32.848,0.20573006088572332
32.852000000000004,0.24117322149475795
32.856,0.20190361853414407
32.86,0.21168271251291998
32.864,0.17595261862483377
32.868,0.2003173102517477
32.872,0.20455321256415016
32.876,0.1502944112224126
32.88,0.15240082661494908
32.884,0.17623246496047118
32.888,0.1664690135621963
32.892,0.07860365831082722
32.896,0.17996544023891436
32.9,0.14109384724948926
32.904,0.14391310448337288
32.908,0.11395097734000481
32.912,0.05766734662930209
32.916000000000004,0.11264816691535601
32.92,0.08161262133575735
32.924,0.10965082001078434
32.928,0.08335252273691142
32.932,0.08301071067781392
32.936,0.051129590614003656
32.94,0.09376960872457396
32.944,0.044419581854488605
32.948,0.1246530407624843
32.952,0.114261686326128
32.956,0.09407753233315326
32.96,0.08823959983519537
32.964,0.05757632181891865
32.968,0.08453541178251323
32.972,0.04399149061132196
32.976,0.0036590131083773444
32.980000000000004,0.08425524595909814
32.984,0.0792552273593346
32.988,0.04689788958230847
32.992,0.008993028023078276
32.996,0.02194943836952811
33.0,-0.0038870917016564505
33.004,0.07048226685005113
33.008,0.00428951665984606
33.012,0.04439398834944862
33.016,0.01408808603729933
33.02,0.005619225626612462
33.024,0.05365180326871036
33.028,0.03820907032479026
33.032000000000004,0.06188154322796839
33.036,0.00891403644338759
33.04,0.029708742782795484
33.044000000000004,-0.0025002277820261806
33.048,0.003785028078373817
33.052,0.10023075890907582
33.056,0.10966997426655611
33.06,0.07060827082530953
33.064,0.058870533064537545
33.068,0.07567913083537338
33.072,0.10405337421902586
33.076,0.07343764035382358
33.08,0.10418272139629166
33.084,0.10966455629640215
33.088,0.09922795630739212
33.092,0.09830519637132298
33.096000000000004,0.12092023767017997
33.1,0.09826036128535155
33.104,0.14202291157396968
33.108000000000004,0.11795979334652824
33.112,0.12588733747008565
33.116,0.1539338221183878
33.12,0.11849369137687404
33.124,0.14798942079315866
33.128,0.07365954445700099
33.132,0.09450432390453195
33.136,0.09901893380161811
33.14,0.14593249269586261
33.144,0.048133780561745235
33.148,0.08606473480705806
33.152,0.11145352211490012
33.156,0.047093729857137806
33.160000000000004,0.061323442426078616
33.164,0.07530416712509361
33.168,0.06460112030805588
33.172000000000004,0.08776350898189952
33.176,0.053868534766039165
33.18,0.07829360171928648
33.184,0.03903252378465382
33.188,0.025020315598590376
33.192,0.028929670679507975
33.196,0.0018839777954939192
33.2,0.047477287062080493
33.204,0.030629614913373467
33.208,0.02089763273965478
33.212,0.043248945133093256
33.216,0.0009408089559982853
33.22,0.05656239423677528
33.224000000000004,0.034580342957738444
33.228,0.07842375956879936
33.232,0.03869887713604104
33.236000000000004,0.06825522200161484
33.24,0.0684778125682588
33.244,0.09692480040824139
33.248,0.09911222975791929
33.252,0.09275112816034298
33.256,0.23886059092070258
33.26,0.3377855500718546
33.264,0.5161125821590181
33.268,0.6753853455269194
33.272,0.7914414314544348
33.276,0.9276079682021314
33.28,1.0872494686363499
33.284,1.1495277264925186
33.288000000000004,1.219131665524198
33.292,1.1812853434379909
33.296,1.1611275255040652
33.3,1.0608144619173767
33.304,0.9351269544837663
33.308,0.7612948104278564
33.312,0.6004267514226824
33.316,0.4545887261627298
33.32,0.2776806010128244
33.324,0.17477303612023054
33.328,0.07203407800704999
33.332,0.013527065125984995
33.336,0.027518107392854048
33.34,0.017225782893049588
33.344,0.003481904736576573
33.348,0.01733809939641997
33.352000000000004,-0.0006008415322467549
33.356,0.019823889611448698
33.36,0.04416875552776782
33.364,0.06789852595822163
33.368,0.06647787676499772
33.372,0.015762311008317584
33.376,0.06848617571110661
33.38,0.05047363462235832
33.384,0.03692904689474137
33.388,0.09635736536637471
33.392,0.09633403651584095
33.396,0.06836595313433015
33.4,0.08974679948664194
33.404,0.101822148616803
33.408,0.12061209028459538
33.412,0.10248908748049071
33.416000000000004,0.054900114759781994
33.42,0.15038698180905843
33.424,0.1391848023632987
33.428,0.10466290583541346
33.432,0.09197218930342137
33.436,0.13582859872679093
33.44,0.12992068885993982
33.444,0.15905690369355696
33.448,0.1756660606874282
33.452,0.14451479320774693
33.456,0.13739751886557341
33.46,0.1895684864725087
33.464,0.1812767552598031
33.468,0.2050817442002416
33.472,0.16975259783826957
33.476,0.20371808276841363
33.480000000000004,0.2423184070349917
33.484,0.25380500050934507
33.488,0.22500421640683313
33.492,0.2163597409665543
33.496,0.25129863713253364
33.5,0.27770773695581696
33.504,0.2860858704931635
33.508,0.26698500162488875
33.512,0.2855873020786837
33.516,0.31827518339273064
33.52,0.29561239990418614
33.524,0.25869350469758284
33.528,0.30499533879467344
33.532000000000004,0.3457501390645574
33.536,0.2612750340523648
33.54,0.3000854708838459
33.544000000000004,0.29875047768760415
33.548,0.3031733436938948
33.552,0.2963228503941305
33.556,0.31474314625189287
33.56,0.29026301057750803
33.564,0.3212401035661212
33.568,0.27894713065599985
33.572,0.2601822969269392
33.576,0.24351336785727196
33.58,0.21344450442342627
33.584,0.2638833089965465
33.588,0.2981138931902162
33.592,0.2427228189670742
33.596000000000004,0.23747333219855452
33.6,0.20662326212561144
33.604,0.20726566150550707
33.608000000000004,0.22636874772600477
33.612,0.2353725827332723
33.616,0.21058388554385496
33.62,0.18963943426805463
33.624,0.1665681582148051
33.628,0.15933286178007636
33.632,0.1189281152889569
33.636,0.09030045883452595
33.64,0.09518449333969423
33.644,0.12170587677382695
33.648,0.10266549031551449
33.652,0.058166906239463544
33.656,0.08410717524398616
33.660000000000004,0.07544336498131532
33.664,0.05279811759840922
33.668,0.06405247650239244
33.672000000000004,0.051958797999231116
33.676,0.03647824763628076
33.68,0.07521779551648446
33.684,0.004989297838436171
33.688,-0.004112160451551654
33.692,0.034048452288216235
33.696,0.030001503084338618
33.7,0.03953338035680809
33.704,0.01808085224834058
33.708,0.003130757480974484
33.712,0.015812565960898365
33.716,-2.900739544250616e-06
33.72,0.05297481050959693
33.724000000000004,0.009472014173531261
33.728,0.01194393543138787
33.732,0.06616756577306387
33.736000000000004,-0.004533299975101627
33.74,0.018335781618719998
33.744,0.024828340157961305
33.748,0.02343772360749464
33.752,0.004114917926971441
33.756,-0.0015723639297679556
33.76,0.0007739143745349145
33.764,-0.011366385491270182
33.768,0.008128001405563186
33.772,0.04285502842946769
33.776,0.019486854227662345
33.78,0.0018358473723727167
33.784,0.020696539794659234
33.788000000000004,-0.025212609488226456
33.792,-0.01761989691998144
33.796,0.009868407969404927
33.8,0.02854184199002257
33.804,-0.022696800458891917
33.808,-0.01817009198665247
33.812,0.04094075164845916
33.816,-0.013813209689185292
33.82,0.034635451200024696
33.824,-0.0004965576919057175
33.828,-0.002110936288480401
33.832,-0.02336739364192938
33.836,0.005248303328897842
33.84,0.02093383551498859
33.844,-0.033577047822984075
33.848,-0.019087660526458522
33.852000000000004,0.005154744660764023
33.856,-0.02353105133685572
33.86,-0.027309587210509113
33.864,0.015582240102484133
33.868,0.01536374794050055
33.872,-0.030902724204314027
33.876,-0.016916792496325928
33.88,-0.047114936395884696
33.884,-0.03396558369452807
33.888,-0.011033569260123898
33.892,-0.020782026840343987
33.896,-0.04828967724608485
33.9,-0.03667414872905411
33.904,-0.040046833677360796
33.908,-0.0045601040590098185
33.912,-0.07249450663437718
33.916000000000004,-0.051054295896026086
33.92,-0.06687005376701566
33.924,-0.004293502446399634
33.928,-0.06211713061171222
33.932,-0.023306183362164015
33.936,0.014844239060012903
33.94,0.02170075562707168
33.944,-0.05906650245983126
33.948,-0.007875562017821006
33.952,-0.04604908214504927
33.956,-0.05191527086102922
33.96,-0.017395335872260616
33.964,0.024129471328451627
33.968,0.009002239050865727
33.972,-0.027628995287262283
33.976,0.009526618475905285
33.980000000000004,-0.05412127894140085
33.984,-0.006277240389686217
33.988,-0.004913705391154863
33.992,0.0162682208734708
33.996,0.012989355766579187
34.0,0.026267776275135418
34.004,0.03712609376061674
34.008,0.04562246427222352
34.012,0.056835485959543706
34.016,0.0495963069502124
34.02,0.04838057091769387
34.024,0.0742125002441354
34.028,0.08454248067623232
34.032000000000004,0.0436750679171914
34.036,0.053446569870934955
34.04,0.08801999892666629
34.044000000000004,0.03429234941456211
34.048,0.10092319072447761
34.052,0.010468764619478592
34.056,0.02756055865991323
34.06,0.01198369229454328
34.064,0.08958025411351808
34.068,0.01334440884306872
34.072,-0.0004534631862034011
34.076,-0.0060597467930003845
34.08,0.004892173939074375
34.084,-0.006039805286838906
34.088,-0.008910476368065115
34.092,-0.10594197415824648
34.096000000000004,-0.022996467804497142
34.1,-0.02226966001139619
34.104,0.0054815831878057344
34.108000000000004,0.007079863163226431
34.112,-0.03992970620504246
34.116,-0.019148956457669168
34.12,-0.0631780339767748
34.124,-0.012242765736103056
34.128,-0.04916340532813649
34.132,-0.07256421739941782
34.136,-0.05064795520684638
34.14,-0.006072999329417357
34.144,-0.031682254711986414
34.148,-0.0022529738407140384
34.152,-0.06814139641820541
34.156,-0.0313671771368925
34.160000000000004,-0.07969361860155572
34.164,-0.07010726810846496
34.168,-0.09338243434037094
34.172000000000004,-0.10204395433108204
34.176,-0.1022426936512376
34.18,-0.0678451580672258
34.184,0.08085203798349622
34.188,0.24773575442894727
34.192,0.3630430194835216
34.196,0.5252213839113531
34.2,0.7815825611000442
34.204,0.9352936900291219
34.208,1.0625662644174465
34.212,1.1346041805934495
34.216,1.0954124914559054
34.22,1.0201111806406236
34.224000000000004,0.8812619264991277
34.228,0.726295241294084
34.232,0.4723546479647271
34.236000000000004,0.23309586321582804
34.24,0.060223658144314844
34.244,-0.04045468902903776
34.248,-0.16800497536845993
34.252,-0.23469158504300447
34.256,-0.1933667046914049
34.26,-0.17175611337845959
34.264,-0.16363520504064014
34.268,-0.11675372693757673
34.272,-0.0970312541737972
34.276,-0.06580364625712387
34.28,-0.043773483046637515
34.284,-0.10764058201933037
34.288000000000004,-0.04383235011198817
34.292,-0.02732268264930357
34.296,-0.04921493360912838
34.300000000000004,-0.029243323859680186
34.304,-0.002585839662015081
34.308,-0.018238841596037555
34.312,0.013925898064500938
34.316,0.006080919506033459
34.32,-0.015156934319214867
34.324,-0.006893278487797578
34.328,-0.0704768393875224
34.332,-0.009167270492413348
34.336,-0.03138128744617228
34.34,0.0196894910065267
34.344,0.030052615718639798
34.348,0.04817017948054022
34.352000000000004,0.06570574718673772
34.356,0.03535256697125112
34.36,0.10643843586400617
34.364,0.06894734195934718
34.368,0.036464553088358644
34.372,0.056608349672766616
34.376,0.06784950156511518
34.38,0.10651922770567784
34.384,0.0826924941516469
34.388,0.10575815038681381
34.392,0.11115258162618087
34.396,0.11077747894960763
34.4,0.1568544423571302
34.404,0.16703303774866357
34.408,0.1864919356899555
34.412,0.1502285686682255
34.416000000000004,0.1942797995376243
34.42,0.14331761665948328
34.424,0.15545320201702278
34.428,0.1641652934197636
34.432,0.1936493076309857
34.436,0.2266461322779127
34.44,0.19192636144062894
34.444,0.20475461744917536
34.448,0.21234092593768605
34.452,0.22749143142728645
34.456,0.20074359304871883
34.46,0.20594180842804297
34.464,0.19141890485885324
34.468,0.2078318497305322
34.472,0.24294317213937994
34.476,0.2112306707090719
34.480000000000004,0.19301103852262383
34.484,0.2441981154425559
34.488,0.1918329698660251
34.492,0.2295610191265621
34.496,0.22097020751645893
34.5,0.18637565141867832
34.504,0.14604867337570654
34.508,0.2308964313147063
34.512,0.16816538193800568
34.516,0.13969498224560464
34.52,0.16856008650067597
34.524,0.1588096407614291
34.528,0.16252546297422207
34.532000000000004,0.09666966487542342
34.536,0.10944867070895081
34.54,0.06794898115847355
34.544000000000004,0.11038109267281576
34.548,0.08145889392790946
34.552,0.07260983489962836
34.556,0.05051142235694895
34.56,0.04456632633807205
34.564,0.026041018686341424
34.568,0.056793458579685166
34.572,0.058980464332052465
34.576,-0.0022842227819622786
34.58,0.02358562530747512
34.584,0.019014609400255355
34.588,-0.0006520350988837853
34.592,-0.0525925785893903
34.596000000000004,-0.055298922540300915
34.6,-0.04236099575308745
34.604,-0.07602432623254857
34.608000000000004,0.005411696760571093
34.612,-0.03235945737323978
34.616,-0.0488497421900589
34.62,-0.10119074469570952
34.624,-0.09005050542761633
34.628,-0.05011632538154954
34.632,-0.010987901188207798
34.636,-0.08276522157794919
34.64,-0.040613818088610414
34.644,-0.07087902266294002
34.648,-0.06183852150070112
34.652,-0.04185973709423678
34.656,-0.08482039647533177
34.660000000000004,-0.08930951565616839
34.664,-0.03233153387120353
34.668,-0.07011177665213922
34.672000000000004,-0.052180022920054
34.676,-0.09980751644232183
34.68,-0.0427315102138389
34.684,-0.06618203853122209
34.688,-0.06507494663183289
34.692,-0.0803693396462171
34.696,-0.09906511487772278
34.7,-0.08128434204646054
34.704,-0.08705645293156797
34.708,-0.05457535723922237
34.712,-0.09102258561134804
34.716,-0.1257995055660117
34.72,-0.12485236663089479
34.724000000000004,-0.12042896345000856
34.728,-0.06399083258621943
34.732,-0.11515913783740359
34.736000000000004,-0.08077986991142048
34.74,-0.0787137954880437
34.744,-0.07737699651522753
34.748,-0.06605967545707883
34.752,-0.07889457251226335
34.756,-0.15120440321591372
34.76,-0.08387778221454315
34.764,-0.057044147974335366
34.768,-0.025956097867308077
34.772,-0.02846092243338256
34.776,-0.10296855947196958
34.78,-0.06750372457601235
34.784,-0.08730383597948504
34.788000000000004,-0.007005829389440277
34.792,-0.021066463853489183
34.796,-0.033904227402190866
34.800000000000004,-0.02681774011722714
34.804,0.015180900209449857
34.808,0.014461156775796801
34.812,0.011351551847798097
34.816,-0.003681915380890549
34.82,-0.014206184170455695
34.824,0.022416145194683854
34.828,0.023439662596601147
34.832,-0.007907455119335754
34.836,-0.014373880680878201
34.84,0.027036874666309926
34.844,0.043516308440943785
34.848,-0.022493791622863416
34.852000000000004,-0.021758424805069412
34.856,-0.013657104182114932
34.86,-0.010179079089103983
34.864,-0.0356797973168568
34.868,0.016120738585116187
34.872,-0.03365059447034923
34.876,-0.03914406259766789
34.88,-0.008531294613639828
34.884,-0.0634372000110737
34.888,-0.06157226535622929
34.892,-0.10222892126964782
34.896,-0.0813523850106128
34.9,-0.11201511143217922
34.904,-0.0533479333643839
34.908,-0.0662176649138328
34.912,-0.09276756892652545
34.916000000000004,-0.0922233249234387
34.92,-0.06633273346531837
34.924,-0.1091384199032035
34.928,-0.07865835819448594
34.932,-0.0739584380168224
34.936,-0.1386220793522765
34.94,-0.07149532558640687
34.944,-0.12489535249632662
34.948,-0.08840114581450752
34.952,-0.12263155638903628
34.956,-0.06312141555282619
34.96,-0.1290198974629142
34.964,-0.14624027131537948
34.968,-0.11354631353276828
34.972,-0.13199056204772375
34.976,-0.1316813953367864
34.980000000000004,-0.004874958719905308
34.984,0.05243053773391634
34.988,0.22491619983955108
34.992,0.4008999613925535
34.996,0.6080505907440473
35.0,0.7883406596274001
35.004,0.9242967571184387
35.008,0.9852507368168019
35.012,0.964329690271569
35.016,1.0175594278385856
35.02,0.9771562841747589
35.024,0.852772959901127
35.028,0.6691997567437267
35.032000000000004,0.4380503485801533
35.036,0.26799111357525324
35.04,0.16692390720562
35.044000000000004,-0.048869219218347776
35.048,-0.14305282503477862
35.052,-0.15595132544618723
35.056,-0.21479743524080488
35.06,-0.22372358793178257
35.064,-0.13061906074975518
35.068,-0.1340685044700123
35.072,-0.13789089178493877
35.076,-0.13946162942192297
35.08,-0.03958784703988212
35.084,-0.07587611621242747
35.088,-0.03582652358681274
35.092,-0.05055905895938988
35.096000000000004,-0.08396064819519279
35.1,-0.07404812987271694
35.104,-0.0151178705116621
35.108000000000004,-0.01220640365665994
35.112,-0.09749129944246744
35.116,-0.033094595226254006
35.12,-0.03753135867341658
35.124,-0.04721604808595958
35.128,-0.008781628205316144
35.132,-0.047024367268621345
35.136,-0.017161589091519942
35.14,-0.008932544588565707
35.144,0.015886091971591965
35.148,0.036814486653522195
35.152,0.019215448165801972
35.156,0.0953375241101903
35.160000000000004,0.08799690796292745
35.164,0.14036904885881973
35.168,0.10343789305632466
35.172000000000004,0.10054882290905508
35.176,0.16948460160317153
35.18,0.12956188987638095
35.184,0.15720592823536692
35.188,0.18842981556655575
35.192,0.14225462786152715
35.196,0.19741698013581632
35.2,0.2072942363705874
35.204,0.23627455815561593
35.208,0.2295335565149646
35.212,0.23652028821797358
35.216,0.20184499944369738
35.22,0.1906009692361472
35.224000000000004,0.2716983627536194
35.228,0.17902194736386293
35.232,0.17435713097527764
35.236000000000004,0.2214196304750536
35.24,0.25272427327595715
35.244,0.22135896061392496
35.248,0.23798881898964036
35.252,0.15439276631676901
35.256,0.1877239058399332
35.26,0.15693033782885066
35.264,0.22659086031269177
35.268,0.16352986613879394
35.272,0.1602250496235481
35.276,0.19956942757461005
35.28,0.21546212121173366
35.284,0.18701130332152346
35.288000000000004,0.19948814226087264
35.292,0.18843159104243415
35.296,0.16507220304571907
35.300000000000004,0.14792278522584226
35.304,0.19646279375549985
35.308,0.19969792577214643
35.312,0.20690888608249267
35.316,0.19977399494640996
35.32,0.17919640666234668
35.324,0.24318331250654746
35.328,0.24040600719785787
35.332,0.25192671485805335
35.336,0.3104012670400099
35.34,0.3946774228805017
35.344,0.5579774665501471
35.348,0.6332190893749226
35.352000000000004,0.7722942147371961
35.356,0.9087374977656772
35.36,1.0628373730946108
35.364,1.1275387325977975
35.368,1.101124078250849
35.372,1.1796683297960722
35.376,1.1539667119603472
35.38,1.0382530123892895
35.384,0.9186082812647485
35.388,0.8570029483295521
35.392,0.7377351821768818
35.396,0.594410617817265
35.4,0.38752989713705044
35.404,0.3221139887230821
35.408,0.10791763483072798
35.412,0.0640516314639044
35.416000000000004,0.006053469703352531
35.42,0.020101933683839352
35.424,0.014905363077855616
35.428,-0.0013218297291715392
35.432,-0.06776106020814596
35.436,-0.015755233066820765
35.44,-0.020480094784208737
35.444,-0.0712184371454267
35.448,-0.0850617169412486
35.452,-0.015629189177516486
35.456,-0.04852782977167405
35.46,-0.0698001838355371
35.464,-0.035676821103124284
35.468,-0.021325350084865198
35.472,-0.036693173884369774
35.476,-0.07218859578897285
35.480000000000004,0.02337108149243379
35.484,0.01142745690118061
35.488,-0.019410944918443286
35.492,-0.020192943844535426
35.496,-0.0003218404042107624
35.5,-0.025746186276138814
35.504,0.022763400714006215
35.508,-0.013871062532158814
35.512,0.017828536667129493
35.516,-0.004206311513290845
35.52,0.010682126605590495
35.524,0.09370070468091836
35.528,0.06034216271543344
35.532000000000004,0.06570872166963115
35.536,0.016968700634622767
35.54,0.06709579201120083
35.544000000000004,0.10842562255517206
35.548,0.10879571406317287
35.552,0.052271978587698345
35.556,0.11830886827037018
35.56,0.13708574646977734
35.564,0.17464753569401736
35.568,0.13270046966060578
35.572,0.09440678615628041
35.576,0.1314550883593097
35.58,0.1423567638346389
35.584,0.20116134605902505
35.588,0.11939692305826989
35.592,0.17525096072489915
35.596000000000004,0.2255224504675044
35.6,0.20071783119704745
35.604,0.23292339294677977
35.608000000000004,0.17084747465890404
35.612,0.1676035399421535
35.616,0.24345546826109832
35.62,0.21703358122322797
35.624,0.2232773483876389
35.628,0.19026001821899402
35.632,0.212595215185094
35.636,0.17739205108104997
35.64,0.23881062302485984
35.644,0.27970520926359543
35.648,0.21739528994977597
35.652,0.17767529530679396
35.656,0.1227130638594386
35.660000000000004,0.14375935378310664
35.664,0.2240329565543283
35.668,0.15036239443161148
35.672000000000004,0.1524593492318064
35.676,0.16826279150616286
35.68,0.18666752074320972
35.684,0.1421045545879925
35.688,0.12638668924495428
35.692,0.12269732732834962
35.696,0.0944166799023872
35.7,0.09282599171033012
35.704,0.11456033653656272
35.708,0.09817754891460924
35.712,0.1313642630039546
35.716,0.07860984344612892
35.72,0.09406678914243695
35.724000000000004,0.036387838236770095
35.728,0.06655614141167902
35.732,0.02102245419363544
35.736000000000004,0.03983402909786614
35.74,0.04622111422543548
35.744,0.02965220007978183
35.748,0.08044559772529027
35.752,0.04329631611697809
35.756,0.02958945717890528
35.76,0.02006538057670205
35.764,0.046190898632036737
35.768,-0.04021208349450486
35.772,0.019034939168896495
35.776,-0.0457397314663623
35.78,-0.032605426657618786
35.784,-0.001701379864112812
35.788000000000004,0.010254056298304313
35.792,-0.05885985406089623
35.796,-0.04714960047664739
35.800000000000004,-0.028088297046319682
35.804,-0.03115321039705568
35.808,-0.00878923587195592
35.812,0.04743036689224302
35.816,-0.03126189632215075
35.82,-0.055353643697688526
35.824,-0.06446696584269329
35.828,-0.04301715776974567
35.832,-0.06597510927094637
35.836,-0.033378972917506834
35.84,-0.028380787039906957
35.844,-0.04578520544945119
35.848,0.013086612364949672
35.852000000000004,-0.062057921494237916
35.856,-0.048855659491775325
35.86,-0.02414778467222181
35.864,-0.012033877635274977
35.868,-0.004447620615205074
35.872,-0.03256299566790519
35.876,-0.018984769551935902
35.88,-0.055953382475275364
35.884,-0.0104173896056165
35.888,-0.012659952253313445
35.892,-0.0042205084300943885
35.896,-0.08562880555638161
35.9,-0.060573524927890074
35.904,-0.011280192935720648
35.908,-0.09998398390316354
35.912,-0.028106542424737507
35.916000000000004,-0.015737742194800137
35.92,-0.05057662221627177
35.924,-0.0408514932891423
35.928,-0.05876153860691359
35.932,-0.05162849307279388
35.936,-0.052709053726039325
35.94,-0.0513825143853035
35.944,-0.046668055455992064
35.948,-0.03680011349078533
35.952,-0.0437738725525841
35.956,0.008360748819498012
35.96,-0.04225648592528389
35.964,-0.017706543889599635
35.968,-0.04252601638647968
35.972,-0.04951056528248743
35.976,-0.07917215926951235
35.980000000000004,-0.06975253186893193
35.984,-0.05454786497687497
35.988,-0.021569728683685813
35.992,-0.005919075879721774
35.996,-0.07927493249386595
36.0,-0.04223039406593086
36.004,-0.05656533306478055
36.008,-0.030767418007457564
36.012,-0.003895710988405781
36.016,-0.0437008734355444
36.02,-0.027545987213298352
36.024,0.016226198898366927
36.028,-0.010344606416839477
36.032000000000004,-0.04724563085523248
36.036,-0.02576824720032246
36.04,-0.04393815593709523
36.044000000000004,-0.006113350433922821
36.048,-0.0048376421990094474
36.052,-0.057664729858019084
36.056,-0.01974978029170636
36.06,-0.019530381131993933
36.064,0.004905353100781438
36.068,0.012454402626388852
36.072,-0.00045285391647238715
36.076,-0.018687961850411647
36.08,0.02188283936664188
36.084,-0.01312037346580304
36.088,-0.02154890263416004
36.092,-0.07008128024965021
36.096000000000004,0.011650087953192412
36.1,0.0046585892477703505
36.104,0.047126099194194665
36.108000000000004,-0.007945632878551774
36.112,0.024331280268321313
36.116,0.05604324432799969
36.12,0.029752767153599674
36.124,0.07632051796849085
36.128,0.05408717507131275
36.132,0.06332489961937633
36.136,0.07900682228377773
36.14,0.09472458469527141
36.144,0.07887501671674149
36.148,0.05288247318518746
36.152,0.05253501480585762
36.156,0.07459164681923311
36.160000000000004,0.03488904752034641
36.164,0.057060856598590046
36.168,0.0445810653175569
36.172000000000004,0.039171230293228027
36.176,0.008781767384196344
36.18,-0.012121781667699533
36.184,0.04751942076459543
36.188,0.05132268333470891
36.192,-0.029366269456480402
36.196,0.018194307963592497
36.2,0.0379508051735155
36.204,0.0281668340337692
36.208,-0.0021419546676345273
36.212,-0.02470728024740387
36.216,-0.0031758858061882154
36.22,0.005198841334539959
36.224000000000004,0.005957074007436567
36.228,-0.003963720355720141
36.232,-0.034161574233641606
36.236000000000004,0.0009325426589000818
36.24,0.007675141725366716
36.244,0.006636063308887357
36.248,0.0023690255910664352
36.252,0.03474666585677935
36.256,-0.025057846428572964
36.26,0.027158668334576974
36.264,-0.021239215251062836
36.268,0.014925287725734506
36.272,-1.3828217804389559e-05
36.276,-0.048743166485148974
36.28,0.012251241629278192
36.284,0.024734766240654904
36.288000000000004,0.0668758134494177
36.292,0.19281492820072219
36.296,0.38141401139311265
36.300000000000004,0.5518255987324688
36.304,0.6780525520453976
36.308,0.8535793316568187
36.312,0.9802765664821449
36.316,1.0429258088437277
36.32,1.1500759980492417
36.324,1.0745833401232463
36.328,0.9806849768852456
36.332,0.8729979546027965
36.336,0.6666572567172008
36.34,0.5259198365817944
36.344,0.2871843160551223
36.348,0.15789264790872265
36.352000000000004,0.06368342795349143
36.356,-0.010904658319738053
36.36,-0.11015443769677766
36.364,-0.12079712411286334
36.368,-0.07687119119217424
36.372,-0.09154528241497331
36.376,-0.05920568163144651
36.38,-0.0015635079831751268
36.384,-0.013067814223859274
36.388,-0.037746588549224434
36.392,-0.01938631180145302
36.396,0.01719427521271724
36.4,-0.01953939432053459
36.404,0.028991553951314763
36.408,0.002898762762947975
36.412,0.07517501702820566
36.416000000000004,0.089857623685309
36.42,0.01897901166540183
36.424,0.0618546776028808
36.428,0.03385498923979072
36.432,0.048011910957634435
36.436,0.10391635971900283
36.44,0.05846898738230735
36.444,0.07462940666125896
36.448,0.062311759546068504
36.452,0.11408283540456367
36.456,0.008598026350849289
36.46,0.09206087573604832
36.464,0.11523345526704949
36.468,0.10549744526442585
36.472,0.14464022187789888
36.476,0.15923378805783744
36.480000000000004,0.10809943479038736
36.484,0.21012013648477396
36.488,0.12882494979365397
36.492,0.198456791303252
36.496,0.1767348560598262
36.5,0.17502231921073286
36.504,0.19194721336256126
36.508,0.20791217556375702
36.512,0.21548887740899283
36.516,0.1934549778315573
36.52,0.22439900085613096
36.524,0.22443594195379038
36.528,0.21850757300085055
36.532000000000004,0.2283166847495869
36.536,0.22424681710288338
36.54,0.25408388089041306
36.544000000000004,0.2864052035066977
36.548,0.2811038639303787
36.552,0.3244006248619136
36.556,0.22091615155226774
36.56,0.2962125957271533
36.564,0.29220159404176166
36.568,0.3113557452476944
36.572,0.30216434900129013
36.576,0.27752931756586235
36.58,0.2905023192589707
36.584,0.27137288649951224
36.588,0.30049418450123105
36.592,0.22778326940308433
36.596000000000004,0.2879817005377654
36.6,0.2690377042377623
36.604,0.2579004542793089
36.608000000000004,0.2562856188020157
36.612,0.2447627134883564
36.616,0.27223875158721017
36.62,0.31919195037126785
36.624,0.2670533133462715
36.628,0.212448382725661
36.632,0.2272421572572994
36.636,0.21794120103136683
36.64,0.17535044843224076
36.644,0.16425936781123834
36.648,0.18359086748710027
36.652,0.18991372752903224
36.656,0.1189220861005082
36.660000000000004,0.13869407634807318
36.664,0.16868824765366955
36.668,0.14537618342894384
36.672000000000004,0.16505054288814194
36.676,0.08479481073104497
36.68,0.1774788932640637
36.684,0.07911488778512972
36.688,0.05814946979867276
36.692,0.09416768486630807
36.696,0.059245005621962915
36.7,0.08682472552168152
36.704,0.08647456773801972
36.708,0.07639739457467357
36.712,0.04866376825965128
36.716,0.07417248100270102
36.72,0.0572583845623437
36.724000000000004,0.0949269141567331
36.728,0.05737975568412053
36.732,0.02773639734900332
36.736000000000004,0.00476701577686451
36.74,0.0459057132092203
36.744,0.02196765994641743
36.748,0.015777628215147686
36.752,0.05387856794263262
36.756,-0.007515091995708788
36.76,0.07653241316166692
36.764,0.049687370728675316
36.768,0.041331291451019395
36.772,0.008555875986267128
36.776,0.050531584907397675
36.78,0.03634657618412614
36.784,0.02436604333725072
36.788000000000004,0.043819087589290956
36.792,-0.010733101338815138
36.796,-0.012087052081186277
36.800000000000004,0.00620138097504544
36.804,0.04841080563938655
36.808,0.0372214989088702
36.812,0.05632736825222207
36.816,0.004814563677877304
36.82,0.047810985331163056
36.824,0.03625553032086291
36.828,0.013322168793123087
36.832,0.039473571159980514
36.836,0.0260241605230509
36.84,0.01768043846649064
36.844,0.04020433837717748
36.848,0.03378593733899274
36.852000000000004,0.026186053727535828
36.856,0.017597706779953353
36.86,0.001064124087530094
36.864000000000004,0.0413361540756778
36.868,0.01729524751065687
36.872,0.004879195450877179
36.876,0.02226931781451107
36.88,0.05242351773894074
36.884,0.04449939124406658
36.888,0.024480455722911833
36.892,0.016500882453178434
36.896,0.04457824166925277
36.9,-0.025452335456471825
36.904,0.0601819291406793
36.908,-0.008708386484103249
36.912,-0.004224499216018418
36.916000000000004,0.016194704806331246
36.92,0.08907914363341496
36.924,0.08253420641306843
36.928,0.05614556153121292
36.932,0.040405655022281994
36.936,-0.017184468738169652
36.94,0.039055539012281974
36.944,0.02716795224649711
36.948,0.018355449441887224
36.952,0.03563989362985377
36.956,0.017861217613929104
36.96,0.057124285838883834
36.964,-0.0072565404564743086
36.968,0.04087987419080166
36.972,0.010013311825122474
36.976,0.019607480703065183
36.980000000000004,0.04320531880256065
36.984,0.013395922001735738
36.988,0.04328509176369688
36.992,0.026845381848353764
36.996,0.013485182610451805
37.0,0.023965198184050372
37.004,0.03759304061434121
37.008,0.020099956975896817
37.012,0.03243613890150886
37.016,0.02313873486108153
37.02,0.02052909784966067
37.024,0.08127289904266277
37.028,0.0497352279096852
37.032000000000004,0.022737687140705606
37.036,0.03377473478911788
37.04,0.010164091564950507
37.044000000000004,0.030619349821278907
37.048,0.031352457016047906
37.052,0.0011241793543786197
37.056,0.03978898467170261
37.06,0.023159567274627507
37.064,0.03260564914963541
37.068,0.025078464705778236
37.072,0.10620175838897863
37.076,0.013458626880075989
37.08,-0.016009753702341027
37.084,0.0013897229797196764
37.088,0.05816316272116809
37.092,0.06550838534291156
37.096000000000004,0.012840098107694275
37.1,0.06753039180933265
37.104,0.059765720139701425
37.108000000000004,0.034270020498847774
37.112,0.02540082753201664
37.116,0.034210201771431976
37.12,0.057284977634051444
37.124,0.05093879269792477
37.128,0.02185581411565893
37.132,0.027314359340138768
37.136,0.07896615035971091
37.14,0.041363626331516384
37.144,0.06246285989232641
37.148,0.05198505370967995
37.152,0.038204014008106905
37.156,0.03184121518388712
37.160000000000004,0.05719588625384975
37.164,0.058362297039358565
37.168,0.04474047826874227
37.172000000000004,0.013669933005359205
37.176,0.038395370548833074
37.18,0.03270733092295626
37.184,0.032300022521924744
37.188,0.10471151017457225
37.192,-0.007874506386166488
37.196,0.05229583352570734
37.2,0.012381220088221647
37.204,0.042840646310932796
37.208,0.10150003409876564
37.212,0.0060747058892147675
37.216,0.009757292291902659
37.22,0.03302021251149798
37.224000000000004,0.017879386931959604
37.228,0.05887482060370487
37.232,0.016247799294247772
37.236000000000004,0.04367051810279656
37.24,-0.0003164141674576945
37.244,-0.00666660248027949
37.248,0.030482304413725413
37.252,-0.010178973291664003
37.256,0.06468888627667492
37.26,-0.005930658032660373
37.264,0.011952393683744834
37.268,0.045927097897976304
37.272,0.013743632894567506
37.276,-0.011869139156430612
37.28,0.08266138390923425
37.284,0.012191113250999058
37.288000000000004,0.030007235771228467
37.292,0.022489887629006017
37.296,0.043155464705397883
37.300000000000004,0.04251896844905485
37.304,0.01585127835750987
37.308,0.026050000225418805
37.312,0.021323103951367266
37.316,0.043395386538708364
37.32,0.0010270461522351206
37.324,0.08625626479057844
37.328,0.014514212469763199
37.332,0.02610380225198148
37.336,-0.004956418898794373
37.34,-0.00277758441552094
37.344,0.013485762186633995
37.348,0.008918361626819134
37.352000000000004,0.015854644989021623
37.356,-0.0002692684700624087
37.36,0.047590462903087896
37.364000000000004,0.0167726264414569
37.368,0.012447017620800378
37.372,0.01876663957330359
37.376,0.05235648462499319
37.38,0.040058159654903655
37.384,0.03971291983602584
37.388,0.006425734691943574
37.392,0.009310602103275181
37.396,0.006902018577388619
37.4,0.08090349386050898
37.404,0.07136462447449339
37.408,0.03901737793557508
37.412,0.04445889657494878
37.416000000000004,0.04117183587051457
37.42,0.051029241857583583
37.424,0.09617721241895005
37.428,0.08106176236914145
37.432,0.13879220802588868
37.436,0.12103899201697049
37.44,0.1328736414467552
37.444,0.12656284154133524
37.448,0.10010455664268957
37.452,0.12064722610085182
37.456,0.09581199757254948
37.46,0.15088355208542273
37.464,0.12470072311333508
37.468,0.11664651987980892
37.472,0.10287747559749941
37.476,0.1368039554157226
37.480000000000004,0.05819110373734482
37.484,0.140149864207593
37.488,0.08140665892330722
37.492,0.03767352851079613
37.496,0.0456041059737977
37.5,0.022702225102409677
37.504,0.08010410679125052
37.508,0.030044066113556697
37.512,0.047997616910634075
37.516,0.06525764893342505
37.52,0.021605083499088743
37.524,0.03370784046999624
37.528,0.002433757130704442
37.532000000000004,0.015503494457469433
37.536,0.08505397466736127
37.54,0.04390675138937705
37.544000000000004,0.021925982316077265
37.548,0.009735917715351969
37.552,0.01581352132319456
37.556,0.017061607480012973
37.56,0.008332502933035986
37.564,0.03722563257438931
37.568,-0.0024586504198870034
37.572,-0.010110159899534114
37.576,0.019829580754979433
37.58,-0.015852764398485663
37.584,0.030915522517498847
37.588,-0.0003480648850684823
37.592,-0.06426508561345569
37.596000000000004,-0.02121075680140152
37.6,-0.040568835325347
37.604,0.0817142191304067
37.608000000000004,0.15689463362337797
37.612,0.34209081055858404
37.616,0.48523396302446387
37.62,0.6105609625922993
37.624,0.7570260753547416
37.628,0.9282124647723191
37.632,1.0143644196155823
37.636,1.1444030801117617
37.64,1.1035228387639764
37.644,1.0736863179852998
37.648,0.9288633201749117
37.652,0.7711263068940958
37.656,0.5947545124778225
37.660000000000004,0.4452955382393753
37.664,0.2599635198835406
37.668,0.07997518270080642
37.672000000000004,0.033642885746646665
37.676,-0.08233557419906015
37.68,-0.10978162717135595
37.684,-0.1641466924228016
37.688,-0.06278960948742571
37.692,-0.05868542207098636
37.696,-0.03634940430778765
37.7,-0.022798929807121546
37.704,-0.006411574202018719
37.708,0.006674339718510459
37.712,0.027033725108108794
37.716,0.033688196337464824
37.72,0.020973036612982984
37.724000000000004,0.059087671193891425
37.728,0.034078440537165404
37.732,0.019414739252671842
37.736000000000004,0.038066804988868615
37.74,0.008381549228070377
37.744,0.057753849791349274
37.748,0.01538804440193891
37.752,0.025714064245798144
37.756,0.0036159386774356622
37.76,0.06060794724777381
37.764,0.11647040172844093
37.768,0.07699872005293924
37.772,0.09516995095399558
37.776,0.14223958160005784
37.78,0.10608030975253052
37.784,0.08968859083150602
37.788000000000004,0.09835552993083703
37.792,0.11466011607880468
37.796,0.1045118465118708
37.800000000000004,0.12014339329548804
37.804,0.17263623146309803
37.808,0.17978952340463736
37.812,0.11428359221897494
37.816,0.1412119163996673
37.82,0.16412846417606905
37.824,0.20468210747879795
37.828,0.2242318355540113
37.832,0.26408463839815116
37.836,0.19039589902697698
37.84,0.20472443357232695
37.844,0.2425476778148972
37.848,0.21518906742781804
37.852000000000004,0.22778621197062857
37.856,0.224352181232725
37.86,0.1799219137339504
37.864000000000004,0.25866728666510924
37.868,0.25261388722527667
37.872,0.2849816458468093
37.876,0.2535266291159328
37.88,0.2293591139454564
37.884,0.26086104035860347
37.888,0.21297310670546968
37.892,0.22727313993474074
37.896,0.26983912369314905
37.9,0.25130414448048155
37.904,0.2833468723890519
37.908,0.20530438389292388
37.912,0.237043354364963
37.916000000000004,0.22406149256748087
37.92,0.25995627828435697
37.924,0.2524127107078248
37.928,0.24276673584500555
37.932,0.2510075232557832
37.936,0.19347690265864056
37.94,0.2337743748521124
37.944,0.17169162748845104
37.948,0.16002576854476944
37.952,0.19003730915391964
37.956,0.12249436103182285
37.96,0.171116228493584
37.964,0.15597087471132148
37.968,0.1689965863015534
37.972,0.12465761253807828
37.976,0.11646188934496812
37.980000000000004,0.12473622245266842
37.984,0.09256094139615637
37.988,0.08092108302372655
37.992,0.09525451188174106
37.996,0.07262097674957467
38.0,0.06130551608038889
38.004,0.06786156850676232
38.008,0.10067352546607841
38.012,0.0360703615731941
38.016,0.0268937721448696
38.02,-0.0042157425829352085
38.024,0.03752959538205409
38.028,0.04758201073225861
38.032000000000004,0.040096938349174154
38.036,0.015130344905298722
38.04,0.037757460624078185
38.044000000000004,0.033886048526808224
38.048,0.037581450970181146
38.052,0.023925242727923776
38.056,0.033268108309673645
38.06,-0.007384291182507044
38.064,-0.03324171396080625
38.068,0.011940463346956061
38.072,0.005607041951458079
38.076,0.02115427532619473
38.08,0.017810689007883476
38.084,0.03845184207183423
38.088,0.0016107756791681124
38.092,-0.0166041345217574
38.096000000000004,-0.060390948237842704
38.1,-0.013508702436991208
38.104,-0.030368244860120297
38.108000000000004,-0.014408523629989312
38.112,-0.02626749700953849
38.116,-0.018825680948114973
38.12,-0.028091511290037837
38.124,0.0027341936822819143
38.128,-0.09153971682615511
38.132,-0.02636089977692292
38.136,-0.00378653056624605
38.14,0.018083572209833854
38.144,-0.0051585850261573404
38.148,0.016013571520513678
38.152,-0.029388107019066627
38.156,-0.03615044499315583
38.160000000000004,-0.017695052770886517
38.164,-0.025704904555117456
38.168,-0.047752695532097114
38.172000000000004,-0.04850711825356484
38.176,-0.06597980828312969
38.18,-0.019623040941521827
38.184,-0.027197808293781135
38.188,-0.03902042723487142
38.192,-0.051580179352586186
38.196,-0.02730869232160741
38.2,-0.015056495356636598
38.204,-0.057460158811373244
38.208,-0.06390239447808713
38.212,-0.015232003502862274
38.216,-0.0759817343864394
38.22,-0.022537102967333626
38.224000000000004,0.009579225268137148
38.228,0.007133666219571622
38.232,-0.02227649851490415
38.236000000000004,-0.025504094176686105
38.24,0.018459526541346603
38.244,-0.09081070934292096
38.248,-0.04655670657371269
38.252,-0.02110621398150649
38.256,-0.053246010956920026
38.26,-0.008427677513863162
38.264,-0.03501323616337072
38.268,-0.03322795891123803
38.272,-0.05075334383674104
38.276,-0.059439331116974956
38.28,-0.05465736856032988
38.284,-0.02880246714787504
38.288000000000004,-0.05743265538666471
38.292,-0.02159803714465664
38.296,-0.03158225958955159
38.300000000000004,-0.015025183731596607
38.304,-0.0653302847511977
38.308,-0.08207551970600763
38.312,-0.047047346009169155
38.316,0.023048154318683352
38.32,-0.012358679689157298
38.324,-0.05246592839213772
38.328,-0.030467626387964686
38.332,-0.030239019805421964
38.336,-0.08511166139096799
38.34,-0.011247387769632737
38.344,-0.044258487058093786
38.348,-0.044809478706658336
38.352000000000004,-0.049289955267477883
38.356,-0.023738119418163027
38.36,-0.06581098120091856
38.364000000000004,-0.08418418907923712
38.368,-0.035899229933386075
38.372,-0.10240021562764356
38.376,-0.06129687922725536
38.38,-0.018670649070229632
38.384,-0.028437021193243914
38.388,-0.01931192955355555
38.392,-0.03719092602067935
38.396,0.005104959585589416
38.4,-0.0644257160308136
38.404,-0.03433134100885017
38.408,-0.057687091920088605
38.412,-0.030135852065591148
38.416000000000004,-0.058041813120429525
38.42,-0.008090447339790321
38.424,-0.05888962196458986
38.428,-0.012883194340351949
38.432,-0.040547301414390155
38.436,-0.05862644394125908
38.44,-0.0388054989028996
38.444,-0.04038505563277086
38.448,-0.04045232941931408
38.452,-0.061829744927292735
38.456,-0.0766290908814194
38.46,-0.062010022260736965
38.464,-0.0902541462957851
38.468,-0.02955345823706512
38.472,-0.08878009541982734
38.476,-0.06576558508105326
38.480000000000004,-0.03865909613732439
38.484,-0.028409474464017256
38.488,-0.09617917369010479
38.492,-0.06139969074989706
38.496,-0.05002501418373755
38.5,-0.05474571913181941
38.504,-0.016970041685672517
38.508,-0.07352714170436206
38.512,-0.11149012924569635
38.516,-0.04241255937055738
38.52,-0.07061676711844316
38.524,-0.09567028545810884
38.528,-0.05807094530642262
38.532000000000004,-0.03061757853072255
38.536,-0.09536066227390197
38.54,0.00011048773968599934
38.544000000000004,-0.07374471749150793
38.548,-0.05301483196078141
38.552,-0.09293281769118533
38.556,-0.06380303020468779
38.56,-0.06268796310995159
38.564,-0.0910807479475232
38.568,0.014419029547315249
38.572,-0.07586524908996652
38.576,-0.07822288974680104
38.58,-0.03612708512382329
38.584,-0.009486374236247944
38.588,-0.029055654397910677
38.592,-0.09449179431477242
38.596000000000004,-0.061484566721437026
38.6,-0.10834871024090706
38.604,-0.03325194076394859
38.608000000000004,-0.09903846217992088
38.612,-0.08547482399286022
38.616,-0.06783510215304352
38.62,-0.05110223520840491
38.624,-0.06322111747907151
38.628,-0.021074986504749302
38.632,-0.048197205381257435
38.636,-0.052510375787995583
38.64,-0.09382580738202131
38.644,-0.015066804001593846
38.648,-0.07997169373117063
38.652,-0.023672173156544185
38.656,-0.01889543091623211
38.660000000000004,-0.05108502980294623
38.664,-0.03254951597220524
38.668,-0.13775406303481688
38.672000000000004,-0.07275739324301396
38.676,-0.04265098208514148
38.68,-0.04152315346741454
38.684,-0.08955177214795296
38.688,-0.06869965834488749
38.692,-0.13192267196569368
38.696,-0.0604515854103939
38.7,-0.11220883268754554
38.704,-0.03117529747981472
38.708,-0.0320161510443634
38.712,-0.08039707191440311
38.716,-0.05749771912020766
38.72,-0.06994896211393548
38.724000000000004,-0.05232079680482471
38.728,-0.08860171470395614
38.732,-0.05056056381989932
38.736000000000004,-0.10821231547646779
38.74,-0.10578619137918652
38.744,-0.0555717921217087
38.748,-0.05775674229601792
38.752,-0.05002886443735862
38.756,-0.07205853624073699
38.76,0.0007503858554165563
38.764,-0.03241243293791267
38.768,-0.028004917641218652
38.772,-0.030685139239103515
38.776,-0.007039824813208875
38.78,-0.005998341303512074
38.784,0.0025675500972386373
38.788000000000004,0.014000914166725921
38.792,-0.05091782619026913
38.796,-0.04630020928507082
38.800000000000004,0.007544506536670223
38.804,0.014911093245146195
38.808,0.03603193727561364
38.812,0.017864899190874327
38.816,0.0315187191071979
38.82,-0.007839810693465926
38.824,0.028166894938226984
38.828,-0.009014442247251089
38.832,0.02427782314231792
38.836,-0.03838504483908227
38.84,0.01826919922334011
38.844,-0.02687049452330898
38.848,-0.007840946459294288
38.852000000000004,0.010812926502383502
38.856,-0.014452074441696553
38.86,-0.06193978220640768
38.864000000000004,-0.038089692989004435
38.868,-0.06687505802236325
38.872,-0.08423847107891538
38.876,-0.04610730455672143
38.88,-0.03381676885829132
38.884,-0.03504938246421934
38.888,-0.03659492399830555
38.892,-0.06192046679738739
38.896,-0.07307360970461244
38.9,-0.08936804343291939
38.904,-0.06946718337460313
38.908,-0.09498041494701426
38.912,-0.09115066703666987
38.916000000000004,-0.07076063890690552
38.92,-0.07079800259890343
38.924,0.014084113876346602
38.928,-0.09858098625443645
38.932,-0.07527180482097852
38.936,-0.11036652495856555
38.94,-0.08043021229396104
38.944,-0.07819639003577267
38.948,-0.05938017694434602
38.952,-0.11097157684672165
38.956,-0.11571702644570071
38.96,-0.10859042344345479
38.964,-0.08699139628820943
38.968,0.014205949758531768
38.972,0.1437029708901339
38.976,0.3170996831004115
38.980000000000004,0.5164510698886368
38.984,0.6833180462496147
38.988,0.8447709107304363
38.992,0.9329668634100992
38.996,1.0733219106579663
39.0,1.077447250969149
39.004,1.0866139988032615
39.008,1.0061871315318733
39.012,0.8186395023976191
39.016,0.61775269722643
39.02,0.45497570608416477
39.024,0.2802966091041559
39.028,0.09405351363783598
39.032000000000004,-0.05131224202476528
39.036,-0.11530915428457245
39.04,-0.1596564199036855
39.044000000000004,-0.18859642584789546
39.048,-0.21274585480674288
39.052,-0.14338433792707123
39.056,-0.14903330459922876
39.06,-0.09432588001345554
39.064,-0.0711356749198603
39.068,-0.1108555045807394
39.072,-0.05965690759274285
39.076,-0.0449553588728028
39.08,-0.03179231223262831
39.084,-0.035435550375895804
39.088,-0.08653747651323204
39.092,-0.008708319486657685
39.096000000000004,-0.028788956975006344
39.1,-0.05940064761346106
39.104,-0.038943015575561714
39.108000000000004,-0.010946220572147449
39.112,-0.0017334036105977335
39.116,-0.027696410058128708
39.12,0.0166201732374295
39.124,-0.03699320702215533
39.128,-0.013914281143966
39.132,-0.039655820224422114
39.136,-0.00545152885324815
39.14,0.06794022730422405
39.144,0.09526043601931347
39.148,0.05567347182829089
39.152,0.035245321729539994
39.156,0.052185317032954676
39.160000000000004,0.08418223146556954
39.164,0.04807572027169317
39.168,0.07989127332533102
39.172000000000004,0.1323488556359921
39.176,0.07752499710492022
39.18,0.10001240826095793
39.184,0.13407698052989003
39.188,0.1478311689143638
39.192,0.1270833460779902
39.196,0.15122708686442007
39.2,0.17868716244692337
39.204,0.2263563977657937
39.208,0.17969664393233248
39.212,0.18200946079426755
39.216,0.22576686170442117
39.22,0.1857002366644453
39.224000000000004,0.1775457848085009
39.228,0.21958303505159854
39.232,0.2373240069135549
39.236000000000004,0.22067378078616032
39.24,0.2175703624651217
39.244,0.1913474419667928
39.248,0.22497272050522601
39.252,0.250453365901925
39.256,0.18602900350719181
39.26,0.21510410330646682
39.264,0.21508712672006414
39.268,0.20222752944173522
39.272,0.2151468692197403
39.276,0.21347254813540123
39.28,0.21386402695497045
39.284,0.17864558921448756
39.288000000000004,0.15346893505446843
39.292,0.18732427654053044
39.296,0.15865767126780608
39.300000000000004,0.21526831898590734
39.304,0.21406424354100814
39.308,0.20616925651219348
39.312,0.11723113702176158
39.316,0.1439883734963089
39.32,0.1483070841386457
39.324,0.14220096403598687
39.328,0.1031893903311295
39.332,0.12799826454615243
39.336,0.08495991243856738
39.34,0.08509633178590556
39.344,0.0405659918176899
39.348,0.08457339006375475
39.352000000000004,0.04675646900117031
39.356,0.05484573350799844
39.36,0.04724785921174341
39.364000000000004,0.04435630658362411
39.368,0.029602753403537015
39.372,0.03679792779636515
39.376,0.0037789930874522508
39.38,-0.027761885827851114
39.384,0.023072876937843365
39.388,-0.018668303664847043
39.392,-0.04335691358476134
39.396,-0.042387754522849125
39.4,-0.00810044118403638
39.404,-0.015616281586127899
39.408,-0.07210572410388857
39.412,-0.03853261079989693
39.416000000000004,-0.004697266237755519
39.42,-0.04203475434078292
39.424,-0.03145292150880532
39.428,-0.005446318655931797
39.432,-0.020484476382955842
39.436,-0.018592563837930544
39.44,-0.1091325180884661
39.444,0.008017951251758006
39.448,-0.022631558631617678
39.452,0.015051758962812675
39.456,-0.06897505744620921
39.46,-0.08842381962389477
39.464,-0.03896471663193808
39.468,-0.048621373451289376
39.472,-0.03276996269170539
39.476,-0.024657587320064074
39.480000000000004,-0.04817387964569427
39.484,-0.046405586936008686
39.488,-0.0295452771422636
39.492,-0.0560704608150894
39.496,-0.06029282705648918
39.5,-0.02007126088904239
39.504,-0.008677705095696625
39.508,-0.015101960326413616
39.512,-0.053283930062192286
39.516,-0.10455387536251921
39.52,-0.048839954578928424
39.524,-0.05814320538931382
39.528,-0.04436721316051151
39.532000000000004,-0.06469301549847807
39.536,-0.05034127591962202
39.54,-0.06981638023658089
39.544000000000004,-0.06985603277977191
39.548,-0.009153356845330144
39.552,-0.07071231697497095
39.556,-0.04833369311508293
39.56,-0.018459583302030243
39.564,-0.01344121020326534
39.568,-0.018286291836767374
39.572,-0.03731506583181873
39.576,-0.02863916565597298
39.58,-0.006375957922448598
39.584,-0.024039099880656195
39.588,-0.08243997650234716
39.592,-0.05644023956928914
39.596000000000004,-0.027658930067401312
39.6,-0.05469907323575172
39.604,0.007529205782281133
39.608000000000004,-0.03638903997536167
39.612,-0.03938663887391525
39.616,-0.01523224808700081
39.62,-0.04186765142485804
39.624,-0.026833591238607114
39.628,-0.01059110608936965
39.632,-0.07657705594991071
39.636,-0.04872869849657504
39.64,-0.014806074494027776
39.644,-0.02783226188987814
39.648,0.005389038759422919
39.652,-0.07738696029433483
39.656,-0.08205844507486212
39.660000000000004,-0.014498561919892183
39.664,-0.0060266497889929875
39.668,-0.03431894846720474
39.672000000000004,-0.026166312372346123
39.676,-0.0193595011515281
39.68,-0.05226263073341337
39.684,-0.04351248713389129
39.688,-0.022908182914785635
39.692,-0.011731847798301033
39.696,-0.06529082672167681
39.7,-0.035011365720220185
39.704,-0.030088281802412818
39.708,-0.015337979340261206
39.712,-0.03268174927351142
39.716,-0.047913877377929286
39.72,0.003031851998910349
39.724000000000004,-0.035578221498213256
39.728,-0.03119865292479312
39.732,-0.07035595395837568
39.736000000000004,-0.05020666176285979
39.74,-0.013374689718517983
39.744,-0.012171174896118303
39.748,-0.006992967047896223
39.752,-0.01487388100091996
39.756,0.021751565127150728
39.76,-0.04304374798633581
39.764,-0.0587379868583303
39.768,-0.04630643919604069
39.772,-0.044297078971951766
39.776,-0.052852496128684125
39.78,-0.02005455479080833
39.784,0.015019349028156402
39.788000000000004,0.020408330464275846
39.792,-0.012134574554573101
39.796,0.02700493630026303
39.800000000000004,-0.029334061661910396
39.804,-0.055134842517040136
39.808,0.010225208043323417
39.812,-0.06872456962057841
39.816,-0.04341576395083519
39.82,-0.005432216586159874
39.824,-0.014888229888341667
39.828,-0.01888149997250574
39.832,-0.05027958040964674
39.836,-0.022807622216164447
39.84,0.008662839443175814
39.844,-0.009820093705480447
39.848,-0.03285089717034833
39.852000000000004,-0.04993290324230491
39.856,-0.040759154481108395
39.86,-0.004599294222971185
39.864000000000004,0.0002945891978120268
39.868,-0.030081436681592563
39.872,-0.07198434237505738
39.876,-0.007987364992018397
39.88,-0.03481626932960161
39.884,0.010967522983922336
39.888,-0.026932770415003724
39.892,-0.0393719102741241
39.896,-0.012615273855398812
39.9,0.04861409007720724
39.904,0.014513912002739018
39.908,-0.0025754118091688726
39.912,-0.003652115346405877
39.916000000000004,-0.058169686614769824
39.92,-0.03633240608284604
39.924,-0.06492892707426942
39.928000000000004,0.03932364990757359
39.932,0.027620434354578755
39.936,-0.002510722876476997
39.94,-0.0028340722215326178
39.944,-0.03888223881311306
39.948,-0.00734128257487009
39.952,0.03631112066193382
39.956,-0.006979188115417769
39.96,-0.018260519116781546
39.964,-0.041975723698012106
39.968,0.03471828953608141
39.972,-0.008180459802010431
39.976,-0.052111718020747835
39.980000000000004,-0.025178789686744273
39.984,-0.02788901074914795
39.988,-0.0010079980448546937
39.992,0.0008322187196273863
39.996,-0.018693508388356816
40.0,0.01943910053159852
40.004,0.00811187048367249
40.008,0.03094685407726079
40.012,-0.011160939362995694
40.016,0.07216516939070748
40.02,-0.011917416983532114
40.024,-0.014206156759844518
40.028,-0.018956685426658022
40.032000000000004,-0.005084863931526979
40.036,-0.04438659350205482
40.04,0.01233396393275095
40.044000000000004,-0.03620384930658498
40.048,0.014160863164814252
40.052,-0.029696269215733272
40.056,-0.006420954607279858
40.06,0.025366109089973245
40.064,0.07527017749122447
40.068,-0.009425276680411172
40.072,0.009123618893617987
40.076,-0.004558249729277033
40.08,0.0007958452793512052
40.084,0.014175968122258967
40.088,0.054795115670423625
40.092,0.019785631911454077
40.096000000000004,0.09139233040179957
40.1,0.057078158920086684
40.104,0.03333631419029187
40.108000000000004,0.053729324153194286
40.112,0.04244826110500662
40.116,0.08697672264911005
40.12,0.0382108891018063
40.124,0.0575186670194822
40.128,0.079701493953819
40.132,0.10943096297106135
40.136,0.12505644122431314
40.14,0.13749861478697087
40.144,0.12388123384935028
40.148,0.10716564347285007
40.152,0.12165326922122273
40.156,0.06945160592641123
40.160000000000004,0.05503799094106267
40.164,0.11420236185924362
40.168,0.07157792469785684
40.172000000000004,0.08300305142514085
40.176,0.07995411354077615
40.18,0.08310329187188836
40.184,0.10018396133022772
40.188,0.08956031155666445
40.192,0.06098863270607259
40.196,0.03761989942338283
40.2,0.052224672927450866
40.204,0.03596523742595669
40.208,0.03992813577935374
40.212,0.09991295220741789
40.216,0.03402237396427341
40.22,0.0441082370488498
40.224000000000004,0.019051273139149113
40.228,0.05854663252508919
40.232,0.04389150982231105
40.236000000000004,0.041090127830316875
40.24,0.03244809097302161
40.244,0.058323043751911614
40.248,0.06196207031495205
40.252,0.030253136096157818
40.256,0.01833660457283171
40.26,0.049484643497131414
40.264,0.009969602726113587
40.268,0.01062790528441114
40.272,0.015130789064735792
40.276,-0.03868293366658284
40.28,0.019524815570331252
40.284,-0.0253293639656655
40.288000000000004,-0.0006536067148460549
40.292,0.04941118824447022
40.296,0.1494374014745271
40.300000000000004,0.2841482945176908
40.304,0.4651996650134467
40.308,0.6440704960723076
40.312,0.8033042156986039
40.316,0.9482462929335869
40.32,1.1202026843380488
40.324,1.1176764553455918
40.328,1.1764915597028225
40.332,1.1151225869729782
40.336,1.0301263372067222
40.34,0.837779518106783
40.344,0.6863455793689403
40.348,0.5026573071220986
40.352000000000004,0.3424547965656063
40.356,0.1650745013398195
40.36,0.013407413531303848
40.364000000000004,-0.04091275716271839
40.368,-0.046378327144112344
40.372,-0.11133708286527907
40.376,-0.07023222319318918
40.38,-0.037505855232740304
40.384,-0.014435675792529582
40.388,0.08357017218760267
40.392,0.0163810601684916
40.396,0.04802422475904296
40.4,0.031569111032252226
40.404,0.0753153822808274
40.408,0.08603843190868819
40.412,0.046273762645067495
40.416000000000004,0.06107227302525941
40.42,0.0495367454208296
40.424,0.05302703628349596
40.428000000000004,0.10968201290841222
40.432,0.06748229495989326
40.436,0.02377012432712529
40.44,0.13925245643755993
40.444,0.08642500804967793
40.448,0.10414553871580182
40.452,0.15063681193534967
40.456,0.11060717953763083
40.46,0.12283790296332148
40.464,0.10932654704917344
40.468,0.104709707696054
40.472,0.14240599761137976
40.476,0.1617830400426822
40.480000000000004,0.17464710772296196
40.484,0.16950730210612047
40.488,0.18888927680065024
40.492,0.14458525846063502
40.496,0.20914707338741198
40.5,0.21676709439638475
40.504,0.2771896252695758
40.508,0.23524080200161376
40.512,0.21374036792463064
40.516,0.2430312868156167
40.52,0.25079006898673295
40.524,0.2842873134234791
40.528,0.2803304775810604
40.532000000000004,0.24915577033840836
40.536,0.24520503180116052
40.54,0.3055199978447904
40.544000000000004,0.34583928108045925
40.548,0.31708880344916085
40.552,0.3337768779250321
40.556,0.34130560815784755
40.56,0.3323732453242529
40.564,0.3143192767682257
40.568,0.3398912787370252
40.572,0.3598545950573987
40.576,0.3416716825550951
40.58,0.35296122933040003
40.584,0.3277214050494702
40.588,0.33057752471558055
40.592,0.3233677103851817
40.596000000000004,0.3198689534893768
40.6,0.352324384455068
40.604,0.26572280309069635
40.608000000000004,0.3178985415136804
40.612,0.302392299797213
40.616,0.26164361003879216
40.62,0.31164684555967037
40.624,0.2751998699906276
40.628,0.2745547793203343
40.632,0.31464688394854134
40.636,0.2832082114337036
40.64,0.2695083842729689
40.644,0.26168115549658105
40.648,0.2370596790958293
40.652,0.2752431555397875
40.656,0.23426289955643834
40.660000000000004,0.19235058813006986
40.664,0.17305947586389656
40.668,0.2114556918918001
40.672000000000004,0.18041305019817833
40.676,0.1356974466351502
40.68,0.1798769808001513
40.684,0.1604502579374223
40.688,0.17086602167969026
40.692,0.15450785100172343
40.696,0.11932715822260218
40.7,0.14965239009170037
40.704,0.12103101018672947
40.708,0.11477204883970948
40.712,0.09988397267999344
40.716,0.1342885263577312
40.72,0.10005743339777966
40.724000000000004,0.1427814585386976
40.728,0.14690199207255866
40.732,0.07313838536519361
40.736000000000004,0.013055053028333083
40.74,0.1148467798444204
40.744,0.0831187709425383
40.748,0.06532607442421877
40.752,0.06295051034398573
40.756,0.06309253434905968
40.76,0.10978999971584563
40.764,0.08545632358075674
40.768,0.10994646099671532
40.772,0.08190660712079308
40.776,0.0585446318022419
40.78,0.061268686345323245
40.784,0.08994875776591585
40.788000000000004,0.093530331471598
40.792,0.09028131994523231
40.796,0.056132151027477775
40.800000000000004,0.07232918183544998
40.804,0.08790243805239388
40.808,0.061234096286244905
40.812,0.03517523303736103
40.816,0.04103164022986815
40.82,0.060732101293753046
40.824,0.08892084672378599
40.828,0.10159472373798126
40.832,0.029128187852441985
40.836,0.04590275312564125
40.84,0.057603277117106756
40.844,0.09214849611802567
40.848,0.056937021127194135
40.852000000000004,0.052393881630146646
40.856,0.025718419593193417
40.86,0.07887841257232221
40.864000000000004,0.06853962897303137
40.868,0.054123889844419105
40.872,0.05701761723624706
40.876,0.08958737088075386
40.88,0.04208526171445655
40.884,0.05196211558435031
40.888,0.10222072874211784
40.892,0.06584589242831984
40.896,0.07860592815484943
40.9,0.07770168580570638
40.904,0.07256932601383022
40.908,0.06265278549568584
40.912,0.08518152321047738
40.916000000000004,0.09135545117892714
40.92,0.09519039558131433
40.924,0.04423564945926378
40.928000000000004,0.10439401158603505
40.932,0.05584578742030652
40.936,0.04381302817023752
40.94,0.06423395781686592
40.944,0.09502152291681269
40.948,0.08564285691258325
40.952,0.058758455447246526
40.956,0.08396811857035666
40.96,0.07228998945765804
40.964,0.060233857895976226
40.968,0.054733621044863116
40.972,0.07569058437882573
40.976,0.06124341559950581
40.980000000000004,0.034673977261925705
40.984,0.09599352093354016
40.988,0.06067214576654691
40.992,0.10547037954906098
40.996,0.028452423458684768
41.0,0.06475283050913729
41.004,0.0575120954368737
41.008,0.04847861900217301
41.012,0.05367088162630952
41.016,0.10795272099379163
41.02,0.07300425110382606
41.024,0.05535638025593366
41.028,0.02727410721683468
41.032000000000004,0.022920313588006634
41.036,0.05037877336218536
41.04,0.053667713924120244
41.044000000000004,0.0696258283688876
41.048,0.016251338645169748
41.052,0.06371655876964558
41.056,0.08952592734737662
41.06,0.11011139023443647
41.064,0.02788450779609508
41.068,0.053027806018713514
41.072,0.04464757575851139
41.076,0.06745868149086251
41.08,0.039017156766989226
41.084,0.11726150656307316
41.088,0.07409811340986154
41.092,0.06286036323516014
41.096000000000004,0.10355726816627225
41.1,0.069022247448957
41.104,0.08511268086185972
41.108000000000004,0.054128476570714124
41.112,0.03155307318429919
41.116,0.048345222524390906
41.12,0.12395091871377273
41.124,0.09077196280739795
41.128,0.07959141941696428
41.132,0.04122419026125895
41.136,0.08619173255414896
41.14,0.03512870346438575
41.144,0.03555286861526617
41.148,0.058527054617481304
41.152,0.11425534118380248
41.156,0.11060573705850713
41.160000000000004,0.05752642282287935
41.164,0.05759902418966779
41.168,0.031203328090241463
41.172000000000004,0.06704542756564362
41.176,0.06689875417320003
41.18,0.0882247884968196
41.184,0.09688872493604302
41.188,0.06693238977488077
41.192,0.07863945632149577
41.196,0.04496512582312808
41.2,0.08153319090054362
41.204,0.0610500854597286
41.208,0.0829528778738621
41.212,0.07378841930622944
41.216,0.0637769873300559
41.22,0.08753511560618966
41.224000000000004,0.034024125630729825
41.228,0.04438546903443223
41.232,0.05710512370988685
41.236000000000004,0.02549483757837711
41.24,0.05700835940027033
41.244,0.06341554880595844
41.248,0.10323656096834315
41.252,0.06689497811250089
41.256,0.08677616052731658
41.26,0.0741748861600452
41.264,0.0588318147680577
41.268,0.07326886650127919
41.272,0.0809882862103661
41.276,0.09028630522882825
41.28,0.06272651703646419
41.284,0.030428222378037953
41.288000000000004,0.026365924284970976
41.292,0.053971878476665056
41.296,0.0013808349643143203
41.300000000000004,0.1102909877621551
41.304,0.08592699827433693
41.308,0.052825044982877115
41.312,0.033828305714596815
41.316,0.08501911636398968
41.32,0.037136703072367314
41.324,0.04522396474061351
41.328,0.04940258032704923
41.332,0.06447587428186795
41.336,0.07518828012848268
41.34,0.09554303102719743
41.344,0.09806991306625151
41.348,0.07049959158606728
41.352000000000004,0.08989991430372236
41.356,0.04668669191894456
41.36,0.025246247075330838
41.364000000000004,0.06169242838038121
41.368,0.05857594066297174
41.372,0.05880747050230362
41.376,0.05188921132822587
41.38,0.07403231219485133
41.384,0.111277666361421
41.388,0.14149372936461713
41.392,0.05389021454436654
41.396,0.0684840575271112
41.4,0.0926880084860372
41.404,0.14353364311015734
41.408,0.12325429237706743
41.412,0.1091687090360901
41.416000000000004,0.1485484183161448
41.42,0.16518773713257484
41.424,0.15068196651497026
41.428000000000004,0.13179958989371932
41.432,0.15408107906642507
41.436,0.1403331283947126
41.44,0.14566671849355958
41.444,0.14320875014921214
41.448,0.1744290247704966
41.452,0.14689729927473794
41.456,0.15982332605228963
41.46,0.16772322624215516
41.464,0.1455691724926169
41.468,0.11290958231156553
41.472,0.1379541791345693
41.476,0.11478655603653798
41.480000000000004,0.16742681136737747
41.484,0.10954484038157011
41.488,0.11116233778973567
41.492,0.08848241707236117
41.496,0.07162224060129795
41.5,0.06892418518429758
41.504,0.08457910664837891
41.508,0.08471492522672475
41.512,0.09062283713893494
41.516,0.06488334167212266
41.52,0.04927439835603438
41.524,0.056708905010606665
41.528,0.028253867221899064
41.532000000000004,0.09468498757029174
41.536,0.03654378261022634
41.54,0.07925627002458091
41.544000000000004,0.0671567055711348
41.548,0.06524866140603967
41.552,0.0471693355957069
41.556,0.02700187717273212
41.56,0.024892067756638773
41.564,0.0909134987353176
41.568,0.036930562547357756
41.572,0.04312897212923415
41.576,0.04531307673080599
41.58,0.029802078964936862
41.584,0.12074660179302434
41.588,0.22024007661202002
41.592,0.3348587652025763
41.596000000000004,0.5341241649587459
41.6,0.7435962139853627
41.604,0.8966359487740746
41.608000000000004,1.0475854680240912
41.612,1.1527127167619753
41.616,1.2631530777296442
41.62,1.1648064019384319
41.624,1.1613003359635268
41.628,1.0167805356741526
41.632,0.8338790336850826
41.636,0.6498707681378575
41.64,0.48366627443789834
41.644,0.30993287202112757
41.648,0.1438503520951796
41.652,0.04932948254634437
41.656,-0.015577038024841977
41.660000000000004,-0.04954497909140214
41.664,-0.07682101647599751
41.668,-0.033927520674717354
41.672000000000004,-0.0144625961352139
41.676,-0.02351843244628018
41.68,-0.01526774361333207
41.684,-0.005298505947167929
41.688,0.055332960183129797
41.692,0.060828679900287966
41.696,0.026293133159120463
41.7,0.09122560710161388
41.704,0.0777060623778676
41.708,0.10855424859249546
41.712,0.08029807590317685
41.716,0.0457325517381495
41.72,0.09339940967333626
41.724000000000004,0.10857846672171989
41.728,0.08047781215751268
41.732,0.055939395256003596
41.736000000000004,0.09755663675587614
41.74,0.08133513998206526
41.744,0.1460491413218751
41.748,0.11199281410835604
41.752,0.1649126690456218
41.756,0.073536426774852
41.76,0.14306821806060138
41.764,0.18880184686118182
41.768,0.13658024670488003
41.772,0.1560159688055503
41.776,0.1561818606811249
41.78,0.16350559251778826
41.784,0.20121203384966344
41.788000000000004,0.16943272292715428
41.792,0.20095587770499634
41.796,0.22342884055727272
41.800000000000004,0.21979624302745346
41.804,0.214716850508202
41.808,0.2719848410168672
41.812,0.2659076495084015
41.816,0.2276429067703385
41.82,0.23489368081314388
41.824,0.25662903332325393
41.828,0.29890263554972074
41.832,0.2916227652821176
41.836,0.3082613817607058
41.84,0.2914069518875824
41.844,0.2868375206376321
41.848,0.3347389556745824
41.852000000000004,0.29413663206640406
41.856,0.3129523091110678
41.86,0.27695530613166963
41.864000000000004,0.3080687720761412
41.868,0.3454588286049734
41.872,0.294534776627169
41.876,0.32908072600141325
41.88,0.25380033492433796
41.884,0.30066101478749635
41.888,0.30428181095587503
41.892,0.3404408995239235
41.896,0.26013754073941997
41.9,0.30585371434168235
41.904,0.31460464250457193
41.908,0.26079804983697275
41.912,0.25476800610627615
41.916000000000004,0.2573381093182296
41.92,0.21394228226215706
41.924,0.23644805962174
41.928000000000004,0.2684130302245554
41.932,0.23317178050890616
41.936,0.20449934931291988
41.94,0.20734539526213006
41.944,0.21509954543949458
41.948,0.20807105116500607
41.952,0.15822280503617916
41.956,0.19885703437381486
41.96,0.18979300153001033
41.964,0.17040434261288875
41.968,0.12133060166961362
41.972,0.10121745625817827
41.976,0.10803795984534609
41.980000000000004,0.11539879581133294
41.984,0.06767329022972793
41.988,0.11471670786130375
41.992,0.12048034940787056
41.996,0.09388508890794434
42.0,0.062001856585063256
42.004,0.05883760883722805
42.008,0.07846420500451244
42.012,0.05488777275455075
42.016,0.06277077461380953
42.02,0.06793624875262216
42.024,0.08171534200351435
42.028,0.02006712432684304
42.032000000000004,0.04328794800595516
42.036,0.023195413716513964
42.04,0.03250516387693918
42.044000000000004,0.05952182356542637
42.048,0.05752983840181943
42.052,0.058798287408948074
42.056,0.03018938414912984
42.06,0.020585010040951066
42.064,0.020971420046766467
42.068,-0.019846034358254036
42.072,0.04851533607549677
42.076,0.003477573045164153
42.08,0.02867912700195724
42.084,0.037619169656191914
42.088,-0.01366708342108882
42.092,-0.013585266056459287
42.096000000000004,0.04515579170650575
42.1,0.018676023618340958
42.104,0.0018945249073948275
42.108000000000004,0.01041068171379388
42.112,0.03305742456361388
42.116,0.02650532409978453
42.12,-0.028337761309615492
42.124,0.054368528171318334
42.128,0.03500259636698983
42.132,-0.00047661045339622565
42.136,-0.029078054350667782
42.14,0.03234774016236257
42.144,0.02320514593916237
42.148,-0.027727198620130872
42.152,-0.0045241496107267035
42.156,0.07687494680773295
42.160000000000004,0.00446960915060826
42.164,-0.00914923918303787
42.168,-0.018349843938461563
42.172000000000004,0.04375853054033484
42.176,0.018121366060451057
42.18,0.03747410937064918
42.184,0.013856494456535418
42.188,0.036482681789939665
42.192,-0.02346702575436189
42.196,-0.0007096986150374116
42.2,0.007774112771738334
42.204,0.040532750703637176
42.208,0.011431894837569406
42.212,-0.019560242650423117
42.216,-0.004828884653812652
42.22,-0.04296225939353899
42.224000000000004,-0.05369628835419204
42.228,0.022606370517454923
42.232,-0.01492366946460547
42.236000000000004,-0.014593661188708732
42.24,0.018099188894413778
42.244,0.03763546221107144
42.248,0.01357204009973435
42.252,0.04103842837713292
42.256,0.0029053226970233836
42.26,0.003281813439827458
42.264,0.007125515225142089
42.268,-0.033517300166441805
42.272,0.015151504930129504
42.276,-0.07237890224655316
42.28,-0.020505425160883276
42.284,0.00011828725657447945
42.288000000000004,-0.022689868070486476
42.292,-0.02160333388440272
42.296,0.033186143435277246
42.300000000000004,0.020200541211611116
42.304,-0.019146512462396473
42.308,-0.016225655928208287
42.312,-0.043769988707820034
42.316,0.0032964374448085643
42.32,-0.015168421924119872
42.324,-0.05268186593750763
42.328,-0.0034808017205256564
42.332,-0.0023787665321335968
42.336,0.008247382560451058
42.34,-0.012255786785835278
42.344,-0.014328297071184545
42.348,0.04217071804158093
42.352000000000004,-0.014668222009862735
42.356,0.0006842004843595276
42.36,-0.025378114408390263
42.364000000000004,0.01077457718251404
42.368,-0.045332146658086755
42.372,-0.027833901504158758
42.376,-0.04895478985352827
42.38,-0.028450734334175068
42.384,0.023358181494832105
42.388,-0.0256735402141832
42.392,0.0002567148615637352
42.396,0.017772777178936612
42.4,-0.015420134796330276
42.404,0.015542985942412687
42.408,0.0015208726854332912
42.412,-0.016172849291342488
42.416000000000004,-0.0027781880694440347
42.42,0.029897443282741586
42.424,-0.026596243799264455
42.428000000000004,-0.03709259135907186
42.432,-0.04588083334422517
42.436,0.0019825781713997404
42.44,0.010798350367735455
42.444,-0.025418005678997525
42.448,-0.0678331415005486
42.452,-0.03861473739220686
42.456,-0.010487174127872721
42.46,-0.02040182782417269
42.464,-0.008773743084615551
42.468,-0.028799156833130855
42.472,0.002331332166298543
42.476,-0.016871088582850816
42.480000000000004,-0.005331740452307394
42.484,-0.010557540622728671
42.488,-0.003850201754113077
42.492000000000004,-0.012792522545496246
42.496,-0.049880673584757104
42.5,-0.011886626032600019
42.504,0.00404174678048979
42.508,0.010715510248408309
42.512,-0.015049549730997185
42.516,-0.05199722533322758
42.52,-0.04267497985093208
42.524,-0.0277951395401108
42.528,-0.01458849360016247
42.532000000000004,-0.029661728646081655
42.536,-0.05710434161488101
42.54,-0.05177155060553962
42.544000000000004,-0.0705073530966307
42.548,-0.09843114066666189
42.552,-0.03101078010382628
42.556,0.02789316875350585
42.56,0.020298364081285426
42.564,-0.04358352576558924
42.568,-0.01777073088533601
42.572,-0.06539501488176513
42.576,-0.06396930652915102
42.58,-0.055600738494764504
42.584,-0.025795507183058848
42.588,-0.027095594671666393
42.592,-0.023461241097769026
42.596000000000004,-0.015562412491466959
42.6,-0.035033632338133766
42.604,-0.020162650240987217
42.608000000000004,-0.05073762260763984
42.612,-0.06417920908616465
42.616,-0.07030913831093785
42.62,-0.010941626980970422
42.624,-0.029899626164885645
42.628,-0.07031739097947022
42.632,-0.03197700818706715
42.636,-0.06347790397073774
42.64,0.015442851579312938
42.644,-0.034145554359946255
42.648,-0.003887712822787031
42.652,0.00046541434418512564
42.656,-0.051251588667349315
42.660000000000004,-0.017822374710953593
42.664,0.002202251388585484
42.668,-0.00806928021399195
42.672000000000004,-0.005625867974113401
42.676,-0.046200379491841796
42.68,0.010980842622129835
42.684,-0.004453104067751124
42.688,0.019549681318134164
42.692,0.032397400424601534
42.696,0.029812530408253844
42.7,0.0334927661446395
42.704,0.05245588385844278
42.708,0.057128162939582894
42.712,0.07553982954367083
42.716,0.03982286560776845
42.72,0.05442572108297748
42.724000000000004,0.0823775672824019
42.728,0.04665662452903997
42.732,0.019396064501617412
42.736000000000004,0.06269801107216444
42.74,0.0495504076741313
42.744,0.027753106906221337
42.748,0.06480517212789164
42.752,0.07666745740466396
42.756,-0.007109415842399915
42.76,0.05926834840518841
42.764,-0.030015046498070394
42.768,0.015024745437487046
42.772,0.05776600425937293
42.776,-0.004732341893415645
42.78,0.0055909099202298956
42.784,0.022643192255113735
42.788000000000004,-0.04655806402364875
42.792,-0.013446840386117945
42.796,-0.019860384036877135
42.800000000000004,0.027276343481768984
42.804,-0.0474930910974207
42.808,-0.03087442287650197
42.812,-0.05372795483734058
42.816,-0.06030790500091361
42.82,-0.0019727959163963124
42.824,-0.024916750778202414
42.828,-0.0425408833343629
42.832,-0.04933186587963297
42.836,-0.05314044064988174
42.84,-0.04552368117714876
42.844,-0.05979597652110811
42.848,-0.03716845479749685
42.852000000000004,-0.04787320118673297
42.856,-0.0633121890408439
42.86,-0.04187873097872244
42.864000000000004,-0.04514713666093891
42.868,-0.07812251280466319
42.872,-0.07476561044535923
42.876,0.00717710306483537
42.88,0.07858898276065543
42.884,0.11623404574142
42.888,0.2663922838586018
42.892,0.4270045240901822
42.896,0.6541021170278338
42.9,0.7885465778906025
42.904,0.9491282694381116
42.908,1.0897204326123178
42.912,1.0796230891548486
42.916000000000004,1.0837639273123716
42.92,1.0140581039715424
42.924,0.8689544916654574
42.928000000000004,0.7457469391196664
42.932,0.5071838338804928
42.936,0.37365000048751035
42.94,0.1610004505510642
42.944,0.029735020821651366
42.948,-0.0882279537627126
42.952,-0.15069923384859957
42.956,-0.16367519120570967
42.96,-0.20431915709819232
42.964,-0.12391295052895533
42.968,-0.1071627192176878
42.972,-0.05696498552935403
42.976,-0.048170593774664594
42.980000000000004,-0.056111492283375766
42.984,-0.03430061705840705
42.988,-0.024330527038054377
42.992000000000004,0.016211503570233498
42.996,-0.04005903853719037
43.0,-0.028509886791665363
43.004,-0.02973513371334127
43.008,-0.0372796776783395
43.012,0.0041281565128777516
43.016,0.003383457707215619
43.02,0.0404461410555813
43.024,0.04481329601173724
43.028,0.08156404878581452
43.032000000000004,0.01812204064258153
43.036,0.017013289047798433
43.04,0.0028154306465892204
43.044000000000004,0.0648776735782801
43.048,0.0550235660849508
43.052,0.06839553981425808
43.056,0.028879570689526762
43.06,0.07957576501780919
43.064,0.08961969653644557
43.068,0.09403344717787515
43.072,0.07488939078434785
43.076,0.1281763759981682
43.08,0.1642057314999009
43.084,0.09979872004361391
43.088,0.15235065580168325
43.092,0.0643119436826166
43.096000000000004,0.15972460141291542
43.1,0.1107975374612166
43.104,0.15881860843574458
43.108000000000004,0.14541510921241024
43.112,0.1740096248854834
43.116,0.20608032694663028
43.12,0.15189499382399846
43.124,0.20212353791569931
43.128,0.20268500883442128
43.132,0.2540416141855219
43.136,0.22859332751264813
43.14,0.19890935397832443
43.144,0.22642975105403568
43.148,0.2783992723559602
43.152,0.2530366652307131
43.156,0.21202433242109403
43.160000000000004,0.2352241226351098
43.164,0.24216661910302884
43.168,0.2320722951446252
43.172000000000004,0.194594159724901
43.176,0.2163447847612303
43.18,0.2710885764369558
43.184,0.2291778900202181
43.188,0.22989084655981773
43.192,0.22421555236646548
43.196,0.2686379038456629
43.2,0.21319618043077945
43.204,0.23958286843510967
43.208,0.188174884589747
43.212,0.18224077154152524
43.216,0.17914045668785508
43.22,0.1571478423943747
43.224000000000004,0.1688279231208761
43.228,0.18545843853600374
43.232,0.12756975886246924
43.236000000000004,0.13669110896530698
43.24,0.1513711141453281
43.244,0.11002394697571488
43.248,0.1471849116485051
43.252,0.1060239088709093
43.256,0.08950333366777641
43.26,0.04093444159071811
43.264,0.07952947987997008
43.268,0.08825985647458412
43.272,0.10811023412147419
43.276,0.06935572556887203
43.28,0.0822006709397117
43.284,0.02303678804709349
43.288000000000004,0.04176906573223993
43.292,0.06260789062563946
43.296,0.00227023510564299
43.300000000000004,0.049205091034564274
43.304,0.044365949642586146
43.308,0.0263154993154664
43.312,0.00010449243115810691
43.316,-0.022262611883433397
43.32,0.049050783831708425
43.324,0.02303451300019158
43.328,0.010725340301988698
43.332,-0.017741421070605785
43.336,-0.010973182021954969
43.34,-0.004174850034025541
43.344,0.005556686793954312
43.348,0.010094714767314647
43.352000000000004,-0.036328530688868654
43.356,-0.05688140990593529
43.36,-0.013508384750233337
43.364000000000004,-0.05454389716230054
43.368,-0.021951506803673033
43.372,-0.034335196627918056
43.376,-0.012070500703693556
43.38,0.0304296866531383
43.384,-0.06242967580736584
43.388,0.04055582245078249
43.392,-0.029410481232187806
43.396,-0.017234609481749
43.4,-0.055703500282656776
43.404,0.01023690719420223
43.408,-0.015841588422530556
43.412,-0.025443207401258706
43.416000000000004,-0.0744611443453628
43.42,-0.018385625933002445
43.424,0.006737287342419886
43.428000000000004,-0.022356466108699343
43.432,0.0060103852552347466
43.436,0.0029736400170672743
43.44,-0.03547941799091425
43.444,0.02633541562465522
43.448,-0.014375241565048108
43.452,-0.021093267062367714
43.456,-0.021809430979586965
43.46,-0.016604831181058523
43.464,-0.0781384202951965
43.468,-0.018950464560785245
43.472,-0.055208041834357006
43.476,0.0176306030329885
43.480000000000004,0.02259573454053478
43.484,0.010217057318684782
43.488,-0.018950961378754714
43.492000000000004,-0.04496844761198371
43.496,-0.03810996657776716
43.5,0.03288164547387483
43.504,-0.02700102049241681
43.508,-0.07048147856813024
43.512,0.007395267425613552
43.516,0.017262162395957254
43.52,0.027226255092397674
43.524,0.01770263291388628
43.528,0.019895764709901106
43.532000000000004,-0.015577140280257818
43.536,-0.07069070084999379
43.54,-0.012081517922048883
43.544000000000004,0.008767130370159228
43.548,-0.012031988688062665
43.552,-0.019921443161398017
43.556,-0.04137847793720774
43.56,-0.03630651323924452
43.564,0.04070463603774348
43.568,0.03973905334380518
43.572,-0.01392865377320016
43.576,-0.008692018761623236
43.58,-0.034231799939615816
43.584,0.01237519693584948
43.588,0.03843866335186885
43.592,-0.050519134407113975
43.596000000000004,-0.002551910444792395
43.6,0.005353264783780651
43.604,0.011095923820240269
43.608000000000004,0.03711962638161374
43.612,0.040220594103941326
43.616,-0.018370890136376914
43.62,0.01032887438088796
43.624,0.0016399946601200989
43.628,-0.018118801304181004
43.632,-0.0022681677191856995
43.636,0.005901410633142024
43.64,0.0005767890357271706
43.644,-0.0208350827071811
43.648,-0.012238445999130567
43.652,-0.01876358764001764
43.656,-0.030268489577258348
43.660000000000004,0.004676752302123914
43.664,0.013337881172767067
43.668,0.02553501778540923
43.672000000000004,-0.027104140617975232
43.676,-0.021936289488304804
43.68,0.03741625104483351
43.684,0.000492052995623527
43.688,0.0035252781806181764
43.692,-0.00831076162770169
43.696,0.022562284648952307
43.7,0.02958842580618672
43.704,0.03418113779899082
43.708,0.005187903965300449
43.712,-0.023987197566867326
43.716,0.044128804293458036
43.72,0.023467922351267118
43.724000000000004,-0.0032935910823821656
43.728,0.04189602490682093
43.732,-0.01378485642224998
43.736000000000004,0.033052484009677315
43.74,0.0408084234926723
43.744,-0.013118453693526752
43.748,0.02264479664471978
43.752,0.020964904270605073
43.756,0.06496681550948484
43.76,-0.012892684896890383
43.764,0.04755001064387301
43.768,0.010356512436539187
43.772,-0.027797804418541232
43.776,-0.001575359028617905
43.78,0.007560698413019061
43.784,-0.012897657843210387
43.788000000000004,0.019569232763285704
43.792,0.029027353861541046
43.796,0.009228880667648123
43.800000000000004,-0.004193827308951688
43.804,0.011719571752135699
43.808,0.013511595141424783
43.812,0.01237888944368692
43.816,0.03288672827456676
43.82,0.018021161304563035
43.824,-0.017762423074092856
43.828,0.0014439271416415295
43.832,0.012976234933636251
43.836,0.035126946187268575
43.84,0.04555464939728926
43.844,0.06356082645405609
43.848,0.020658830928974213
43.852000000000004,0.02980271641600933
43.856,-0.027440707704529835
43.86,0.025755220390827633
43.864000000000004,-0.005785507916018177
43.868,0.01773517216021843
43.872,0.08837407034684949
43.876,0.018421063402218413
43.88,-0.004671977845580745
43.884,0.033210682685389604
43.888,0.008297760822162239
43.892,-0.0094561438990265
43.896,0.06535680930516141
43.9,0.045556621075025394
43.904,0.033641662896467535
43.908,0.013451436009803808
43.912,0.008865441866408395
43.916000000000004,0.05348467148940311
43.92,0.028795712671363383
43.924,-0.04968220583977176
43.928000000000004,0.08634645237222952
43.932,0.024045817666072524
43.936,0.026683926922054037
43.94,0.051924407051644667
43.944,0.04322624425183425
43.948,0.04942988721227118
43.952,0.014719654584450393
43.956,-0.005690557890835536
43.96,0.04005023507286502
43.964,0.07723666566604684
43.968,0.026223920481987656
43.972,0.020810934520934278
43.976,0.07152161018828901
43.980000000000004,0.039961711574144285
43.984,0.052038724479938694
43.988,0.056473702295720796
43.992000000000004,0.06321462948656752
43.996,0.029726961004687857
44.0,0.06789659153112791
44.004,0.09950313754076738
44.008,0.10368819860297122
44.012,0.12625206001157196
44.016,0.1468759264153319
44.02,0.14951695528805573
44.024,0.1445567867251929
44.028,0.11910053225621516
44.032000000000004,0.10241516492840909
44.036,0.11733320143599134
44.04,0.13712689407377507
44.044000000000004,0.14747707416766673
44.048,0.13796478673601148
44.052,0.10895152908516247
44.056,0.12526582584152743
44.06,0.13792540485131963
44.064,0.12870647023095516
44.068,0.097989908308944
44.072,0.06501431431810385
44.076,0.05639072996972852
44.08,0.06082963080088901
44.084,0.08461692791183224
44.088,0.08402654634807055
44.092,0.024102376000940895
44.096000000000004,0.04068225754641039
44.1,0.061591899275505596
44.104,0.03576585779908126
44.108000000000004,0.06446591850677263
44.112,0.0368824728921896
44.116,0.022725712763395592
44.12,0.04664122088527783
44.124,0.05993922678967483
44.128,0.026128191305669585
44.132,0.03384431391315616
44.136,0.04924530021821975
44.14,0.024213231755712307
44.144,0.007693901966227559
44.148,0.008774011198509367
44.152,0.02962167627956569
44.156,0.0036675606209338463
44.160000000000004,0.029593346364235856
44.164,0.07731075738705392
44.168,-0.012599199107404143
44.172000000000004,-0.0008118745446953849
44.176,0.06498555754843605
44.18,0.06748521578488367
44.184,0.1375759466384511
44.188,0.26900088124695487
44.192,0.43889656286490614
44.196,0.6478118219101121
44.2,0.7768113467305215
44.204,0.9391368658464614
44.208,1.0520644791445632
44.212,1.1673867798031743
44.216,1.1568731141388324
44.22,1.15441079341855
44.224000000000004,1.058192119807835
44.228,0.9650128216286512
44.232,0.743311035412687
44.236000000000004,0.5730153719630005
44.24,0.341973984185475
44.244,0.22607884727006375
44.248,0.060404006436512656
44.252,-0.015816548465532113
44.256,0.0003748382915296153
44.26,-0.039035594527329784
44.264,-0.04901099134974388
44.268,0.0556042271225893
44.272,-0.02725352216954955
44.276,0.04700295917068499
44.28,0.004363560415466872
44.284,0.055858708860581065
44.288000000000004,0.03524391880283965
44.292,0.07455486205375482
44.296,0.07194268478965116
44.300000000000004,0.07241701199145512
44.304,0.11677004212654735
44.308,0.07684454066231546
44.312,0.09609079509325216
44.316,0.11048729183255399
44.32,0.06314681650953367
44.324,0.09210222868081325
44.328,0.11520069202668852
44.332,0.12812554923764044
44.336,0.15164837700040357
44.34,0.12270828256453312
44.344,0.13253624165500527
44.348,0.1234402246376585
44.352000000000004,0.15378026913263892
44.356,0.14358242563112142
44.36,0.15783976986069537
44.364000000000004,0.17631821946077103
44.368,0.1988155844010037
44.372,0.1726595355921565
44.376,0.1742603232884521
44.38,0.2192279775383066
44.384,0.14779493122444096
44.388,0.21555158310968475
44.392,0.20423298794645522
44.396,0.27033279378723624
44.4,0.24428567750021138
44.404,0.2562290827983679
44.408,0.2759063700582319
44.412,0.2640032205585704
44.416000000000004,0.2751662557964074
44.42,0.30153796149594947
44.424,0.3020260042652061
44.428000000000004,0.30696033734890926
44.432,0.29215585718856085
44.436,0.2925862389537041
44.44,0.3342347804398498
44.444,0.35101002387052727
44.448,0.3096813796675424
44.452,0.36081777782477353
44.456,0.3614688325675121
44.46,0.3743893066782996
44.464,0.3643797302483786
44.468,0.3709826219759216
44.472,0.4021785213136313
44.476,0.3365902127566245
44.480000000000004,0.3216645536962051
44.484,0.3123706872252141
44.488,0.3889059420364753
44.492000000000004,0.37794610815570695
44.496,0.3035289342145912
44.5,0.3086378602100643
44.504,0.3183180429861046
44.508,0.34820546724059587
44.512,0.27124755606366446
44.516,0.2445489245913448
44.52,0.34570951809522643
44.524,0.29683376972108105
44.528,0.2897560239248318
44.532000000000004,0.25757850904768104
44.536,0.2634056577561121
44.54,0.21077337965049703
44.544000000000004,0.22445357970114577
44.548,0.23709953693004107
44.552,0.16189869810153246
44.556,0.20030726903093032
44.56,0.19601755111541946
44.564,0.19500935310207312
44.568,0.17860520319294668
44.572,0.15268242480067915
44.576,0.12239058141764567
44.58,0.17011862403287706
44.584,0.15788282472004508
44.588,0.12234378653508778
44.592,0.1451038457130137
44.596000000000004,0.1282089238302587
44.6,0.12434067501715931
44.604,0.08258166373431917
44.608000000000004,0.14667511515773768
44.612,0.0873512937876538
44.616,0.11353958710359156
44.62,0.09374157816063142
44.624,0.10653265495871582
44.628,0.1397733239981851
44.632,0.1143820591939475
44.636,0.12461100974714699
44.64,0.10802737209849797
44.644,0.11331645830927947
44.648,0.054864962206689974
44.652,0.08276758712186491
44.656,0.0814589268512599
44.660000000000004,0.12210980942937544
44.664,0.08345890595382881
44.668,0.09959240211226174
44.672000000000004,0.09072967372771659
44.676,0.11113586779951705
44.68,0.08395227453588423
44.684,0.11318894060422063
44.688,0.047271187707252964
44.692,0.04214362216341751
44.696,0.022953313767723617
44.7,0.1051749982872495
44.704,0.10790783904261195
44.708,0.11118738258532415
44.712,0.0646990999313701
44.716,0.06531905565156396
44.72,0.08207168326904953
44.724000000000004,0.12690578010054854
44.728,0.13100997780775708
44.732,0.1015048598060835
44.736000000000004,0.08781957647694923
44.74,0.11871176317478302
44.744,0.08472472838280055
44.748,0.07926342693555266
44.752,0.07886066839291421
44.756,0.05554685032871676
44.76,0.08145813140773782
44.764,0.063719965349783
44.768,0.11521844148578753
44.772,0.09625119660131401
44.776,0.11633846877383686
44.78,0.04569399369761775
44.784,0.13979497613969447
44.788000000000004,0.050880639780528536
44.792,0.05330013128150042
44.796,0.06567526260376992
44.800000000000004,0.11971139713221177
44.804,0.09847875679693688
44.808,0.08467707106741286
44.812,0.0640148898798045
44.816,0.047361849674433645
44.82,0.11588953104980537
44.824,0.11335138060585101
44.828,0.1251201184953783
44.832,0.09427680651018544
44.836,0.016222873844248947
44.84,0.05696367226149457
44.844,0.10550057500380779
44.848,0.08254816271236512
44.852000000000004,0.07085623860643255
44.856,0.05515429836166791
44.86,0.11221602616352896
44.864000000000004,0.10572008569158023
44.868,0.10474572140378385
44.872,0.06940040813621906
44.876,0.08754361908516516
44.88,0.055471865869502986
44.884,0.0914474852102233
44.888,0.029383801926506928
44.892,0.04639182302637567
44.896,0.07542103146262864
44.9,0.14862446637924956
44.904,0.049993235592201736
44.908,0.06179924254350154
44.912,0.091308886200631
44.916000000000004,0.12799725043965296
44.92,0.09457172337767716
44.924,0.1128242933716696
44.928000000000004,0.08469562376760383
44.932,0.07335895208789461
44.936,0.0860392679016231
44.94,0.07327115429652688
44.944,0.11357644701033834
44.948,0.05316586701119213
44.952,0.10854908766629404
44.956,0.08513037066014668
44.96,0.08451121342687289
44.964,0.05453389954638392
44.968,0.06895469620593747
44.972,0.11638039077517288
44.976,0.07903520160647351
44.980000000000004,0.09692976311282009
44.984,0.07369871114260125
44.988,0.09278947357656209
44.992000000000004,0.052164655193372475
44.996,0.08678950922791326
45.0,0.09926602243460918
45.004,0.10372049924366503
45.008,0.07093225865690525
45.012,0.07791114184427644
45.016,0.09770418691736794
45.02,0.08468386156609325
45.024,0.08848022016820083
45.028,0.14105421715228
45.032000000000004,0.06262126195260216
45.036,0.11120629698043241
45.04,0.06101221844424104
45.044000000000004,0.11192975053628662
45.048,0.11105664861186336
45.052,0.07351011226935635
45.056,0.053620113587111114
45.06,0.04046755835253242
45.064,0.08001949871285383
45.068,0.10633337983911087
45.072,0.059141588912784836
45.076,0.08628178108047413
45.08,0.05260666280959231
45.084,0.08932714677624884
45.088,0.06426683564828814
45.092,0.08388581347756216
45.096000000000004,0.07107213613933779
45.1,0.059487343840739504
45.104,0.07841964778122626
45.108000000000004,0.06929419946326545
45.112,0.052680462320282166
45.116,0.11034910022923258
45.12,0.07991154761168298
45.124,0.039493373540554044
45.128,0.07671174219563451
45.132,0.10803014408990383
45.136,0.06386840442039683
45.14,0.12596959071166525
45.144,0.07273070691221659
45.148,0.10446540184539961
45.152,0.1106529594913016
45.156,0.09372008524317735
45.160000000000004,0.053714749077914986
45.164,0.07012490497813591
45.168,0.1206596106778628
45.172000000000004,0.06413763674939543
45.176,0.10636138894657872
45.18,0.07681255226223027
45.184,0.09670347676474461
45.188,0.056224453174259906
45.192,0.06850393232219336
45.196,0.059532942718903734
45.2,0.09264424969309844
45.204,0.09492057807418093
45.208,0.10185504587297221
45.212,0.0708478815017535
45.216,0.057548969181791254
45.22,0.09095061390905812
45.224000000000004,0.06621838851594124
45.228,0.11660670374163852
45.232,0.07959591729056188
45.236000000000004,0.07199133890827566
45.24,0.09727068418881482
45.244,0.08937976250318908
45.248,0.04752686077769411
45.252,0.055262944286070044
45.256,0.10594418557865504
45.26,0.08720048269087932
45.264,0.04868571196392844
45.268,0.09729159665960899
45.272,0.06743722017523729
45.276,0.0574145610912213
45.28,0.056473147598657625
45.284,0.11600817658527326
45.288000000000004,0.040027146918449476
45.292,0.061666811484239276
45.296,0.08412158190567462
45.300000000000004,0.12722008368435472
45.304,0.10854174991767426
45.308,0.07293553765704576
45.312,0.1272306633877438
45.316,0.0553451798404695
45.32,0.10445307780759482
45.324,0.11912629377314013
45.328,0.08666214215560963
45.332,0.12354417129442435
45.336,0.09604908420911283
45.34,0.1374043546806553
45.344,0.08553600560764807
45.348,0.14377544191843575
45.352000000000004,0.1242239880862426
45.356,0.16723281959622188
45.36,0.1490268161423735
45.364000000000004,0.19259244078128207
45.368,0.17681285577869998
45.372,0.158055028054724
45.376,0.18200310657160604
45.38,0.1900627773088236
45.384,0.1887622973162798
45.388,0.11732859772752764
45.392,0.14167149018146197
45.396,0.19615656417685096
45.4,0.13229217087358203
45.404,0.186947083129065
45.408,0.17506906487103382
45.412,0.12630225414497515
45.416000000000004,0.08605455350021257
45.42,0.12085284209753043
45.424,0.18611059569102387
45.428000000000004,0.10388365527412335
45.432,0.09228725120316067
45.436,0.07911550499635739
45.44,0.13466579261763167
45.444,0.09896385861889631
45.448,0.08277202813889407
45.452,0.12279914253282972
45.456,0.09638488606639019
45.46,0.06172531325370545
45.464,0.05737590832267668
45.468,0.11269202737328249
45.472,0.07540585434810651
45.476,0.0326819421486106
45.480000000000004,0.031393851865163115
45.484,0.05285174873057957
45.488,0.046853329824352516
45.492000000000004,0.01907815282536862
45.496,0.040134605389414546
45.5,0.049848523750712026
45.504,0.06576580103404366
45.508,0.11427447076957811
45.512,0.051280493370407035
45.516,0.04028024479645855
45.52,0.05076685976221899
45.524,0.035040787232481364
45.528,0.07115080950587047
45.532000000000004,0.1236296574223095
45.536,0.2266522779243161
45.54,0.4485191635899138
45.544000000000004,0.5839100676369371
45.548,0.7159107014331123
45.552,0.9198424682342142
45.556000000000004,1.03820354597277
45.56,1.1846827679708967
45.564,1.202309959349855
45.568,1.2037007941481406
45.572,1.167703109516721
45.576,1.0605483210249271
45.58,0.8893841760962093
45.584,0.7139965199257154
45.588,0.504553747440283
45.592,0.3111849551042045
45.596000000000004,0.1406826367064442
45.6,0.06785127386005409
45.604,0.01032715071260116
45.608000000000004,-0.04865009971997289
45.612,-0.05687634658312996
45.616,0.002177735885208927
45.62,-0.006214634354151531
45.624,0.027909233978972707
45.628,0.05745948714198747
45.632,0.051595728333882956
45.636,0.0419600377200499
45.64,0.08453301176074089
45.644,0.0844828103546188
45.648,0.1328506256668552
45.652,0.10254458120019835
45.656,0.06882622473596235
45.660000000000004,0.11087332644480889
45.664,0.10953951504538362
45.668,0.13619582182771411
45.672000000000004,0.08742248220409057
45.676,0.10754208747178029
45.68,0.11087819990784398
45.684,0.12570700793063092
45.688,0.10548092299324788
45.692,0.14086337507587632
45.696,0.14100279276604444
45.7,0.17501148573973416
45.704,0.15530038817108113
45.708,0.1503680025356135
45.712,0.18094604585933483
45.716,0.14707013739977795
45.72,0.20790870437777983
45.724000000000004,0.22194425700912487
45.728,0.23270331831814223
45.732,0.21236685349165352
45.736000000000004,0.19745486088593267
45.74,0.22696419022319003
45.744,0.24836838072953238
45.748,0.23157097078639746
45.752,0.2806423804090431
45.756,0.2682785236881401
45.76,0.24560785366662838
45.764,0.3288515207455171
45.768,0.28986399140159097
45.772,0.2604624126187995
45.776,0.2718700547788133
45.78,0.342014245244439
45.784,0.36208007825135824
45.788000000000004,0.34483507108559547
45.792,0.35019618464787616
45.796,0.34942386206146264
45.800000000000004,0.3418821439947489
45.804,0.34437568178069977
45.808,0.3491662795721133
45.812,0.3479144805512941
45.816,0.3088796994208074
45.82,0.350693636535301
45.824,0.37302168691213944
45.828,0.32686915250590753
45.832,0.3140089904035293
45.836,0.3276759617129342
45.84,0.3005950368633301
45.844,0.2842915443601597
45.848,0.3377364982727652
45.852000000000004,0.28411473873114657
45.856,0.2865052896591413
45.86,0.26882220458581574
45.864000000000004,0.3135709682911595
45.868,0.292275692535773
45.872,0.24901084991460037
45.876,0.21421134625202515
45.88,0.23138346686569075
45.884,0.2505002290957678
45.888,0.22916574002799742
45.892,0.21046268397805068
45.896,0.20119624811630402
45.9,0.21098829244003037
45.904,0.18719404195100905
45.908,0.1879783552774222
45.912,0.13585996849317547
45.916000000000004,0.21328497309703015
45.92,0.13939254679616642
45.924,0.14891507041775504
45.928000000000004,0.14774601716396088
45.932,0.108527605361631
45.936,0.10942207151480599
45.94,0.1077863733575141
45.944,0.08407150334679397
45.948,0.10939252773043705
45.952,0.04419228454757737
45.956,0.1214700604073205
45.96,0.09794730857964402
45.964,0.09491913821729332
45.968,0.028794561225270424
45.972,0.04111895552477091
45.976,0.08957389240740775
45.980000000000004,0.16071386441388796
45.984,0.08917610465835625
45.988,0.07999004689079983
45.992000000000004,0.057326254117505845
45.996,0.01825899061198533
46.0,0.06767530504322222
46.004,0.018818297242522673
46.008,0.011937704253817662
46.012,0.0015162150648723657
46.016,0.053930820221878326
46.02,0.03231506314260133
46.024,0.04061462474582106
46.028,0.034282433530189366
46.032000000000004,-0.0016689863908438372
46.036,0.006480743639226443
46.04,0.01248419028321608
46.044000000000004,-0.002315665330653749
46.048,0.017213076335749013
46.052,-0.005026814078515504
46.056000000000004,0.03356108772077934
46.06,0.04068844093770464
46.064,-0.0030919338254180966
46.068,0.01906694171916836
46.072,0.06527433423168819
46.076,-0.008356188757321754
46.08,0.03202741087486963
46.084,0.029217515391016725
46.088,0.051250353846667054
46.092,0.023803997389736528
46.096000000000004,0.003010067911079845
46.1,0.0207330194626806
46.104,0.026378438170244732
46.108000000000004,0.01945359439140909
46.112,-0.018697484895420387
46.116,0.0427710089931707
46.12,0.043658640643098504
46.124,-0.0037990622223880513
46.128,0.012212691888565871
46.132,0.006657851535352909
46.136,-0.019197639024138336
46.14,-0.03163622514263419
46.144,0.0035889854811941707
46.148,0.008879439909868678
46.152,-0.025678075157299092
46.156,0.01221546680190643
46.160000000000004,0.042187751037371796
46.164,0.039495562184161295
46.168,0.012716785036555933
46.172000000000004,-0.03755803228196341
46.176,0.02378776499696635
46.18,0.014884707988351547
46.184,0.027164139397686575
46.188,0.062403167435384446
46.192,-0.014047518433125083
46.196,-0.06785092618413859
46.2,-0.016983497335931668
46.204,0.026838119333131336
46.208,0.012809034201655764
46.212,-0.02567917613710756
46.216,-0.033330821475519204
46.22,-0.0013659999845035383
46.224000000000004,-0.018315258909523846
46.228,0.023305640419797873
46.232,-0.007416172334149767
46.236000000000004,-0.015354151319614134
46.24,-0.013292033493210943
46.244,0.017584856655249982
46.248,0.00952880854443599
46.252,0.006096361195320903
46.256,0.003009183318699567
46.26,0.00204642751621474
46.264,-0.01663068223655275
46.268,-0.011600709887263316
46.272,-0.010619739174988384
46.276,0.04834008819329247
46.28,-0.031660708654376965
46.284,-0.0030632560122877597
46.288000000000004,0.007333802134640676
46.292,-0.010113027654422098
46.296,0.021787495996655276
46.300000000000004,-0.007419239211290683
46.304,-0.00021434241778103737
46.308,0.023485967403001434
46.312,0.040986371081343294
46.316,0.028379230806371943
46.32,-0.004864332324388534
46.324,0.0026755005813961135
46.328,0.002557822226340128
46.332,-0.002331360078948972
46.336,-0.029711302337671247
46.34,0.020253107655846325
46.344,0.007370515569041095
46.348,-0.0014338839960384528
46.352000000000004,-0.039481487683490364
46.356,-0.008661075792196181
46.36,-0.052176736157607
46.364000000000004,-0.014014633654328285
46.368,-0.01606254221194415
46.372,-0.0021944634857955832
46.376,0.035117722632097385
46.38,0.007797216706897599
46.384,0.035088928352073716
46.388,0.012503861375125068
46.392,0.017122092334898927
46.396,0.032921257583930746
46.4,-0.02641822437110941
46.404,-0.022663942320773057
46.408,0.011485307917060813
46.412,-0.012697981075929716
46.416000000000004,-0.009593048221671868
46.42,-0.015927076740815525
46.424,-0.01922397370654883
46.428000000000004,0.03370996372416191
46.432,-0.04166969098903674
46.436,0.0004978727830546627
46.44,0.0018424253053232528
46.444,-0.04533849516117885
46.448,-0.02911703981789899
46.452,-0.0322714697580706
46.456,-0.004070980157561032
46.46,-0.021955358464082718
46.464,-0.009511599836367249
46.468,-0.04628984400339356
46.472,0.040950078214475064
46.476,-0.017891526154949672
46.480000000000004,-0.0017825611964162047
46.484,-0.022357808706941092
46.488,-0.027626819228218132
46.492000000000004,0.029164821090206614
46.496,-0.06903608775530168
46.5,-0.008730034327763793
46.504,-0.04056033900512632
46.508,-0.022858624613176955
46.512,-0.03601895300689584
46.516,-0.04717356901456407
46.52,-0.016207977398136245
46.524,-0.07586295682558634
46.528,-0.022001916632905287
46.532000000000004,-0.023696515567077848
46.536,-0.05787022135106631
46.54,0.01938082768963787
46.544000000000004,-0.02787066728905393
46.548,-0.02139005122819582
46.552,-0.03757411322842701
46.556000000000004,-0.027247766330693705
46.56,0.012942999354522824
46.564,0.04751499297799643
46.568,0.0018972611672370548
46.572,0.0031518575024014894
46.576,0.01643567120070742
46.58,-0.014789963665952782
46.584,0.02371346228222302
46.588,0.0018577516288256976
46.592,-0.021625554563431744
46.596000000000004,-0.018851739405614562
46.6,-0.06762530623500498
46.604,-0.009239874928142999
46.608000000000004,-0.057439244569631405
46.612,-0.06660498077925031
46.616,-0.02334026712350679
46.62,-0.05023202929347528
46.624,-0.016665604408627955
46.628,-0.014880407080167345
46.632,-0.02031693120916306
46.636,-0.04895860589515752
46.64,0.002795490340013102
46.644,-0.014910039526494842
46.648,-0.002188005097473498
46.652,-0.048129252216073275
46.656,-0.022355711137681207
46.660000000000004,0.018228049437384944
46.664,0.02425394547481403
46.668,-0.018096639408844005
46.672000000000004,-0.014335375326345951
46.676,-0.02260323079671429
46.68,-0.0031948902770784944
46.684,-0.010345870210717228
46.688,0.024901241950551097
46.692,0.04308738704179023
46.696,0.011298782077307442
46.7,0.039924546820125015
46.704,0.04747240938153674
46.708,0.08162481098915471
46.712,0.03653415653004517
46.716,0.037943084626326895
46.72,0.03849887981825258
46.724000000000004,0.0374086795620405
46.728,0.07623215485264678
46.732,0.05077111772609303
46.736000000000004,0.050466064447249034
46.74,0.08282400691615695
46.744,0.0852872027384714
46.748,0.0032963749836369266
46.752,0.04774342242757067
46.756,0.02884182009871656
46.76,0.011061966263109872
46.764,0.030222759853309973
46.768,-0.029411444160534088
46.772,0.037454999991424404
46.776,0.006169958638353275
46.78,-0.027579526679797704
46.784,-0.019329143728335857
46.788000000000004,-0.05338477459345172
46.792,-0.029127718928133144
46.796,-0.03845437477383791
46.800000000000004,-0.05627805922043864
46.804,-8.288277302414757e-05
46.808,0.008549863251199493
46.812,-0.03247967232668929
46.816,-0.04271712850900705
46.82,-0.01936457654660703
46.824,-0.025692765330567312
46.828,-0.054923045558947566
46.832,-0.05156621183428839
46.836,-0.04510190002361629
46.84,-0.026327964607744336
46.844,-0.028323232199266725
46.848,-0.029941442002116972
46.852000000000004,-0.08901736039437844
46.856,-0.048348867484709616
46.86,-0.06802879652032152
46.864000000000004,0.008487366645545377
46.868,-0.0283761036527523
46.872,0.06426530148044625
46.876,0.25035582300816145
46.88,0.34909101832464523
46.884,0.5239267126294673
46.888,0.6739158397753566
46.892,0.8884831288828504
46.896,0.9467521852897343
46.9,1.075241192348282
46.904,1.0866306798309693
46.908,1.0597883967023347
46.912,0.93213732895805
46.916000000000004,0.860605489755371
46.92,0.6534487420743802
46.924,0.44808023952011505
46.928000000000004,0.32397271270701794
46.932,0.11075943547690047
46.936,0.0015612407819042013
46.94,-0.06728438555522427
46.944,-0.11770344609906949
46.948,-0.19984867137548654
46.952,-0.12430798845661828
46.956,-0.12358477715481539
46.96,-0.09743614145765561
46.964,-0.06266295076298484
46.968,-0.0840252018346723
46.972,-0.03310529144974751
46.976,-0.06559902784476357
46.980000000000004,-0.027190089516283572
46.984,-0.00629239701441722
46.988,0.017889384468807695
46.992000000000004,-0.03328485398628689
46.996,0.024617984321638538
47.0,0.021226023924837936
47.004,-0.003673162682922405
47.008,-0.018723466395868076
47.012,-0.029712058945468398
47.016,0.015778547105711953
47.02,0.0013867159853637005
47.024,0.06098818985557577
47.028,0.01766873869481525
47.032000000000004,0.011270672030640767
47.036,0.04397987946565523
47.04,0.033565201861607157
47.044000000000004,0.0638350388296068
47.048,0.09360221170448696
47.052,0.07263331123653838
47.056000000000004,0.07861965223066351
47.06,0.094744428347782
47.064,0.06151790022127976
47.068,0.12015842928158346
47.072,0.1161377339256091
47.076,0.1412027843144652
47.08,0.14869576456604608
47.084,0.14316526827313275
47.088,0.18074212251552224
47.092,0.14934713881815784
47.096000000000004,0.16927598668083318
47.1,0.16941081264014726
47.104,0.2025405433412982
47.108000000000004,0.18716241231044525
47.112,0.23806799979609466
47.116,0.25203681463594374
47.12,0.23555306464749234
47.124,0.26378136138013003
47.128,0.1898231404496491
47.132,0.1903039318201621
47.136,0.21952484414799203
47.14,0.23749089003999213
47.144,0.23965972238314937
47.148,0.20306871220820438
47.152,0.26676984600334
47.156,0.28978412174713575
47.160000000000004,0.2730057621898383
47.164,0.2723940369126621
47.168,0.24653360044268596
47.172000000000004,0.20981144876568014
47.176,0.22685939193074567
47.18,0.27904302760302013
47.184,0.21830860871237281
47.188,0.20794259847438504
47.192,0.23376839959709084
47.196,0.22655524092425816
47.2,0.17456540254651204
47.204,0.18736708117580583
47.208,0.17125970662529572
47.212,0.17028427727745438
47.216,0.1855058614166853
47.22,0.13489126687886419
47.224000000000004,0.17918900904709636
47.228,0.1434903047581329
47.232,0.18321675277951963
47.236000000000004,0.12205489006909173
47.24,0.10865211627068745
47.244,0.12256077865717728
47.248,0.0891633928020424
47.252,0.037439388022835494
47.256,0.06614750708755232
47.26,0.0637432640424613
47.264,0.028621799287999558
47.268,0.057306255316578104
47.272,-0.006391641504488552
47.276,0.027959335052460454
47.28,0.04233889903135004
47.284,0.038622535424404365
47.288000000000004,0.01833642871761472
47.292,0.014368237306907056
47.296,-0.009980395704129159
47.300000000000004,0.01123346962964882
47.304,0.014089648822792383
47.308,-0.01575810427065847
47.312,0.0029877394665157896
47.316,-0.0024504522141162166
47.32,-0.010255186615528013
47.324,0.05758106410779805
47.328,-0.01094119206662742
47.332,-0.023519828696603056
47.336,-0.03111907995908713
47.34,-0.040761383634323356
47.344,0.0049212005862989214
47.348,-0.03283133338275168
47.352000000000004,-0.038035659744636095
47.356,-0.040433927518174755
47.36,-0.04672256698884105
47.364000000000004,-0.06087575788336981
47.368,-0.03144816913037648
47.372,-0.005592379227219821
47.376,-0.025090039718757885
47.38,0.014376154410532634
47.384,-0.0004175447257856041
47.388,-0.008468962143600565
47.392,0.018303085990138485
47.396,-0.033464186595575665
47.4,-0.02380211167676442
47.404,-0.019971354747694844
47.408,0.016751227488659336
47.412,-0.02878422401644291
47.416000000000004,-0.0471587923686162
47.42,-0.010456903170380675
47.424,-0.0397332409277491
47.428000000000004,-0.00803741094025491
47.432,-0.01793514538503046
47.436,-0.035037031723167696
47.44,-0.010280770538860737
47.444,-0.0557355841866683
47.448,-0.01645942267740968
47.452,-0.03896198262618701
47.456,0.04218434078050679
47.46,-0.019564633107077685
47.464,-0.03245328767482404
47.468,-0.05396597730207236
47.472,0.00629177028463981
47.476,-0.037051946560949886
47.480000000000004,-0.04215361505578947
47.484,-0.008028191823450532
47.488,-0.0021419230190860734
47.492000000000004,-0.009356668655695753
47.496,-0.02665626905605747
47.5,-0.017226709905859547
47.504,-0.00945993910535345
47.508,-0.008789386069649636
47.512,-0.013387516002584796
47.516,0.0014169225143849627
47.52,-0.018581052732672448
47.524,-0.03445682192977164
47.528,-0.019573640654753574
47.532000000000004,-0.003923587802525771
47.536,-0.0693576565360457
47.54,-0.06325205383340671
47.544000000000004,0.010186432486651515
47.548,0.02331096204547556
47.552,-0.0531160096853646
47.556000000000004,-0.02089311546936628
47.56,-0.02742434548200707
47.564,-0.017986103973477302
47.568,-0.005741203022638799
47.572,-0.05248769668690431
47.576,-0.04975759891289468
47.58,-0.02363226033710236
47.584,-0.013757768931841528
47.588,-0.04017921199986221
47.592,0.0009315037022628071
47.596000000000004,-0.031152886068356485
47.6,-0.025276136172943213
47.604,-0.001679700106939356
47.608000000000004,-0.013868969024074416
47.612,0.003518106568585991
47.616,-0.04265180953288971
47.62,-0.04826106506109008
47.624,-0.015079943956401026
47.628,-0.007722884953195045
47.632,-0.047013743113157216
47.636,-0.05257968113331951
47.64,-0.00733217868014358
47.644,-0.02483668132563235
47.648,-0.04409224596456045
47.652,0.009594210015802542
47.656,-0.03221906348644374
47.660000000000004,0.0183233724848772
47.664,-0.0037066947858893718
47.668,0.0010691545594247688
47.672000000000004,-0.018341310148843243
47.676,-0.08131194118787125
47.68,-0.0373445266934809
47.684,-0.006058470675290952
47.688,0.004326754360447315
47.692,-0.05628177647188761
47.696,-0.01475355462142118
47.7,-0.035456676204128526
47.704,0.004479912041729472
47.708,-0.0037410656717154246
47.712,0.008588262164948582
47.716,0.014802863135929798
47.72,0.005625562660651265
47.724000000000004,0.021680157637746583
47.728,-0.010453743936036933
47.732,0.0621444083638935
47.736000000000004,-0.04076761677078994
47.74,-0.017467756126768326
47.744,0.024284290412094667
47.748,0.018707475516501558
47.752,0.005340372523697989
47.756,0.00817948192596055
47.76,-0.054764723179144756
47.764,0.04308520458125373
47.768,-0.003601144391452997
47.772,0.025913894724930348
47.776,-0.05792661848222262
47.78,0.005357516967615772
47.784,-0.00911172226798641
47.788000000000004,0.017426160116691753
47.792,0.004324187775921411
47.796,0.003697416911427721
47.800000000000004,-0.025891842175811874
47.804,0.0051936518358404
47.808,0.00026460444995033295
47.812,0.010429310535295824
47.816,0.020931217983384362
47.82,0.00599953654534102
47.824,-0.023627192438922133
47.828,0.009120711223180106
47.832,0.06498907979916557
47.836,0.039017623838379256
47.84,-0.07045064145515034
47.844,0.01153534274413836
47.848,0.031411746600132996
47.852000000000004,-0.0031656871572987143
47.856,-0.011951743561299378
47.86,-0.0010790662321348392
47.864000000000004,0.025444773307274907
47.868,-0.018912209899096814
47.872,0.03280292223930413
47.876,-0.00015371240502989707
47.88,-0.016082690661848614
47.884,0.0414488914713417
47.888,-0.027126475383383253
47.892,-0.009090195934709484
47.896,-0.011339377769551975
47.9,0.06259984222150095
47.904,-0.0020750375862696978
47.908,-0.040660012950657964
47.912,-0.008040959601924655
47.916000000000004,0.016057816460362834
47.92,0.030322462831503316
47.924,0.07368605029736003
47.928000000000004,0.05011252536201928
47.932,0.012933740811960847
47.936,-0.01587760148271386
47.94,0.05307056107415924
47.944,0.009323776765280189
47.948,0.00027456652362643427
47.952,-0.00036908204784872646
47.956,-0.023028657344567768
47.96,0.0027847317241276905
47.964,0.014748777993606296
47.968,0.03717038802479207
47.972,0.0027189053681063724
47.976,-0.02079050514959198
47.980000000000004,-0.022728314885160396
47.984,0.029214890077666977
47.988,0.024690478681641932
47.992000000000004,0.0032589932333453187
47.996,0.004808495352880478
48.0,0.03378267686717959
48.004,0.06677217226305023
48.008,0.012969406981827677
48.012,0.030744774450805052
48.016,0.0538985889330941
48.02,0.02036730692042343
48.024,0.04974002269597466
48.028,0.052176743939662616
48.032000000000004,0.018951641286932615
48.036,0.059850038234889304
48.04,0.06854643383943998
48.044000000000004,0.09396609614423976
48.048,0.0549274185161882
48.052,0.08438432587368883
48.056000000000004,0.1228051484297738
48.06,0.15174198371798803
48.064,0.14269630272124015
48.068,0.08344418385509805
48.072,0.12047950719545467
48.076,0.0972438626473112
48.08,0.12326344183331465
48.084,0.10251114425476068
48.088,0.0755671212864846
48.092,0.10038819850942612
48.096000000000004,0.12152303292432909
48.1,0.11212392550293733
48.104,0.11575061432964451
48.108000000000004,0.10342043498844869
48.112,0.09524098574050555
48.116,0.09019494875336216
48.120000000000005,0.06981721346962935
48.124,0.07864854305227369
48.128,0.11245745985227916
48.132,0.06024748482415158
48.136,0.05092252704816278
48.14,0.05399002784143499
48.144,0.04806044163135294
48.148,0.03735616612412783
48.152,0.04382169386458635
48.156,0.021672248279681075
48.160000000000004,0.03470179097510198
48.164,0.022980663340672874
48.168,0.0422908356375445
48.172000000000004,0.04644960355565298
48.176,0.02391344246134757
48.18,-0.015539468176541726
48.184,0.05507377265672005
48.188,0.04124271613085111
48.192,0.006536651411844098
48.196,0.048454093023005504
48.2,-0.0013098468162679594
48.204,0.06164894915859988
48.208,0.023823040584830917
48.212,-0.050222276906431856
48.216,-0.0006222867032892165
48.22,-0.0038909530237531678
48.224000000000004,0.0350530853059455
48.228,0.10914242964278859
48.232,0.24364685292918875
48.236000000000004,0.39440576045670317
48.24,0.5465752952111558
48.244,0.8122180659709392
48.248,0.938296976855538
48.252,1.0544300026634896
48.256,1.1329433292513196
48.26,1.2208511511276265
48.264,1.1478980219784873
48.268,1.0943470200837604
48.272,0.9307637385977751
48.276,0.7550538377323028
48.28,0.5537973215202902
48.284,0.3815159158611923
48.288000000000004,0.22562512799472878
48.292,0.08918738144806293
48.296,-0.03183316168053016
48.300000000000004,-0.06023288577441961
48.304,-0.04594480238478764
48.308,-0.10258788428535467
48.312,-0.045080448167333115
48.316,-0.04356672977450503
48.32,-0.015378025433422477
48.324,0.0429290463787667
48.328,0.034703722047634174
48.332,0.020391029448261586
48.336,0.08818611315881053
48.34,0.088483195955306
48.344,0.02676427641646091
48.348,0.03967437553322397
48.352000000000004,0.08802387421446603
48.356,0.06780400755580668
48.36,0.12234666204797057
48.364000000000004,0.1104628639178878
48.368,0.10521125946204002
48.372,0.07031990990641443
48.376,0.11152141990951678
48.38,0.0789544080016058
48.384,0.15545295751240173
48.388,0.1378219132116391
48.392,0.10657540189790285
48.396,0.15246163392993486
48.4,0.20175265711869445
48.404,0.1539636221261704
48.408,0.17926781941330214
48.412,0.15621728340728086
48.416000000000004,0.17577374924447833
48.42,0.15068705154076767
48.424,0.20326102878692456
48.428000000000004,0.21152174131235413
48.432,0.257784624668825
48.436,0.17523084167303155
48.44,0.22825988584011891
48.444,0.2826008277474153
48.448,0.25146719865547407
48.452,0.2552934037138055
48.456,0.2454512789241085
48.46,0.2572663604707815
48.464,0.24888142431784316
48.468,0.28444666450868594
48.472,0.27575063132555977
48.476,0.3080940063679468
48.480000000000004,0.2974213628215989
48.484,0.3164707817566115
48.488,0.319950606503391
48.492000000000004,0.32726775048875995
48.496,0.3166100040253056
48.5,0.3117491725242012
48.504,0.3481209979188392
48.508,0.37165840032490466
48.512,0.3414930588510451
48.516,0.32040800994658153
48.52,0.337026921677295
48.524,0.29249835772792715
48.528,0.33527746748999804
48.532000000000004,0.3181295370196135
48.536,0.2983344156699603
48.54,0.3036069835071028
48.544000000000004,0.31225433283708015
48.548,0.33894537761690274
48.552,0.3276448710985369
48.556000000000004,0.2677367527169838
48.56,0.2760400104586448
48.564,0.2743569320962925
48.568,0.2963909593822168
48.572,0.2641432992310143
48.576,0.25185827947622813
48.58,0.2597281429398019
48.584,0.2281153255655381
48.588,0.26591674486990574
48.592,0.21572406024858196
48.596000000000004,0.18326886000202514
48.6,0.1958334463854558
48.604,0.22944525788592318
48.608000000000004,0.17740797876388434
48.612,0.19652792218897602
48.616,0.1470480060253796
48.620000000000005,0.141610538514597
48.624,0.1756255482301786
48.628,0.12811381414562603
48.632,0.15682331871259425
48.636,0.13657301409477263
48.64,0.10570857040016905
48.644,0.12588800862832955
48.648,0.10655295751867075
48.652,0.11707582278124415
48.656,0.14884747896435335
48.660000000000004,0.09391155983485319
48.664,0.11837923546669686
48.668,0.0999323512060024
48.672000000000004,0.08963880927074057
48.676,0.07978585268596801
48.68,0.06551861121308322
48.684,0.09862827808298105
48.688,0.07868255348561788
48.692,0.05428397105003585
48.696,0.09834422704500559
48.7,0.07963043035019053
48.704,0.07579596386116007
48.708,0.1116201461999625
48.712,0.02411186356351608
48.716,0.09873840234952183
48.72,0.049825219292988415
48.724000000000004,0.08214020610651766
48.728,0.059384896694341785
48.732,0.043460323771774036
48.736000000000004,0.09678351227685747
48.74,0.11569818305153551
48.744,0.06917992935775111
48.748,0.08068340361327801
48.752,0.06648119488128092
48.756,0.1059948943171507
48.76,0.015502702146732585
48.764,0.08339255286706033
48.768,0.053564499398319136
48.772,0.005777752610472385
48.776,0.05350152566638245
48.78,0.11447173845989386
48.784,0.057660947887340504
48.788000000000004,0.09177959432382293
48.792,0.09510410793291038
48.796,0.06288632266280342
48.800000000000004,0.07225098984554651
48.804,0.03247383957961306
48.808,0.05586624595477142
48.812,0.0901269383337941
48.816,0.0677280675372749
48.82,0.08228671689992069
48.824,0.08361721125222588
48.828,0.13472861680484513
48.832,0.06432078485238765
48.836,0.11568116000329615
48.84,0.08770189442803322
48.844,0.13603419163869795
48.848,0.06499109797692605
48.852000000000004,0.09779326274557863
48.856,0.08623726070831329
48.86,0.11076452155814238
48.864000000000004,0.14936054371544105
48.868,0.13212220891972581
48.872,0.15221524283246082
48.876,0.1087968350751234
48.88,0.11646118398305512
48.884,0.14848236805423373
48.888,0.14966634679916171
48.892,0.1428914840250561
48.896,0.12443392783720775
48.9,0.18608291317590409
48.904,0.1536555081581897
48.908,0.19596092621867328
48.912,0.15220500814240828
48.916000000000004,0.16347073084634553
48.92,0.16347842137257051
48.924,0.13034862283040194
48.928000000000004,0.15296790099797472
48.932,0.1794246983604744
48.936,0.12945799560538818
48.94,0.1453628075370857
48.944,0.13981817315152112
48.948,0.12207313144988594
48.952,0.10636235237948645
48.956,0.10792696836074786
48.96,0.11419443886850261
48.964,0.06266060800651431
48.968,0.09661834959853997
48.972,0.07543492912989863
48.976,0.0652089308781678
48.980000000000004,0.11069584852758077
48.984,0.06368008733381275
48.988,0.043331589139433364
48.992000000000004,0.08973001277379315
48.996,0.031108980273292577
49.0,0.023318287796425544
49.004,0.09931970900192603
49.008,0.07796884041620439
49.012,0.07849222987615943
49.016,0.053250902308847846
49.02,0.03503891478049553
49.024,0.04439876958950802
49.028,0.061380525920164436
49.032000000000004,0.021706119560666183
49.036,0.04767169532235154
49.04,0.02406903179110057
49.044000000000004,0.04868701332235869
49.048,0.07681960191472037
49.052,0.14760789438156388
49.056000000000004,0.26419898322937657
49.06,0.4002478797606595
49.064,0.590470371819302
49.068,0.7636327050843376
49.072,0.8507686174485986
49.076,1.0583731204290279
49.08,1.143110254504702
49.084,1.1981300102862238
49.088,1.129979516659453
49.092,1.0694023010482043
49.096000000000004,0.9196489199328876
49.1,0.806506416790256
49.104,0.5749139950725866
49.108000000000004,0.4013932389110673
49.112,0.2656658903671521
49.116,0.10087377700798314
49.120000000000005,0.005051403356713183
49.124,0.0028977883192992
49.128,-0.017104578926097284
49.132,-0.02336968685322782
49.136,-0.0015888242826104897
49.14,0.002740971885424789
49.144,0.033074237555573954
49.148,0.03888833999122974
49.152,0.06586299357557657
49.156,0.05539999208321618
49.160000000000004,0.06948287520033883
49.164,0.10522225097247524
49.168,0.12101237303308289
49.172000000000004,0.09737884062633981
49.176,0.13321391748980158
49.18,0.07972886335566536
49.184,0.06069169652311944
49.188,0.12619335587922442
49.192,0.08616139869242688
49.196,0.1009466004060467
49.2,0.07409772136073146
49.204,0.1067571967663227
49.208,0.09503399053211856
49.212,0.1205532719867502
49.216,0.12558102558433157
49.22,0.14994558777099287
49.224000000000004,0.19126250494589295
49.228,0.18218552639963265
49.232,0.12511635639030125
49.236000000000004,0.18641809144027388
49.24,0.18768365682083543
49.244,0.19632457650699275
49.248,0.2043709508765029
49.252,0.21148186783104522
49.256,0.1954673368767299
49.26,0.22253561049763312
49.264,0.2710215469485177
49.268,0.23021563313199606
49.272,0.22347643748725057
49.276,0.2538038019890801
49.28,0.24087343513117754
49.284,0.23958448223645573
49.288000000000004,0.2793413818521534
49.292,0.32420622409931166
49.296,0.29149473210636306
49.300000000000004,0.308784576013214
49.304,0.26238216273973924
49.308,0.32942781546326366
49.312,0.31814056334070456
49.316,0.30071809161874813
49.32,0.3305591527115015
49.324,0.33829725287696355
49.328,0.30690568684823727
49.332,0.3353975924519821
49.336,0.3548369047984432
49.34,0.32412652520228774
49.344,0.3122798504490876
49.348,0.3250283059477346
49.352000000000004,0.3407145650353732
49.356,0.2827274243096943
49.36,0.3290820201598785
49.364000000000004,0.2982458934454718
49.368,0.31332545677939283
49.372,0.27979906023335854
49.376,0.2707168056699759
49.38,0.32136921652311096
49.384,0.24604665897140146
49.388,0.28314176586363016
49.392,0.2988450208406242
49.396,0.26187934706898264
49.4,0.2083373114555469
49.404,0.20631271362065365
49.408,0.2083317280905202
49.412,0.21493763055281404
49.416000000000004,0.20540127863474592
49.42,0.16467777720462334
49.424,0.17148156281632534
49.428000000000004,0.16211117158448557
49.432,0.16229369550154277
49.436,0.20594073877478788
49.44,0.13064251672474153
49.444,0.12747372484600894
49.448,0.1139059956929
49.452,0.14390016956823393
49.456,0.11795570010981996
49.46,0.0957831787436752
49.464,0.1086601136116567
49.468,0.08994133111391846
49.472,0.10459486781715382
49.476,0.15698907477277457
49.480000000000004,0.10455321155627954
49.484,0.08968469206533608
49.488,0.06904281244762034
49.492000000000004,0.041170678179068616
49.496,0.08735191530892326
49.5,0.08841141776339048
49.504,0.062456318827446365
49.508,0.09948583109484974
49.512,0.06008295442557763
49.516,0.07441838153907117
49.52,0.06603642909326557
49.524,0.05797217446297946
49.528,0.034583681412906686
49.532000000000004,0.0461566099480835
49.536,0.06720335478850642
49.54,0.03782266209477563
49.544000000000004,0.06601202584975485
49.548,0.024663388905392367
49.552,0.06316862387086937
49.556000000000004,0.048385592401965064
49.56,0.015366477165008344
49.564,0.04474376710347652
49.568,0.0707288841745042
49.572,0.008244643074177
49.576,0.010144304972426157
49.58,0.040304667946148585
49.584,0.1005347775908576
49.588,0.02769150230543489
49.592,0.049345753786087285
49.596000000000004,0.040823378054490926
49.6,0.02484625202435123
49.604,0.04889782449857777
49.608000000000004,0.031093759763031623
49.612,0.025912904881960675
49.616,-0.00920670635698382
49.620000000000005,0.0370968962022231
49.624,0.0656047709269878
49.628,0.0421438580464201
49.632,0.060738719473390004
49.636,0.04570444773555411
49.64,0.03541499222593446
49.644,0.027041201880734764
49.648,0.028693938396982865
49.652,-0.0024754684559630258
49.656,0.026163041021416065
49.660000000000004,0.0432174151602402
49.664,0.08951793860952073
49.668,0.05940568487848004
49.672000000000004,0.01969982380471684
49.676,0.005805525530700802
49.68,0.04548042592664218
49.684,0.08030669511078589
49.688,0.056488279901303284
49.692,0.07315133959456781
49.696,0.05797241229154761
49.7,0.09155605246135201
49.704,0.045066975948358935
49.708,0.12868673970708489
49.712,0.05942600864976423
49.716,0.11038468952675261
49.72,0.09451895209946747
49.724000000000004,0.10862296954095373
49.728,0.10704366589394299
49.732,0.11523410769468977
49.736000000000004,0.11990250499164329
49.74,0.14132005033715525
49.744,0.15530499386584498
49.748,0.12461275147225415
49.752,0.14939530752681335
49.756,0.10297572253302423
49.76,0.12868384932841384
49.764,0.11282739274615763
49.768,0.08029153426187285
49.772,0.08520824957629816
49.776,0.08458359698684281
49.78,0.07038023631484236
49.784,0.0808093071216406
49.788000000000004,0.0837918293962633
49.792,0.04872782958251273
49.796,-0.031820949961799294
49.800000000000004,0.08456912160117822
49.804,0.036519505946083594
49.808,0.017351387534526398
49.812,-0.000572066498026564
49.816,0.01405723250579432
49.82,0.011649573549260748
49.824,0.010922863273375952
49.828,0.008370197111320317
49.832,0.030152347698613
49.836,0.06426819668010687
49.84,0.03871647096063185
49.844,0.05114439591586002
49.848,0.010802849997486425
49.852000000000004,0.015252124633777717
49.856,0.02045139251817694
49.86,-0.0024461410820728856
49.864000000000004,0.005526211607877489
49.868,0.027992342296567437
49.872,0.01542419030063871
49.876,-0.023687453973612292
49.88,-0.050208124575705004
49.884,0.003490795934191074
49.888,0.0381529720157139
49.892,0.17928265872706317
49.896,0.3297857972923674
49.9,0.49339703385921085
49.904,0.6884404956087251
49.908,0.8562447824276149
49.912,0.9848394809306601
49.916000000000004,1.0459536596695647
49.92,1.1235037962119399
49.924,1.1351202674009766
49.928000000000004,1.0920981242828989
49.932,0.9160194195717339
49.936,0.7720749829435932
49.94,0.6015744848429455
49.944,0.3932781192047838
49.948,0.25317511386779534
49.952,0.10618959685485732
49.956,0.006356425990730889
49.96,-0.07195819976528349
49.964,-0.04313439588011645
49.968,-0.11682089995588987
49.972,-0.03624375652258683
49.976,-0.046916741235218246
49.980000000000004,-0.0023867416372300027
49.984,-0.018288158697648528
49.988,0.022996549787891507
49.992000000000004,0.040073704798266496
49.996,-0.018765902786634658
50.0,0.014234845085142127
50.004,-0.026301829789039225
50.008,0.02344654065580627
50.012,0.0033082824423250716
50.016,0.019119744374102944
50.02,0.10665734099669849
50.024,0.08581384768678464
50.028,0.008619807305126632
50.032000000000004,0.055696069615160014
50.036,0.06418788070848438
50.04,0.046412218242756445
50.044000000000004,0.07031222579189378
50.048,0.07621272757474755
50.052,0.03457916512240252
50.056000000000004,0.046606058614861424
50.06,0.08905701216564209
50.064,0.09991036648270542
50.068,0.08479834071334091
50.072,0.08314156594275356
50.076,0.10636785955590164
50.08,0.1444821078804679
50.084,0.13431641503649996
50.088,0.18295695856476607
50.092,0.12638326675403552
50.096000000000004,0.1549285723645864
50.1,0.15546084720337716
50.104,0.19319251119880548
50.108000000000004,0.16514705976042723
50.112,0.23403947267793324
50.116,0.14942214626192452
50.120000000000005,0.2480271282488541
50.124,0.22051867346408413
50.128,0.23694168101413154
50.132,0.25604612701586843
50.136,0.248060325043858
50.14,0.21964903923170334
50.144,0.2635945339056213
50.148,0.29745389669598965
50.152,0.22521489690843818
50.156,0.301157180894929
50.160000000000004,0.2657913432545979
50.164,0.25251516089071224
50.168,0.23955346132261982
50.172000000000004,0.24918877539020776
50.176,0.2028643748506304
50.18,0.24544669773535485
50.184,0.25256666097954705
50.188,0.22695303100853353
50.192,0.2615798512473885
50.196,0.23065839132555402
50.2,0.22069674335057177
50.204,0.22829620170295942
50.208,0.2366772174189456
50.212,0.21559227762744365
50.216,0.18659071744584838
50.22,0.20506699723934102
50.224000000000004,0.1980964288608932
50.228,0.1601126215557804
50.232,0.16549057585671265
50.236000000000004,0.1759638403212839
50.24,0.17230325963144386
50.244,0.14868187822568724
50.248,0.15986090178828488
50.252,0.10209609969903649
50.256,0.09146249181875907
50.26,0.10549416275133194
50.264,0.14595487402406015
50.268,0.10164093860264019
50.272,0.07506926101583485
50.276,0.11007787763549663
50.28,0.06198713607732125
50.284,0.12301587268926428
50.288000000000004,0.044784755309506326
50.292,0.018151021160158737
50.296,0.03037811492908397
50.300000000000004,0.02763690204666124
50.304,0.013348681445767903
50.308,0.09073334459037584
50.312,0.021265736632350915
50.316,0.017738176630026498
50.32,-0.0043630310233509165
50.324,-0.005881331251979904
50.328,0.02800290657316997
50.332,-0.050302020508157894
50.336,-0.042587193010553664
50.34,-0.01765002287713989
50.344,0.025113873205886067
50.348,-0.022864988809892167
50.352000000000004,-0.012586269055716347
50.356,-0.02670108772752645
50.36,0.008688430241706353
50.364000000000004,-0.05948032518410885
50.368,-0.005328434408762826
50.372,-0.03728814953127358
50.376,-0.012770424890265399
50.38,-0.051940646051843856
50.384,-0.026301959932885217
50.388,-0.03271193362625148
50.392,-0.0632301603516497
50.396,-0.07324418158951543
50.4,-0.05084999658201321
50.404,-0.028132650286663084
50.408,-0.05317366885500567
50.412,-0.05019587736397375
50.416000000000004,-0.09186381937149316
50.42,-0.04883486369628535
50.424,-0.008794296822196186
50.428000000000004,-0.01942555884231932
50.432,-0.046746392764350705
50.436,-0.04110288324911005
50.44,-0.06261435644301128
50.444,0.004009013731623788
50.448,0.012530632553543239
50.452,-0.042459552862797484
50.456,0.015663703005339327
50.46,-0.060723297737419225
50.464,-0.06958486901968979
50.468,-0.05849124366334988
50.472,-0.053513319369801665
50.476,0.007427041437767512
50.480000000000004,-0.05179752055736084
50.484,-0.060565296234867415
50.488,-0.06361346581568267
50.492000000000004,-0.019460279473125123
50.496,-0.024785180224457408
50.5,-0.05550728100731442
50.504,-0.08365462624016792
50.508,-0.06593984123702779
50.512,-0.00017287181622146347
50.516,-0.026181184648877316
50.52,-0.03362495628561213
50.524,0.02008603366180729
50.528,0.02357409066815439
50.532000000000004,-0.029388981830617392
50.536,-0.026659787528499696
50.54,-0.030151231654030164
50.544000000000004,-0.011695061544113518
50.548,-0.03829685487799386
50.552,-0.03964337072658087
50.556000000000004,-0.04177774469492058
50.56,0.03983557356372544
50.564,-0.015166097392369963
50.568,0.0753958597657158
50.572,0.0056366299493430735
50.576,0.06863578520837404
50.58,0.02431212390546182
50.584,0.00145881820156029
50.588,0.07086866966605364
50.592,0.06595588222730295
50.596000000000004,0.004136261595922064
50.6,0.021194763150199088
50.604,0.008578135891829219
50.608000000000004,0.021236250751078437
50.612,0.014434494426506107
50.616,-0.005169607103291833
50.620000000000005,-0.04240068466011786
50.624,-0.012122204399439961
50.628,0.01146595002227607
50.632,-0.02455904492676316
50.636,-0.035561385583059144
50.64,-0.05040178563197187
50.644,-0.04167862865001478
50.648,0.0021168965110780133
50.652,-0.07263787856549085
50.656,-0.03177480791362372
50.660000000000004,-0.04589655000692573
50.664,-0.0377767368593878
50.668,-0.06650570359540114
50.672000000000004,-0.06580218086185895
50.676,-0.06077373067690725
50.68,-0.06911620494100335
50.684000000000005,-0.04305417943604316
50.688,-0.04283180240418395
50.692,-0.007571390369663915
50.696,-0.057524710857228795
50.7,-0.10693517566760122
50.704,-0.0250200746258597
50.708,-0.06329197113709771
50.712,-0.019690165578795264
50.716,-0.04433816384393093
50.72,-0.10005331609606008
50.724000000000004,-0.07209860999175978
50.728,-0.0989028744651643
50.732,-0.05031840396131205
50.736000000000004,0.048361326596827674
50.74,0.19229257604070316
50.744,0.35224861535277824
50.748,0.5050297728252958
50.752,0.7322405196109487
50.756,0.8157259148095769
50.76,0.9154758084036447
50.764,1.0060607656009461
50.768,1.100970855190733
50.772,1.0201508039445355
50.776,0.9313860069882157
50.78,0.7790966315296451
50.784,0.613808139179699
50.788000000000004,0.41581301777223334
50.792,0.2577753447637252
50.796,0.08108864742332136
50.800000000000004,-0.02551420633400097
50.804,-0.1070198840471792
50.808,-0.17320527760831553
50.812,-0.2177918147500147
50.816,-0.2110337128094143
50.82,-0.06798739673560122
50.824,-0.0750304252385115
50.828,-0.05749534977287682
50.832,-0.09702810180419597
50.836,-0.06958537391309241
50.84,-0.07621098827143016
50.844,-0.07740978465238924
50.848,-0.05753191731710348
50.852000000000004,-0.013419777488802694
50.856,-0.024619670185394273
50.86,-0.06097553837820863
50.864000000000004,-0.035459041897001956
50.868,-0.007328410030885964
50.872,-0.04336040401202475
50.876,-0.02492386170802155
50.88,-0.006469796005919343
50.884,0.004000926930244044
50.888,0.003789464606396484
50.892,-0.020220149173676906
50.896,-0.013741156223792742
50.9,-0.016165102090699962
50.904,-0.014376415748926369
50.908,0.026709272681874972
50.912,0.05034209579112087
50.916000000000004,0.0009506796586796276
50.92,0.05595710870331312
50.924,0.08266261824939385
50.928000000000004,0.02336359074526928
50.932,0.06404967625700683
50.936,0.11850658773624818
50.94,0.10566046766977391
50.944,0.05965172249620659
50.948,0.12952755290795004
50.952,0.09609591509718987
50.956,0.1385495754800912
50.96,0.11820565825177198
50.964,0.14809270856454518
50.968,0.1417671766932151
50.972,0.155853113474853
50.976,0.14663293072508204
50.980000000000004,0.1676969234958639
50.984,0.155856881541719
50.988,0.2010307823033669
50.992000000000004,0.19118560028788253
50.996,0.14865711950463395
51.0,0.22336332933891864
51.004,0.2028886592049761
51.008,0.21146897881421484
51.012,0.22103403288246587
51.016,0.20872132390677905
51.02,0.23534616837501077
51.024,0.20380393355758286
51.028,0.23325723085314698
51.032000000000004,0.20109497207607252
51.036,0.20547029063010352
51.04,0.20479776830894317
51.044000000000004,0.2269682341204331
51.048,0.20669426643574582
51.052,0.16481399562973165
51.056000000000004,0.15139765686320675
51.06,0.16510176652616254
51.064,0.14580038839030113
51.068,0.1286652057941417
51.072,0.08671412259566244
51.076,0.090712567540651
51.08,0.17626109098036316
51.084,0.10721963089733506
51.088,0.1602195938968175
51.092,0.10677455363311547
51.096000000000004,0.08437622518640195
51.1,0.04495365737160526
51.104,0.07951934623735799
51.108000000000004,0.11588404463919344
51.112,0.09199244498617078
51.116,0.049458641894973635
51.120000000000005,0.011560581792712167
51.124,0.014288392922798612
51.128,0.007246612237387522
51.132,0.04629487619333244
51.136,0.04611279571862309
51.14,0.009419250179920364
51.144,-0.003507240027521708
51.148,0.034799915018681016
51.152,-0.04089153235133719
51.156,-0.022416518098184124
51.160000000000004,-0.01119037411086822
51.164,-0.043046978250612544
51.168,-0.043641884660552056
51.172000000000004,-0.05640744655541653
51.176,-0.008783109142062526
51.18,0.006202294833145591
51.184000000000005,-0.035961151945388126
51.188,-0.05032982553850676
51.192,-0.06803627936497973
51.196,-0.05730299422889242
51.2,-0.06730259238814898
51.204,-0.05196870862304847
51.208,-0.042904785669290436
51.212,-0.07176053962158246
51.216,-0.0697257638027941
51.22,-0.06494861202969616
51.224000000000004,-0.06344444381550392
51.228,-0.06949994616260126
51.232,-0.047131981331280645
51.236000000000004,-0.11320647817989268
51.24,-0.024358207289913544
51.244,-0.055025299292070715
51.248,-0.04567710960684885
51.252,-0.05012585659293729
51.256,-0.08835013500263086
51.26,-0.08796808438299171
51.264,-0.08533228188162933
51.268,-0.06796517797076328
51.272,-0.0514093005967225
51.276,-0.08567754317233832
51.28,-0.05016183654075679
51.284,-0.11880360874734988
51.288000000000004,-0.07134371210977929
51.292,-0.039463205878087895
51.296,-0.07493811444644191
51.300000000000004,-0.08547927578718204
51.304,-0.07519769484225089
51.308,-0.13631275270593363
51.312,-0.09252050818327986
51.316,-0.042413192038653846
51.32,-0.07699165925851345
51.324,-0.06743723722149833
51.328,-0.11517688568943293
51.332,-0.10331544450400208
51.336,-0.03326708072800585
51.34,-0.03981127550392613
51.344,-0.07949707851514273
51.348,-0.06208084388244524
51.352000000000004,-0.05069579894125333
51.356,-0.07814830582937021
51.36,-0.08824268411683145
51.364000000000004,-0.03153446533600318
51.368,-0.010105171186997094
51.372,-0.01099916437196813
51.376,-0.00014825108964840877
51.38,-0.049070465134742156
51.384,0.0030138890796856752
51.388,-0.0013952653570343749
51.392,0.0016761938712258227
51.396,0.0014663456461060662
51.4,0.00036147813484571634
51.404,-0.049290078407409975
51.408,0.055640775947769006
51.412,0.02936317305646214
51.416000000000004,-0.01770322464028104
51.42,0.03629655793211889
51.424,0.017270107787598146
51.428000000000004,0.013070862371111266
51.432,-0.0063423712629120475
51.436,0.019731890222503174
51.44,-0.012955366669411005
51.444,-0.020071285710974378
51.448,0.02781946173971255
51.452,-0.017722295522081405
51.456,-0.02476393331419182
51.46,-0.0034957909515648464
51.464,-0.03690795663075519
51.468,-0.03881591537055879
51.472,-0.030777098906987627
51.476,-0.08289751314159485
51.480000000000004,-0.03639306487374373
51.484,-0.057881592564538877
51.488,-0.022092544362495758
51.492000000000004,-0.0387498813573085
51.496,-0.04573217531857335
51.5,-0.09172602360476581
51.504,-0.04930236982790008
51.508,-0.0789529936090712
51.512,-0.057909235769023
51.516,-0.11727632607640348
51.52,-0.09226609298479113
51.524,-0.018233353686554224
51.528,-0.04084270727112778
51.532000000000004,-0.06638905596098187
51.536,-0.08444077265997053
51.54,-0.08830656008668791
51.544000000000004,-0.0598082510897997
51.548,-0.08672431161149415
51.552,-0.0512351952113136
51.556000000000004,-0.08101225636585407
51.56,-0.018438051412392405
51.564,0.04490990584661377
51.568,0.20206261195923797
51.572,0.369248349898089
51.576,0.5246629671538487
51.58,0.6931405434781212
51.584,0.8641258148742161
51.588,1.0021439705792738
51.592,1.0246704816051497
51.596000000000004,1.0560495502637575
51.6,0.9993030405959304
51.604,0.913511289390744
51.608000000000004,0.7231346208157461
51.612,0.5533747675871813
51.616,0.3699944744261856
51.620000000000005,0.22288819144789782
51.624,0.08852621639919875
51.628,-0.04071607658640042
51.632,-0.09947579263664155
51.636,-0.17085259822775076
51.64,-0.1326147242121438
51.644,-0.1082585912463872
51.648,-0.09466677483382091
51.652,-0.09011490612586834
51.656,-0.056289323726999116
51.660000000000004,-0.07454998162777772
51.664,-0.030281366335981868
51.668,-0.022355745084192594
51.672000000000004,-0.06492863350036243
51.676,-0.017994994132780093
51.68,-0.05185865236516936
51.684000000000005,-0.02219536416498323
51.688,-0.009116012557894597
51.692,-0.03163061023206093
51.696,-0.009394804958573585
51.7,0.00030059488595643316
51.704,-0.011452883597099093
51.708,0.026108826345814552
51.712,-0.008875522610938815
51.716,0.07095886600916394
51.72,0.02277875989014782
51.724000000000004,0.008326525536906517
51.728,0.017539025832032547
51.732,0.07082464397512965
51.736000000000004,0.037077901223186396
51.74,0.026564077810314668
51.744,0.09562627494504822
51.748,0.06988310422304264
51.752,0.09794470261090588
51.756,0.11139842225017271
51.76,0.10931046537729684
51.764,0.17690014655247568
51.768,0.08062243682064399
51.772,0.10518168445268039
51.776,0.12597058253607013
51.78,0.2034477768823535
51.784,0.2062885146254037
51.788000000000004,0.19990595800093136
51.792,0.14907267374847646
51.796,0.15780368833404168
51.800000000000004,0.16737889578395582
51.804,0.1814539237591345
51.808,0.2429608223119205
51.812,0.1987716497246504
51.816,0.2056205723878175
51.82,0.23859829015675352
51.824,0.18784433733761055
51.828,0.23238562552470252
51.832,0.19971074937157135
51.836,0.21998551621746684
51.84,0.2200437283430055
51.844,0.2253609073838107
51.848,0.2449131742285968
51.852000000000004,0.23713797964508598
51.856,0.22257259726457287
51.86,0.24094867529931718
51.864000000000004,0.21286715542804327
51.868,0.24595095041607
51.872,0.2125568762205999
51.876,0.19867694357826124
51.88,0.19126584226574114
51.884,0.20493504358999168
51.888,0.24920266561334858
51.892,0.18701559567475412
51.896,0.1506461688654219
51.9,0.2004476160407413
51.904,0.16363249307923836
51.908,0.17238064911273562
51.912,0.13497087775277808
51.916000000000004,0.17172884115430062
51.92,0.12237360255802171
51.924,0.1695223788103704
51.928000000000004,0.09793965745896108
51.932,0.10166247260713346
51.936,0.13380661114351053
51.94,0.10089018602331673
51.944,0.1515571129661472
51.948,0.07847618882913754
51.952,0.07745284964956928
51.956,0.10963510296556711
51.96,0.02332570675727636
51.964,0.019713598092982128
51.968,0.03269396724500574
51.972,0.06030029884661399
51.976,-0.007684668408597203
51.980000000000004,0.0483076269798318
51.984,0.04770490849634349
51.988,0.07849824563890417
51.992000000000004,0.04332751565557397
51.996,0.0205329108891137
52.0,0.04784221420005562
52.004,0.030061783682619466
52.008,0.00020675249120954975
52.012,-0.02639505444603213
52.016,-0.016377152332145505
52.02,0.00061458055387093
52.024,0.009972771328495101
52.028,-0.05148135519650744
52.032000000000004,-0.011971721145377093
52.036,-0.009098982133497194
52.04,0.008592431299111379
52.044000000000004,0.04044015231529562
52.048,0.001527090515652702
52.052,-0.0334885433488627
52.056000000000004,-0.05885173618977099
52.06,0.009111286026746646
52.064,-0.024365654484243465
52.068,0.016652186942322372
52.072,0.022734061091834318
52.076,-0.05304895658314803
52.08,0.0050964347088808225
52.084,0.029310086261888697
52.088,0.020373120210321255
52.092,-0.06444574492490891
52.096000000000004,-0.03540413618232303
52.1,-0.04017908754203974
52.104,0.010825828310683417
52.108000000000004,0.00612220066512665
52.112,-0.07846186552189141
52.116,-0.020446489787363548
52.120000000000005,0.013085196746433856
52.124,0.0027780026972521214
52.128,0.0008809397783828827
52.132,-0.01860515099026469
52.136,-0.03775574017567708
52.14,-0.00558790902282753
52.144,0.002308934299667658
52.148,0.014731855525853134
52.152,0.010313359211556891
52.156,-0.006424908806007993
52.160000000000004,0.025346912868509736
52.164,-0.0046873721111116845
52.168,-0.03238409627099086
52.172000000000004,0.010049276221700328
52.176,0.0008602491031343461
52.18,0.017935943492346586
52.184000000000005,-0.017888136058077896
52.188,0.05926366316589713
52.192,0.028640068660264112
52.196,0.005452103455714251
52.2,-0.0005420130348941961
52.204,0.06049249048947907
52.208,0.009351545925157315
52.212,0.09233210752029336
52.216,0.024604389589819753
52.22,0.09521830907453724
52.224000000000004,0.05997511597581257
52.228,0.10854976705905416
52.232,0.05000056244530357
52.236000000000004,0.0726421777280484
52.24,0.10337263163423228
52.244,0.11011029445657539
52.248,0.1225625326916534
52.252,0.07840935535641357
52.256,0.09199663184094813
52.26,0.1270619025022427
52.264,0.08300797052790151
52.268,0.1107133728935288
52.272,0.08075763007832058
52.276,0.08517215241046128
52.28,0.08304898174029288
52.284,0.06155040312651783
52.288000000000004,0.0667754947346033
52.292,0.06386312517805315
52.296,0.04945483146876229
52.300000000000004,0.09113234612069857
52.304,0.07711226489107911
52.308,0.05164431423726431
52.312,0.013422689851847143
52.316,0.005382633022746674
52.32,0.07722404641743247
52.324,0.005057878683356373
52.328,0.028206174101515043
52.332,0.025047522644975534
52.336,0.004220309709138649
52.34,-0.00879225725700428
52.344,0.0012434915673315942
52.348,0.0042148575266418315
52.352000000000004,-0.007472117375611997
52.356,0.04093383223982715
52.36,0.013064652057666456
52.364000000000004,0.005922864683229464
52.368,0.0196495868907136
52.372,0.026646981416969244
52.376,-0.001608858440558589
52.38,0.032344139551309124
52.384,-0.02307118365611279
52.388,0.02479381410527274
52.392,-0.02292681143600095
52.396,-0.026549506309539568
52.4,-0.0107996675448792
52.404,0.04878285278136982
52.408,0.1492356981869738
52.412,0.3179168816647079
52.416000000000004,0.526765461592488
52.42,0.6771359736608742
52.424,0.8406736037318686
52.428000000000004,1.0005306610988485
52.432,1.1117186469530624
52.436,1.16252798707241
52.44,1.1649348495990617
52.444,1.1294362231076498
52.448,1.0076431685027338
52.452,0.853100460815122
52.456,0.5704394166861283
52.46,0.40228784394111544
52.464,0.2694312416745517
52.468,0.0920038104348475
52.472,0.011751944564571046
52.476,-0.07024540065351939
52.480000000000004,-0.055709274382598435
52.484,-0.06035591045498022
52.488,-0.041894906919116404
52.492000000000004,-0.05888027169768357
52.496,-0.027073228098762624
52.5,-0.005155027691764472
52.504,-0.013804894442957683
52.508,0.06913333650314082
52.512,0.05106927061449147
52.516,0.02666969560918858
52.52,0.0776104514452475
52.524,0.03855980739298246
52.528,0.009796656650226193
52.532000000000004,0.0776706633469939
52.536,0.02239922272356458
52.54,0.059539604048996386
52.544000000000004,0.07998733728751364
52.548,0.08732773529295813
52.552,0.0972354653835862
52.556000000000004,0.09411189253374497
52.56,0.10514900037553268
52.564,0.08380383529435681
52.568,0.11557023016296385
52.572,0.07069281805707461
52.576,0.15271538405204174
52.58,0.09213882463764933
52.584,0.1323890328109344
52.588,0.11432258127900105
52.592,0.13066713111580852
52.596000000000004,0.15598256249853393
52.6,0.15722882106255984
52.604,0.21400463685433307
52.608000000000004,0.19824204253190533
52.612,0.1833532041168078
52.616,0.19882542133834077
52.620000000000005,0.24773799082670941
52.624,0.2549475887685374
52.628,0.21069315645426534
52.632,0.2239922942499127
52.636,0.25932203863696285
52.64,0.27028026580985937
52.644,0.24878554978548664
52.648,0.2990338627297665
52.652,0.2579127337814891
52.656,0.3169722803908898
52.660000000000004,0.30908089396071414
52.664,0.27835950682655075
52.668,0.29566213855018914
52.672000000000004,0.2918544554365532
52.676,0.31025344439889974
52.68,0.3090002070517918
52.684000000000005,0.29250531463248947
52.688,0.2846327538921492
52.692,0.3258742855593859
52.696,0.31602818745414146
52.7,0.31532112149673036
52.704,0.322479579372498
52.708,0.29462288399370035
52.712,0.30347829672119
52.716,0.3553049989951776
52.72,0.32140466468989765
52.724000000000004,0.28442219670653723
52.728,0.26969742969862087
52.732,0.19704259180377398
52.736000000000004,0.2854686072907808
52.74,0.27610977165840694
52.744,0.24021108560838492
52.748,0.20721866205551773
52.752,0.19824837463382528
52.756,0.22707924440419228
52.76,0.210365158207421
52.764,0.22647753328053025
52.768,0.2000646235010889
52.772,0.20597738194437115
52.776,0.17993611300141682
52.78,0.18834374061032602
52.784,0.11250099192578025
52.788000000000004,0.12334496803429783
52.792,0.12993978882007612
52.796,0.1560415013733562
52.800000000000004,0.1742625565072205
52.804,0.12166604713885351
52.808,0.1014588501108939
52.812,0.054326734819300636
52.816,0.11647293680935093
52.82,0.08105748533045046
52.824,0.16905840226436558
52.828,0.0693730425235872
52.832,0.1287248940950642
52.836,0.08825340125355605
52.84,0.045507254145963974
52.844,0.07900783660288026
52.848,0.08690074184597264
52.852000000000004,0.05181641938696065
52.856,0.07338077051025627
52.86,0.07596205698613243
52.864000000000004,0.07384993128053274
52.868,0.05425221513465403
52.872,0.016353375180530715
52.876,0.03994195853910073
52.88,0.050466389645106115
52.884,0.0035340642590835844
52.888,0.051303662809210136
52.892,0.036555369646430316
52.896,0.003461987756732461
52.9,0.03245412411107147
52.904,0.03798662862758667
52.908,0.0912437888913133
52.912,0.04091040689477283
52.916000000000004,0.058670500765504716
52.92,0.03513575542119721
52.924,-0.003398478634865261
52.928000000000004,0.05779038211615046
52.932,0.01723033527924182
52.936,0.022912036118357845
52.94,0.010517482428104973
52.944,0.04423535808594407
52.948,0.06676820469128608
52.952,0.0563414406209691
52.956,0.07047470580694015
52.96,0.07974696254887916
52.964,-0.008816556000223498
52.968,0.010453399989924693
52.972,-0.011736609930975472
52.976,0.04742090280644649
52.980000000000004,0.020469555825093286
52.984,0.031907078132140006
52.988,0.037379470825523564
52.992000000000004,0.04638902998368609
52.996,-0.0011115273068464868
53.0,0.011973530748201025
53.004,0.051290156622554005
53.008,0.08158697499941343
53.012,0.046942181727485224
53.016,0.02911749384629815
53.02,0.004933064795112366
53.024,0.09268881499278378
53.028,0.05329553555245862
53.032000000000004,0.04137424373508877
53.036,0.030751980003300892
53.04,0.04934253367096817
53.044000000000004,0.07306254802294318
53.048,0.09493903987286462
53.052,0.06939303152676007
53.056000000000004,0.10740690738719964
53.06,0.10704042489903474
53.064,0.1784201935016651
53.068,0.08112693095422305
53.072,0.12273687591859904
53.076,0.12177402062503018
53.08,0.09712065226969595
53.084,0.12958423428987173
53.088,0.14178381412820035
53.092,0.11442396352735154
53.096000000000004,0.14009207634334728
53.1,0.05167440645772209
53.104,0.08515011886386695
53.108000000000004,0.1349191849543983
53.112,0.1076187083287114
53.116,0.0899608385577512
53.120000000000005,0.10692667321205537
53.124,0.028091419373281357
53.128,0.08828193689752882
53.132,0.08295139150766428
53.136,0.033184488066984874
53.14,0.11708683830888197
53.144,0.058477189358205985
53.148,-0.006433050798935053
53.152,0.04832169304368059
53.156,0.016489833506479756
53.160000000000004,0.06756610941777902
53.164,0.056418820680519115
53.168,0.024442319751168513
53.172000000000004,0.06898305747814922
53.176,0.052014990087806384
53.18,0.013003908178913424
53.184000000000005,0.035236824693543986
53.188,0.04951114672308071
53.192,0.02000306333248306
53.196,0.017270743602278822
53.2,0.028690525718706165
53.204,-0.0006137687663233006
53.208,-0.04330789124461405
53.212,0.0008035815960535557
53.216,-0.05583118164856971
53.22,0.0034643856156206035
53.224000000000004,0.05907310879839647
53.228,0.1737776866329444
53.232,0.36906625840674767
53.236000000000004,0.5224156701647974
53.24,0.7029095564445671
53.244,0.8456270303328525
53.248000000000005,0.996282442979371
53.252,1.1104999910040447
53.256,1.1408271663159084
53.26,1.15273313552247
53.264,1.0874868235134305
53.268,0.9288086002800943
53.272,0.7176783378018073
53.276,0.5585118927874227
53.28,0.3952680079945743
53.284,0.2155644792536357
53.288000000000004,0.06916858917050561
53.292,-0.007586285600574616
53.296,-0.007763794240632782
53.300000000000004,-0.0963058921577549
53.304,-0.07350732672169336
53.308,-0.08821869863284885
53.312,-0.005719078919598067
53.316,0.007212945054803157
53.32,0.03074190531568243
53.324,0.06433458749473914
53.328,0.026857695766122874
53.332,0.029079808828152125
53.336,0.08146683452763673
53.34,0.06358766115504456
53.344,0.0010285011735378796
53.348,0.0687542286818535
53.352000000000004,0.03902740348701136
53.356,0.0773465284855378
53.36,0.07460450587274411
53.364000000000004,0.030712278699763555
53.368,0.08321729147780485
53.372,0.07949775885968084
53.376,0.08627182084018002
53.38,0.10275900919839374
53.384,0.13730142894296735
53.388,0.11423743597657021
53.392,0.10391226347184637
53.396,0.13668726497519504
53.4,0.17690135134074836
53.404,0.15684654990054644
53.408,0.1446457234079737
53.412,0.15119414484144422
53.416000000000004,0.15275880428879993
53.42,0.1608615578522635
53.424,0.22870830735459502
53.428000000000004,0.1622444751459957
53.432,0.21141303227637576
53.436,0.18584011354070593
53.44,0.16625940452652768
53.444,0.21274269565699816
53.448,0.20991785991646922
53.452,0.2390745583806869
53.456,0.2325669730818531
53.46,0.2179394579236429
53.464,0.29308473191882817
53.468,0.2880548468158251
53.472,0.2995764348005029
53.476,0.2693014988881717
53.480000000000004,0.27323036051189853
53.484,0.3018240442297068
53.488,0.2713502160376562
53.492000000000004,0.2850102935429428
53.496,0.2774781686181755
53.5,0.2525856638822982
53.504,0.2987680429258089
53.508,0.28236147073830536
53.512,0.27946956452884586
53.516,0.29087141089157287
53.52,0.3169523528715593
53.524,0.26653225113761175
53.528,0.2733378817854989
53.532000000000004,0.25105456974848334
53.536,0.24206887090915996
53.54,0.24786489296391215
53.544000000000004,0.2571458992124775
53.548,0.267616459970126
53.552,0.24654130375187402
53.556000000000004,0.20211867357677457
53.56,0.2584214076132735
53.564,0.2468933281563091
53.568,0.18982878347421708
53.572,0.22696583234259196
53.576,0.19327447024255115
53.58,0.17772817866656337
53.584,0.18709793961120966
53.588,0.16614067721022116
53.592,0.16424364120262513
53.596000000000004,0.14411628786612102
53.6,0.1278527911540125
53.604,0.08268753675381393
53.608000000000004,0.13589470116254962
53.612,0.09813437771316721
53.616,0.11683656701238439
53.620000000000005,0.10752675248723123
53.624,0.08520622056163671
53.628,0.11032868751482999
53.632,0.07619600706609225
53.636,0.06670533401783979
53.64,0.05893385877315127
53.644,0.10459450080639415
53.648,0.03725031028668167
53.652,0.035055287193862514
53.656,0.00543238056717503
53.660000000000004,0.05598339621914927
53.664,0.025019077168217257
53.668,0.021989170960665227
53.672000000000004,0.010391823690889151
53.676,0.019599368001219156
53.68,-0.010383668276796425
53.684000000000005,-0.032105326551850076
53.688,0.03084381701844192
53.692,-0.0426807426302114
53.696,0.027332488257756467
53.7,0.048824165446439735
53.704,0.009797948401876422
53.708,0.04269420892449437
53.712,0.001163492601701867
53.716,0.038308650984654705
53.72,-0.008525058479625855
53.724000000000004,-0.051590869199003825
53.728,0.0023859514919018798
53.732,0.03913986024229334
53.736000000000004,0.006815383531898294
53.74,-0.014493889117126908
53.744,0.011614262953044996
53.748000000000005,0.024834617780979222
53.752,-0.009250292792737144
53.756,0.05579524718800865
53.76,-0.017634440688598978
53.764,0.025560671401827127
53.768,0.01688700643772426
53.772,-0.027160774315307726
53.776,-0.022875165072592515
53.78,0.01850931406542175
53.784,0.002037363100536831
53.788000000000004,0.004392711066687771
53.792,-0.052248382742956984
53.796,0.0027109144804165694
53.800000000000004,-0.000863430475550017
53.804,-0.003877640902416277
53.808,0.004776207481083454
53.812,-0.021126249357366872
53.816,-0.027237440509703302
53.82,-0.011867395109132265
53.824,-0.010479202914351081
53.828,0.055075446050160674
53.832,0.01834545602234889
53.836,-0.0283362899823148
53.84,0.05549534558025401
53.844,0.0029987004000475506
53.848,0.016424396320361523
53.852000000000004,0.03561939229211759
53.856,-0.03323923421895753
53.86,0.021181548575495833
53.864000000000004,0.02415409551409512
53.868,0.04726454629925693
53.872,0.050169393708757656
53.876,0.04247530665172644
53.88,0.05234302132257341
53.884,0.09255862682675361
53.888,0.07536935106704139
53.892,0.0650275692716443
53.896,0.0677204246488792
53.9,0.11673797830161986
53.904,0.08081630330097148
53.908,0.060239449987905945
53.912,0.015963961752626266
53.916000000000004,0.022239260702267498
53.92,0.04774787371596583
53.924,0.05724689253957632
53.928000000000004,0.038078028560072745
53.932,0.047432304716026594
53.936,0.015730729203788416
53.94,0.006165273034212066
53.944,0.043499019860384576
53.948,0.05390051165945332
53.952,-0.021074844871913644
53.956,0.004928240738914647
53.96,-0.04819364428475039
53.964,-0.03632273367878075
53.968,-0.020432011546731972
53.972,0.012045422418902812
53.976,-0.041048994734711464
53.980000000000004,-0.038903100805292135
53.984,-0.014114168215041398
53.988,-0.018136385987126444
53.992000000000004,-0.0473070221468194
53.996,0.018495427047607003
54.0,-0.03316792957790951
54.004,-0.01887356514742066
54.008,-0.034645594607896506
54.012,-0.021218515766013572
54.016,-0.004087771247774864
54.02,0.011285769454808678
54.024,-0.046305631012794946
54.028,-0.007838185030530496
54.032000000000004,-0.038948236174221884
54.036,-0.04290924957596556
54.04,-0.07000103052423398
54.044000000000004,-0.05203666654114314
54.048,0.02482331639843478
54.052,0.11431901857143109
54.056000000000004,0.2656874640617396
54.06,0.4046857534285338
54.064,0.5820235094229799
54.068,0.6949136044153501
54.072,0.8619049331889075
54.076,1.007331252422292
54.08,1.0639677121279252
54.084,1.1283598137376654
54.088,1.0229476988357098
54.092,0.929252756628047
54.096000000000004,0.7756633218360603
54.1,0.6416011809432289
54.104,0.41078098404106284
54.108000000000004,0.25343360954397903
54.112,0.08430512387850302
54.116,-0.01850357688741679
54.120000000000005,-0.09057035644840614
54.124,-0.1439760620623942
54.128,-0.19333341453582037
54.132,-0.14887665200608413
54.136,-0.12117730732765924
54.14,-0.0819591078364428
54.144,-0.0796968915166274
54.148,-0.01832915414390207
54.152,-0.0422349317698487
54.156,-0.060388441104209406
54.160000000000004,-0.038239856155701614
54.164,0.03069911307563794
54.168,-6.655157894811317e-05
54.172000000000004,0.005401955891263594
54.176,-0.04597632689454266
54.18,-0.028155909529901314
54.184000000000005,-0.018674896514512387
54.188,0.004700500905172385
54.192,-0.007068193777718667
54.196,-0.012545756612417136
54.2,0.0012369245587706898
54.204,0.0014899889406527374
54.208,0.020317198858593996
54.212,0.05159599381316106
54.216,-0.009888276171477601
54.22,0.04900203629276744
54.224000000000004,0.0875685723563791
54.228,0.053636296140204424
54.232,0.04555849943759194
54.236000000000004,0.08758776248799903
54.24,0.0536979795429194
54.244,0.09175830031495098
54.248000000000005,0.07262854284294615
54.252,0.053418912474604605
54.256,0.10286887134673442
54.26,0.08949464945873159
54.264,0.13517547094928115
54.268,0.1697674651256823
54.272,0.18966561195320525
54.276,0.15174813956442582
54.28,0.18862802725721353
54.284,0.18655194805588954
54.288000000000004,0.1721787256120433
54.292,0.13351943280480844
54.296,0.2265794031083549
54.300000000000004,0.17132323906426225
54.304,0.24317372020128647
54.308,0.22456658467178206
54.312,0.18374722921251754
54.316,0.2171192052595689
54.32,0.2709656740853921
54.324,0.26359901509802314
54.328,0.21129129848451966
54.332,0.19954779257988514
54.336,0.21716972602496734
54.34,0.2149365468550331
54.344,0.25269258689072155
54.348,0.23615742874305556
54.352000000000004,0.1647074542956051
54.356,0.21197842973177614
54.36,0.19672993488534976
54.364000000000004,0.20218068181674576
54.368,0.1990297029900289
54.372,0.2088944762357095
54.376,0.19385674436772427
54.38,0.14858561262648515
54.384,0.16338285122431698
54.388,0.14292742281422946
54.392,0.09623053968507328
54.396,0.12432872499444499
54.4,0.16968841930284112
54.404,0.07716624167545817
54.408,0.10782394975702823
54.412,0.09060569972126686
54.416000000000004,0.08770947723450413
54.42,0.052937417557307256
54.424,0.038007362789618006
54.428000000000004,0.028093774849734562
54.432,0.08009769514831336
54.436,0.011644243099643944
54.44,0.021270547072660424
54.444,0.08422222628583376
54.448,0.003528714393480202
54.452,0.016183049645250143
54.456,0.02517445649974139
54.46,0.023166182589747796
54.464,-0.035966181054898905
54.468,-0.028489607934473873
54.472,-0.015594734971004512
54.476,0.017797357442072045
54.480000000000004,-0.04851128609018085
54.484,-0.04052567960012196
54.488,-0.023971192761153903
54.492000000000004,-0.029807962358571527
54.496,-0.033961670334576095
54.5,-0.06962766321150615
54.504,-0.05900406382384445
54.508,-0.045184399393185776
54.512,-0.02852188837826837
54.516,-0.07045648018673432
54.52,-0.06137715268870712
54.524,-0.08260495036650531
54.528,-0.014226064649301283
54.532000000000004,-0.06551529828603901
54.536,-0.04597451561104893
54.54,-0.06769981114836122
54.544000000000004,-0.06172513014513279
54.548,-0.10455239749209191
54.552,-0.12877855630020796
54.556000000000004,-0.046716119376146684
54.56,-0.07110299377885272
54.564,-0.06286529212787248
54.568,-0.10204831682837046
54.572,-0.10101363000851961
54.576,-0.05457200974262344
54.58,-0.03238896277920017
54.584,-0.08614808834348973
54.588,-0.056402754815749856
54.592,-0.07585270949944405
54.596000000000004,-0.08612320367111764
54.6,-0.03139792223335166
54.604,-0.08357750244627005
54.608000000000004,-0.04362494691904577
54.612,-0.07232741081709611
54.616,-0.0845718525951135
54.620000000000005,-0.04417520626412035
54.624,-0.06545433919739092
54.628,-0.0771181668724159
54.632,-0.046947046877564964
54.636,-0.05187018180183478
54.64,-0.04661153060930019
54.644,-0.16714547061393337
54.648,-0.05980367346185821
54.652,-0.07086815184967399
54.656,-0.0771136520234425
54.660000000000004,-0.05271881027778001
54.664,-0.05266916251958034
54.668,-0.040816742318292076
54.672000000000004,-0.06737788633464048
54.676,-0.02074381944367351
54.68,-0.02787137014165018
54.684000000000005,-0.0225056472107088
54.688,-0.020005907408817622
54.692,-0.004360823361115023
54.696,-0.0037584766492329454
54.7,-0.020346585351471776
54.704,0.018717326144794214
54.708,0.0014375368688829553
54.712,0.0426040622824481
54.716,0.02376420084765062
54.72,-0.010767846296864543
54.724000000000004,0.070603166878174
54.728,-0.041800781872540535
54.732,0.01903352760173682
54.736000000000004,-0.018257785728353227
54.74,0.04902549114518207
54.744,0.0101053002248633
54.748000000000005,-0.02300148559607296
54.752,-0.022339700552685176
54.756,-0.041696451250657365
54.76,-0.03211368371535515
54.764,-0.03345856464328762
54.768,-0.05266039225049737
54.772,-0.04047027260024911
54.776,-0.04560731603771867
54.78,-0.08017485409454671
54.784,-0.09613079928734322
54.788000000000004,-0.05367691961249911
54.792,-0.05926903856824315
54.796,-0.06002351437150355
54.800000000000004,-0.061816555888192015
54.804,-0.03312104837356489
54.808,-0.05181138056493437
54.812,-0.01853434091764375
54.816,-0.01160133721689341
54.82,-0.12848891539266954
54.824,-0.1346431140553688
54.828,-0.08275524388315933
54.832,-0.07750578250133845
54.836,-0.09450895806744358
54.84,-0.06955963447766614
54.844,-0.08870634460734517
54.848,-0.10313784828900162
54.852000000000004,-0.1107985776067535
54.856,-0.11305993457183264
54.86,-0.09344367552887334
54.864000000000004,-0.13054780457336096
54.868,-0.12176050975845573
54.872,-0.06938754919528828
54.876,-0.008759436915933727
54.88,0.15725951265148064
54.884,0.2746302833635165
54.888,0.44787896052354503
54.892,0.6580928550398727
54.896,0.8235607974878337
54.9,0.9313810852972407
54.904,1.0809061169986618
54.908,1.1256403082730733
54.912,1.025364508053054
54.916000000000004,0.9865349944854744
54.92,0.7549374444034274
54.924,0.6706870051863514
54.928000000000004,0.42687688454033046
54.932,0.27548442027860226
54.936,0.05588334793684312
54.94,-0.05029245833569755
54.944,-0.15543679326295584
54.948,-0.19324767305831603
54.952,-0.16443285995877627
54.956,-0.20542302983212754
54.96,-0.12113341427382482
54.964,-0.1508129541458253
54.968,-0.08146423752061842
54.972,-0.14718668895086917
54.976,-0.10224965812615071
54.980000000000004,-0.09368066360069574
54.984,-0.030058176185542497
54.988,-0.0616903446904218
54.992000000000004,-0.1220017184006092
54.996,-0.10138178171955702
55.0,-0.08481431182352153
55.004,-0.026796291179563957
55.008,-0.028270542721105133
55.012,-0.05870718248585794
55.016,-0.0624991333031988
55.02,-0.02023005156930144
55.024,-0.05537363149488804
55.028,-0.0122131896315439
55.032000000000004,-0.015370750273640764
55.036,-0.02734016680009185
55.04,0.0019195933064883961
55.044000000000004,0.007333895662423807
55.048,0.022473961040031937
55.052,-0.022607731387728234
55.056000000000004,0.03199080140799844
55.06,0.05634179077929512
55.064,0.05299972639754454
55.068,0.06663754259389368
55.072,0.050797702242298216
55.076,0.08278158073798239
55.08,0.07706355431329756
55.084,0.06171531291644031
55.088,0.1180107479434586
55.092,0.058811288407194205
55.096000000000004,0.11365337893149985
55.1,0.11161070530947886
55.104,0.12441383247105567
55.108000000000004,0.14614008398164566
55.112,0.12510695224097457
55.116,0.16110752464579697
55.120000000000005,0.16260513343095773
55.124,0.15811470673289504
55.128,0.21090474870739576
55.132,0.180978580127917
55.136,0.19424726332278786
55.14,0.22369305394329875
55.144,0.2323474609149342
55.148,0.2122524508458149
55.152,0.1849473352010295
55.156,0.1556013273281091
55.160000000000004,0.20241983525452598
55.164,0.22971744613242404
55.168,0.20762261873489743
55.172000000000004,0.10339866826445528
55.176,0.20611698524069916
55.18,0.20964668668591052
55.184000000000005,0.1801098833894522
55.188,0.20506956607221982
55.192,0.18327318996961833
55.196,0.14193784312059035
55.2,0.18971034023849404
55.204,0.12461198967470254
55.208,0.1449281501294037
55.212,0.12725419377631617
55.216,0.09992978652671763
55.22,0.12518541108054201
55.224000000000004,0.1471863382100127
55.228,0.13444138418530213
55.232,0.10521336020346736
55.236000000000004,0.03345313740472438
55.24,0.0391016634454732
55.244,0.07338690110566254
55.248000000000005,0.05735160764749061
55.252,0.030026987787220363
55.256,0.07946578223018884
55.26,0.031961116117627295
55.264,0.040628628492696224
55.268,0.041930466110018216
55.272,0.004216215759006998
55.276,0.058436740206684004
55.28,-0.030797375874427695
55.284,-0.02303127252865622
55.288000000000004,-0.03956531352257933
55.292,0.010446958723923275
55.296,-0.015955385920673245
55.300000000000004,-0.04875438607687344
55.304,-0.05553805288894893
55.308,-0.005651632095325369
55.312,-0.0421051152180315
55.316,-0.021565585679884744
55.32,-0.05581518797188775
55.324,-0.03871572630542036
55.328,-0.048799612212450875
55.332,-0.08132149767809861
55.336,-0.07361648827024021
55.34,-0.09579943917210008
55.344,-0.0498050342525142
55.348,-0.04678102681566515
55.352000000000004,-0.04940472151191793
55.356,-0.060800937080726265
55.36,-0.075937063957498
55.364000000000004,-0.029060824578664664
55.368,-0.04844051655150865
55.372,-0.04368244991876304
55.376,-0.04478517133208083
55.38,-0.07890005578846497
55.384,-0.060672644120924074
55.388,-0.0534262706297286
55.392,-0.10874608995624273
55.396,-0.11048399733992449
55.4,-0.10914229684036537
55.404,-0.07365896638388623
55.408,-0.0814211619365786
55.412,-0.11593411104441412
55.416000000000004,-0.07833452653429523
55.42,-0.07853934546464197
55.424,-0.04060446623719817
55.428000000000004,-0.02165177235136516
55.432,-0.06715522992348144
55.436,-0.09757673121896857
55.44,-0.05755130344309804
55.444,-0.06686145974163275
55.448,-0.07413466924897293
55.452,-0.09531562064710856
55.456,-0.08583617892791136
55.46,-0.07087948951388437
55.464,-0.03812184548688244
55.468,-0.04466387604835145
55.472,-0.015390607707201277
55.476,-0.042363060727603
55.480000000000004,-0.03838394980636154
55.484,-0.04589107173562564
55.488,-0.06081014866596622
55.492000000000004,-0.05020246020495316
55.496,-0.04931804957754961
55.5,-0.08360289723046534
55.504,-0.03247520202146347
55.508,0.03714424787197963
55.512,0.005511720506965571
55.516,-0.009489082672572802
55.52,0.02076041489519944
55.524,-0.0279730290940503
55.528,0.02913235110273204
55.532000000000004,0.049284019999924156
55.536,0.013303954894389796
55.54,-0.022286377838863832
55.544000000000004,0.016168909150756673
55.548,0.05399728675101075
55.552,0.018085685887776495
55.556000000000004,-0.030245124408222922
55.56,0.06515888738606081
55.564,-0.025164869662555912
55.568,-0.00792269842306546
55.572,-0.040859362481866675
55.576,-0.04902412040236679
55.58,-0.03458458797327209
55.584,-0.007246592789735242
55.588,0.0017477600346787053
55.592,-0.051943917059525446
55.596000000000004,-0.07393243349583015
55.6,-0.03468406133677289
55.604,-0.03139186076777263
55.608000000000004,-0.042898058275735236
55.612,-0.051227704224511096
55.616,-0.0648419492675742
55.620000000000005,-0.0552098725174592
55.624,-0.05750622830061694
55.628,-0.029109958832014282
55.632,-0.007686194405294819
55.636,-0.06135421731842841
55.64,-0.06038285257622391
55.644,-0.04802557266208
55.648,-0.07286697731897301
55.652,-0.044373683033889
55.656,-0.05569850581801926
55.660000000000004,-0.07511849877395452
55.664,-0.044088524369898546
55.668,-0.07989300846172719
55.672000000000004,-0.12156998486032297
55.676,-0.08667184506347095
55.68,-0.04957850312095961
55.684000000000005,0.05164850011767659
55.688,0.1694634427082045
55.692,0.2986991458601216
55.696,0.4674038644590236
55.7,0.6671244825332274
55.704,0.8496312135482937
55.708,0.9885027599815476
55.712,1.0711130269268063
55.716,1.0981401816126137
55.72,1.1086095510995284
55.724000000000004,0.989532091899818
55.728,0.930944459747731
55.732,0.7081177609525178
55.736000000000004,0.4668736734099709
55.74,0.31463538197338486
55.744,0.1637047030081372
55.748000000000005,-0.004258587789203751
55.752,-0.13626086715121788
55.756,-0.18128854514582787
55.76,-0.15412726078383643
55.764,-0.19789217441118556
55.768,-0.16987366219160888
55.772,-0.09995614450966361
55.776,-0.09573612317621444
55.78,-0.08162962994444693
55.784,-0.05634427989315376
55.788000000000004,-0.07305119341606683
55.792,-0.024533269463732077
55.796,-0.054130530889496015
55.800000000000004,-0.037659715083205945
55.804,-0.006165517312624467
55.808,-0.01965655241064215
55.812,-0.03392988646120679
55.816,-0.06396787772448552
55.82,0.005237192567747681
55.824,0.008644662670322541
55.828,-0.0031858515962013053
55.832,-0.017626252577290977
55.836,0.01242126723582931
55.84,0.03615549843371945
55.844,0.03899044416308273
55.848,0.08237210033464656
55.852000000000004,0.05938958236382656
55.856,0.04464985797736296
55.86,0.07955938278885219
55.864000000000004,0.07639276460687691
55.868,0.0827734702720227
55.872,0.11589804873107162
55.876,0.06797604384073502
55.88,0.10601778289527358
55.884,0.1503279627156556
55.888,0.13567254894411365
55.892,0.12126080827770612
55.896,0.09524585962349516
55.9,0.09638567045232099
55.904,0.22018308926845837
55.908,0.18307148576255902
55.912,0.1627360580981411
55.916000000000004,0.19264059602837372
55.92,0.17431842667256672
55.924,0.20343157883946272
55.928000000000004,0.19354158203691632
55.932,0.18169617676539657
55.936,0.16867140010122428
55.94,0.1928915010379124
55.944,0.2692408733973566
55.948,0.22132596833523466
55.952,0.2560515267946772
55.956,0.26738801847037263
55.96,0.2517806855254555
55.964,0.25099686998737253
55.968,0.2601874787156536
55.972,0.2391637643181449
55.976,0.27646371666738934
55.980000000000004,0.2971596227404605
55.984,0.289598191479678
55.988,0.19403590239128785
55.992000000000004,0.2257801831958108
55.996,0.22988381880361825
56.0,0.2416774145978892
56.004,0.18664677617475706
56.008,0.17754409456092068
56.012,0.23973806191443991
56.016,0.18346974883224912
56.02,0.15815340298052216
56.024,0.1653229333107827
56.028,0.1921093700426346
56.032000000000004,0.1461470235212439
56.036,0.16185027086165457
56.04,0.12824519183048083
56.044000000000004,0.10598588821906285
56.048,0.1742180567074818
56.052,0.1327826145384727
56.056000000000004,0.10369860141222771
56.06,0.09627244731076672
56.064,0.14339506572932473
56.068,0.1113770420577401
56.072,0.1104676522611497
56.076,0.057579132567764806
56.08,0.07201144375749523
56.084,0.07970360377277486
56.088,0.04725854319479919
56.092,0.04546293539691703
56.096000000000004,0.025334573238286605
56.1,0.05022199724841046
56.104,0.00789162387913283
56.108000000000004,0.04837729144329332
56.112,0.030473946808655672
56.116,0.011467075479964688
56.120000000000005,0.029848711019777045
56.124,0.011867540617390636
56.128,-0.0009620532035057305
56.132,0.019602126972342288
56.136,0.016052010750493863
56.14,-0.0077910992025179435
56.144,-0.006177412406346408
56.148,0.00017487084827598563
56.152,-0.017612490465140733
56.156,0.030823921732254924
56.160000000000004,0.005182665476975051
56.164,0.002376191214261345
56.168,-0.024301296895053642
56.172000000000004,0.009760889979475215
56.176,-0.026736355014820176
56.18,-0.022499062970423825
56.184000000000005,0.01850168283575956
56.188,0.006440333075634158
56.192,-0.07305137619404381
56.196,-0.01668674735885474
56.2,-0.003932709809269992
56.204,-0.00983323373802402
56.208,0.0005559685509233291
56.212,-0.05563620507768953
56.216,-0.08319932835050302
56.22,-0.030921864371764814
56.224000000000004,0.006438026411996776
56.228,-0.08318616918738803
56.232,-0.03044681156633614
56.236000000000004,-0.05932939060956345
56.24,-0.011323620045069097
56.244,0.04971005398316913
56.248000000000005,-0.0065131735604766865
56.252,-0.010470248787158945
56.256,0.011398180342264112
56.26,-0.002932561951108754
56.264,-0.0026825508943810004
56.268,0.02418200412594491
56.272,0.006330791616597576
56.276,0.00022899741792802714
56.28,-0.003977050465049262
56.284,-0.002536114037726951
56.288000000000004,0.027961880894338702
56.292,-0.009114225341901941
56.296,0.02948469279098961
56.300000000000004,-0.019866239118031506
56.304,0.050134261680052625
56.308,0.026600294753353494
56.312000000000005,-0.013313979395281724
56.316,0.02509981742443751
56.32,0.006007139137664097
56.324,0.03352568864484961
56.328,0.023586820780519963
56.332,0.031103990619841326
56.336,0.061930999387134214
56.34,0.0635386621549211
56.344,0.03482619096136122
56.348,0.040812066685264395
56.352000000000004,0.07385075247449668
56.356,0.07980489743289029
56.36,0.06590802035123608
56.364000000000004,0.13342495894409437
56.368,0.11612451503977077
56.372,0.07643042009542748
56.376,0.07406777412878507
56.38,0.09319364275919965
56.384,0.09615355556603067
56.388,0.1323433195928267
56.392,0.11604655376467636
56.396,0.0866619476807188
56.4,0.10409463009602414
56.404,0.10837371622314901
56.408,0.08149567807516844
56.412,0.07713314060918987
56.416000000000004,0.07367247414357214
56.42,0.07066460556273543
56.424,0.038834743238886374
56.428000000000004,0.03360841723854234
56.432,0.031111001572699012
56.436,0.013781293389359406
56.44,-0.0038547573636605603
56.444,0.05193099969847451
56.448,0.038396135366893146
56.452,-0.013410224444810319
56.456,0.009735340980246308
56.46,0.015149383588402569
56.464,0.02868197579412442
56.468,-0.0060958631728484335
56.472,-0.020672947962542106
56.476,0.023505946352444747
56.480000000000004,-0.022408928654817185
56.484,0.015736336868091064
56.488,0.01129123144832126
56.492000000000004,0.009446562283965777
56.496,0.016521670479242044
56.5,0.05453287851257602
56.504,-0.02384798367238801
56.508,0.027415176934570025
56.512,-0.07630054622349636
56.516,0.010114609501111638
56.52,-0.06305857876627295
56.524,0.09421422063634742
56.528,0.10555360683792149
56.532000000000004,0.27026351834169404
56.536,0.42770770624771803
56.54,0.5781232691831899
56.544000000000004,0.7684240736645178
56.548,0.9203761843339378
56.552,1.0880856787091462
56.556000000000004,1.1438852262818793
56.56,1.1710980089223042
56.564,1.1798183897909527
56.568,1.0504612666566695
56.572,0.9152034346376768
56.576,0.7458566848910203
56.58,0.5382678723780002
56.584,0.3568037487009179
56.588,0.23610480339962445
56.592,0.051690300926888436
56.596000000000004,-0.045976898336963
56.6,-0.08528296791889664
56.604,-0.07812987144542997
56.608000000000004,-0.10706345647568428
56.612,-0.0538277268533587
56.616,-0.03282204352188275
56.620000000000005,-0.053321857962684176
56.624,0.06146337953532946
56.628,0.06479379143370263
56.632,0.010517162739062228
56.636,0.006581445771581297
56.64,0.050640397364550456
56.644,0.01881441239030649
56.648,0.08998368889622074
56.652,0.040782164629644124
56.656,0.09474842995498792
56.660000000000004,0.04347528310624261
56.664,0.07148141862569968
56.668,0.10861876898709409
56.672000000000004,0.06698383643765475
56.676,0.08522315129982024
56.68,0.1173399840864246
56.684000000000005,0.08808754093583601
56.688,0.07488584828784911
56.692,0.06988515721249425
56.696,0.12608475824920812
56.7,0.13458700682219982
56.704,0.16509833388669065
56.708,0.1378092862570027
56.712,0.11039778259662064
56.716,0.0939742111512731
56.72,0.23921901451941976
56.724000000000004,0.19559688317944868
56.728,0.19299713288258977
56.732,0.19891360258711088
56.736000000000004,0.16345009256277174
56.74,0.19452376933296314
56.744,0.273076343791185
56.748000000000005,0.25304203132993
56.752,0.21953005336668713
56.756,0.21462060724289556
56.76,0.24665606323436445
56.764,0.2655606607189217
56.768,0.3302687440145252
56.772,0.27457756531358946
56.776,0.2541326976276333
56.78,0.29429697987614
56.784,0.31363015165200175
56.788000000000004,0.2777069410029723
56.792,0.31688617437367933
56.796,0.3382930353856746
56.800000000000004,0.31988637175088863
56.804,0.30404664203861226
56.808,0.3096089230093177
56.812000000000005,0.27452540493161615
56.816,0.30987108871406704
56.82,0.3252805495823908
56.824,0.2985898313612967
56.828,0.3643270380630748
56.832,0.3248430220521089
56.836,0.25357048908894775
56.84,0.25463958024363265
56.844,0.27426098508748215
56.848,0.3296272382288016
56.852000000000004,0.29859062719295293
56.856,0.30731631084396527
56.86,0.26483965497029976
56.864000000000004,0.25683580019266006
56.868,0.22017536597823414
56.872,0.24426899617532916
56.876,0.21946757929366623
56.88,0.2151019286486957
56.884,0.2579402735166191
56.888,0.20294306350683336
56.892,0.22314597827127486
56.896,0.13889329021564342
56.9,0.24253371018306086
56.904,0.16290307457072814
56.908,0.1791386992721541
56.912,0.16770662833406652
56.916000000000004,0.12335030154094992
56.92,0.15417563364238043
56.924,0.15370699570144375
56.928000000000004,0.10478264597193798
56.932,0.09123041733388396
56.936,0.10127613752843999
56.94,0.0968830204197863
56.944,0.13458781328391084
56.948,0.1097905438647925
56.952,0.0784107084667817
56.956,0.08849486208817979
56.96,0.02357569032323898
56.964,0.061089115441996654
56.968,0.07782972772243615
56.972,0.08811159218171229
56.976,0.05997877182201563
56.980000000000004,0.094358142926673
56.984,0.08277690574504162
56.988,0.0444028115614048
56.992000000000004,0.04399516230860849
56.996,0.053674969480350256
57.0,0.03629687710302585
57.004,0.09002168784995171
57.008,0.020525285511358998
57.012,0.047925204505992525
57.016,0.05519678548311088
57.02,0.033770672876108784
57.024,0.033043096453332886
57.028,0.04172992828346044
57.032000000000004,0.056265064802548614
57.036,0.0207541657551632
57.04,0.011767996626708833
57.044000000000004,0.07255767216724064
57.048,0.051245662410061406
57.052,0.05910384963531872
57.056000000000004,0.050450930657656996
57.06,0.09144876523697909
57.064,0.07034389923631067
57.068,0.022031503627001358
57.072,0.044711057351829925
57.076,0.0167431387179664
57.08,0.0249730013959141
57.084,0.006698099941076875
57.088,0.032702547336370846
57.092,0.046509444813621396
57.096000000000004,0.029207157560883174
57.1,0.009325013972683902
57.104,0.004801016013352144
57.108000000000004,0.09399933633811808
57.112,0.04296554378941713
57.116,0.012962636877739603
57.120000000000005,0.05198824195948906
57.124,0.10236610322591752
57.128,0.06281772407104504
57.132,-0.027163578878265836
57.136,0.10935586807789571
57.14,0.005728932009400695
57.144,0.05623428663529596
57.148,0.03510700803906161
57.152,0.04262985643130544
57.156,0.0712663510447074
57.160000000000004,0.023690862606852978
57.164,0.08482436075377449
57.168,0.11967409695981092
57.172000000000004,0.0689814255576238
57.176,0.05912064475190512
57.18,0.10178713784113436
57.184000000000005,0.10771040960704095
57.188,0.10363010938947129
57.192,0.08543519483361109
57.196,0.12865614563977817
57.2,0.13789648290553103
57.204,0.1025653554798933
57.208,0.10316159377174429
57.212,0.12087146871027102
57.216,0.08824530361196943
57.22,0.11865934992521274
57.224000000000004,0.1518833473292428
57.228,0.10612001298879536
57.232,0.06434336395888739
57.236000000000004,0.09612042833787446
57.24,0.081267448242595
57.244,0.08138265868536121
57.248000000000005,0.08874433117208845
57.252,0.08129244718592808
57.256,0.05733167178599568
57.26,0.05570537815849218
57.264,0.11009303471549005
57.268,0.0824329821947681
57.272,0.06281078699383782
57.276,0.04016807432778143
57.28,0.01499943883564471
57.284,0.07199220273944663
57.288000000000004,0.043554652062459814
57.292,0.017096235028738554
57.296,0.02216473665847722
57.300000000000004,0.008918193701120194
57.304,0.06453152358020775
57.308,0.05249155017550523
57.312000000000005,0.03255338012372928
57.316,0.02445912462566234
57.32,0.013571682766488301
57.324,-0.018907492199245937
57.328,-0.008015947991839117
57.332,-0.0074435839007990084
57.336,-0.025521955005261693
57.34,0.001522803131685224
57.344,0.029408571969278697
57.348,0.04610232523440534
57.352000000000004,0.16382417570007643
57.356,0.23677569839038276
57.36,0.420920794789478
57.364000000000004,0.6064309398624319
57.368,0.8086041006622364
57.372,0.9348459925683416
57.376,1.0587511656831026
57.38,1.0992325093948383
57.384,1.1472384512312486
57.388,1.157781711773842
57.392,0.9763100321273461
57.396,0.9162921259731144
57.4,0.7249615389663728
57.404,0.5097188574923271
57.408,0.3212701418759982
57.412,0.2211015360765999
57.416000000000004,0.08083925835727396
57.42,-0.03636003603289358
57.424,-0.0686550589550595
57.428000000000004,-0.10143408556843234
57.432,-0.07728430239781461
57.436,-0.07625500537895483
57.44,-0.029492014007062813
57.444,0.04665830366537044
57.448,0.014682260260797076
57.452,-0.0037448652484621744
57.456,-0.005687413147245725
57.46,0.04277983004524707
57.464,0.03018032183751985
57.468,0.056406849418394384
57.472,0.005748191274860939
57.476,0.06445405609071544
57.480000000000004,0.02976442038868816
57.484,0.06677951929813951
57.488,0.058944264742886214
57.492000000000004,0.10759608486731284
57.496,0.0713709945223475
57.5,0.12640017505243556
57.504,0.10281214340649458
57.508,0.12792510334311347
57.512,0.08604320920854357
57.516,0.10409359301627528
57.52,0.13833846139673667
57.524,0.14323820728678763
57.528,0.13905441879976452
57.532000000000004,0.11816227708641973
57.536,0.12811139769725208
57.54,0.17436544523345526
57.544000000000004,0.1936192244486572
57.548,0.15147935829606307
57.552,0.14929008088974668
57.556000000000004,0.15182093040316144
57.56,0.2096287348908086
57.564,0.1800964727550391
57.568,0.23026659273973527
57.572,0.22496480860416493
57.576,0.2038848586884504
57.58,0.27044605823313617
57.584,0.2083340767232068
57.588,0.29167941160768057
57.592,0.25817848496349094
57.596000000000004,0.20279181302249769
57.6,0.3062136136633893
57.604,0.3019401173911194
57.608000000000004,0.2696454200224716
57.612,0.2534164596675429
57.616,0.23966983552894738
57.620000000000005,0.34780332676078035
57.624,0.2720999800662263
57.628,0.26270307895094996
57.632,0.29443877097195453
57.636,0.24432207798293343
57.64,0.26535215868140005
57.644,0.31860019844519644
57.648,0.3005074385896914
57.652,0.2687922880465346
57.656,0.27260537440997656
57.660000000000004,0.2619729639494003
57.664,0.2717139258363683
57.668,0.2459459910892703
57.672000000000004,0.2367695246928928
57.676,0.22664727524223563
57.68,0.2218261804178282
57.684000000000005,0.26371816919041813
57.688,0.24628135943170942
57.692,0.18795792558466556
57.696,0.1702822083920087
57.7,0.19279175454808803
57.704,0.24706500900040002
57.708,0.1559962302484702
57.712,0.1612765492509047
57.716,0.15605389204318393
57.72,0.14761868250404878
57.724000000000004,0.13550665282616883
57.728,0.16474885982925255
57.732,0.13147480658604646
57.736000000000004,0.13061155454290818
57.74,0.1217061116111787
57.744,0.12711582099112462
57.748000000000005,0.1345971228518945
57.752,0.11393544254721252
57.756,0.12966394997824554
57.76,0.10109451121985874
57.764,0.053393375344864824
57.768,0.08324788634901142
57.772,0.06723914551693058
57.776,0.09011982014842865
57.78,0.018794180252338213
57.784,0.05811438004364648
57.788000000000004,0.02076649457845293
57.792,0.03966975808463866
57.796,0.015719784405827886
57.800000000000004,0.035474765205579795
57.804,-0.009104557896462896
57.808,0.04101518307302054
57.812000000000005,0.016727808804354996
57.816,0.010865888563612666
57.82,0.05939093840090686
57.824,0.004835339692987594
57.828,0.01900329993393997
57.832,0.00428738691859612
57.836,0.0030839618272586224
57.84,0.05804779805863322
57.844,0.008586482013051093
57.848,-0.010480907298794
57.852000000000004,0.04240583008881592
57.856,-0.015166976802287235
57.86,-0.04274963079020543
57.864000000000004,-0.016218660552915293
57.868,-0.03176542193721346
57.872,-0.05332373162452274
57.876,-0.020203288380318495
57.88,-0.00775954815567571
57.884,0.028669023490096018
57.888,0.0121969214267014
57.892,0.0035186672641533915
57.896,-0.03604657093613922
57.9,0.013678441083683482
57.904,0.03163153966917007
57.908,0.004149760912430542
57.912,-0.0025628624022739042
57.916000000000004,-0.0472482249758102
57.92,0.016150325496954374
57.924,0.03978015276848808
57.928000000000004,0.00098046777991306
57.932,-0.029097734098139368
57.936,-0.020456824985145703
57.94,-0.021068618559100492
57.944,-0.013556624191069601
57.948,0.009982864096569751
57.952,-0.005530519533572437
57.956,0.011445929254112606
57.96,0.0027105973008134214
57.964,-0.020685208005890295
57.968,-0.01157344790444597
57.972,-0.017501450688711
57.976,-0.007091882859942706
57.980000000000004,0.051837921974014635
57.984,0.06575076481900731
57.988,0.04029464508386879
57.992000000000004,0.020400676180151255
57.996,-0.01334168790932987
58.0,0.03758649590247504
58.004,0.023820284899942114
58.008,0.08787247404555817
58.012,0.005390278147520085
58.016,0.05805027483341273
58.02,0.036772038341223716
58.024,0.06782011459151906
58.028,0.08534578657545969
58.032000000000004,0.08897905822245966
58.036,0.0604137906037977
58.04,0.08620046599299602
58.044000000000004,0.054703893071504
58.048,0.07251932963633181
58.052,0.08067320453883955
58.056000000000004,0.05715269509749695
58.06,0.036009176631468166
58.064,0.04210532130113626
58.068,0.06605182860351097
58.072,-0.00012461182902852308
58.076,-0.005075965059054735
58.08,0.03294618655517243
58.084,0.0065606383677173155
58.088,-0.026678327207875285
58.092,0.03109208396016806
58.096000000000004,-0.03713368453474203
58.1,-0.013197606150281684
58.104,-0.02175535426206955
58.108000000000004,-0.019154924210026247
58.112,-0.04368245503016874
58.116,-0.008265727741717351
58.120000000000005,-0.019643630464146026
58.124,0.006215424386476865
58.128,-0.03717016947901626
58.132,0.023185859426237715
58.136,-0.0808745541504149
58.14,-0.06793518601894463
58.144,0.02063898835155204
58.148,-0.013995349985449643
58.152,-0.024975487447353825
58.156,-0.026340453259147745
58.160000000000004,-0.020753185142063237
58.164,-0.02927407767784605
58.168,-0.07451572716792967
58.172000000000004,-0.0480513964439553
58.176,-0.054041852206358584
58.18,-0.0022914539039405324
58.184000000000005,0.07893827660812369
58.188,0.1526641561949017
58.192,0.25575714553263595
58.196,0.4998364038823764
58.2,0.6118242872808819
58.204,0.8159817826910948
58.208,0.9370290829969331
58.212,1.0234166096360287
58.216,1.0970294023075893
58.22,1.076843460734389
58.224000000000004,1.017247846655937
58.228,0.8576582819228995
58.232,0.7035955226035485
58.236000000000004,0.5022134175715566
58.24,0.33587757782617533
58.244,0.1734892429635767
58.248000000000005,0.08094877562286486
58.252,-0.07885320966971456
58.256,-0.18687077639474045
58.26,-0.11615986342570334
58.264,-0.13028869268794294
58.268,-0.12735906249981338
58.272,-0.11654965220909214
58.276,-0.10703806318378253
58.28,-0.009461847627597983
58.284,-0.036696075802964925
58.288000000000004,-0.07412306421039963
58.292,-0.023350088394011856
58.296,0.0006682556919166589
58.300000000000004,-0.01658514485087417
58.304,-0.03437575361859215
58.308,-0.03582605471054262
58.312000000000005,-0.03788603388966488
58.316,0.024321781710802307
58.32,-0.006090340315653144
58.324,-0.03652433532119551
58.328,0.01723749415692214
58.332,0.008818721615730158
58.336,-0.003049670195450851
58.34,-0.006221460937114034
58.344,0.004157182810144568
58.348,0.06184673879056317
58.352000000000004,0.0402609274392711
58.356,0.05063447572231663
58.36,0.057583665385809
58.364000000000004,0.07275013125991198
58.368,0.05832998665666156
58.372,0.06575061670206936
58.376,0.10596734426632609
58.38,0.12622687717266529
58.384,0.07447238541565851
58.388,0.10619764735069948
58.392,0.13394910609192354
58.396,0.16646406550209375
58.4,0.17824906044881553
58.404,0.12799723723491876
58.408,0.18591998429512188
58.412,0.15657925743726844
58.416000000000004,0.1869002822421677
58.42,0.19373507150377817
58.424,0.1552862306784724
58.428000000000004,0.20516952587338072
58.432,0.21573386770856556
58.436,0.1935922330174535
58.44,0.19874116447129261
58.444,0.17577951671156805
58.448,0.23377803449535364
58.452,0.2179458447191537
58.456,0.1898547423743131
58.46,0.21207836506729305
58.464,0.23063308144477818
58.468,0.21068663807919277
58.472,0.21694694328382294
58.476,0.16945626774448677
58.480000000000004,0.2503846065159962
58.484,0.21974233159421436
58.488,0.1859447121730431
58.492000000000004,0.1404495808779643
58.496,0.22039651949660288
58.5,0.208610246227226
58.504,0.19933708351723392
58.508,0.20665737487345034
58.512,0.19223257919088066
58.516,0.16566418558664234
58.52,0.1520581050519354
58.524,0.14528328067811164
58.528,0.15539342538835146
58.532000000000004,0.16388298374481672
58.536,0.11520545591009253
58.54,0.15131178700617084
58.544000000000004,0.1203188904976857
58.548,0.10923101833644244
58.552,0.14375891040158562
58.556000000000004,0.11385184929231915
58.56,0.11144371148209319
58.564,0.04667325292023897
58.568,0.11089250434788939
58.572,0.03888787820969602
58.576,0.025265460646738545
58.58,-0.024831393114567415
58.584,0.035823168552312934
58.588,-0.008455424846970563
58.592,0.015265554806749179
58.596000000000004,-0.032327209767975616
58.6,0.041543958305065874
58.604,0.010630882240183487
58.608000000000004,0.046539810097714594
58.612,-0.04786316172852355
58.616,0.009818986219287063
58.620000000000005,-0.07239121280345454
58.624,-0.02022177881922362
58.628,-0.0469005810073911
58.632,-0.05258296744114201
58.636,-0.05942524806565519
58.64,-0.06636725146962527
58.644,-0.0717372509018588
58.648,-0.055712185514140006
58.652,-0.050821449132250764
58.656,-0.028632377498311157
58.660000000000004,-0.04627831735045114
58.664,-0.02027117663678034
58.668,-0.08989690847982265
58.672000000000004,-0.07201088795561439
58.676,-0.04665710195226544
58.68,-0.05109916202489903
58.684000000000005,-0.07635325227766576
58.688,-0.034411662350868476
58.692,-0.07877670746292277
58.696,-0.08771367373479948
58.7,-0.05093971173479815
58.704,-0.057735418513417645
58.708,-0.07357374417033319
58.712,-0.08186276656651936
58.716,-0.09721265521856229
58.72,-0.07496720800989526
58.724000000000004,-0.03214815888559579
58.728,-0.05596807427414161
58.732,-0.045399615409877025
58.736000000000004,-0.058849108241268114
58.74,-0.08153623098911691
58.744,-0.10191717354807159
58.748000000000005,-0.08618320378576858
58.752,-0.08696643367411243
58.756,-0.0911730750611484
58.76,-0.04228739134330271
58.764,-0.03686175171299789
58.768,-0.007976941991098448
58.772,-0.08932126068445201
58.776,-0.032286443924245026
58.78,-0.026439473232881164
58.784,-0.06588726857059363
58.788000000000004,-0.04981391793365795
58.792,-0.03686743825586334
58.796,-0.07046084971438982
58.800000000000004,-0.06530852554867683
58.804,-0.07013855856532691
58.808,-0.11349484079745549
58.812000000000005,-0.05719573116916612
58.816,-0.07580728265281711
58.82,-0.07564811851843395
58.824,-0.028389736046890886
58.828,-0.07277925563622116
58.832,-0.018289346539061266
58.836,-0.023001533777472487
58.84,-0.03352749306490256
58.844,-0.013319041758239562
58.848,-0.037514818412168374
58.852000000000004,0.010016957652641227
58.856,-0.0004279543647295603
58.86,0.01250409589706599
58.864000000000004,0.02894878063823331
58.868,0.0021044418655123964
58.872,-0.02386235920023948
58.876000000000005,0.03781521455593075
58.88,0.037623099860890095
58.884,0.012379686192360462
58.888,0.03231180487098642
58.892,0.04388458902389582
58.896,0.0351300472330701
58.9,-0.006203516234743203
58.904,-0.028766957636127178
58.908,-0.03235282601201526
58.912,-0.02031071461640379
58.916000000000004,0.015653128807320022
58.92,-0.03961339942505426
58.924,-0.0366527620794566
58.928000000000004,-0.04511274024906141
58.932,-0.055418723943153836
58.936,-0.04951135540953318
58.94,-0.07994937731462984
58.944,-0.019034593141534925
58.948,-0.05532533298657392
58.952,0.0003391614617522798
58.956,-0.09557160268912236
58.96,-0.022767722425836842
58.964,-0.023635267426056657
58.968,-0.07217313591126671
58.972,-0.0798124641959065
58.976,-0.0959104543941873
58.980000000000004,-0.09047310570483462
58.984,-0.06240630538716293
58.988,-0.06425647165377507
58.992000000000004,-0.11199828017647073
58.996,-0.017099725129397995
59.0,-0.0765464148684903
59.004,-0.06653151625375181
59.008,-0.09390135437321977
59.012,-0.10358172177419805
59.016,-0.11796910172806133
59.02,-0.09958606645676146
59.024,-0.06067861741925909
59.028,0.03346368414326062
59.032000000000004,0.1326179839192717
59.036,0.29876616051551774
59.04,0.46264432101613356
59.044000000000004,0.6524638665618855
59.048,0.8023526908463189
59.052,0.9610970345350558
59.056000000000004,1.0336026514108887
59.06,1.0648651958815556
59.064,1.0472161945247214
59.068,0.9650971415923455
59.072,0.8285382153376263
59.076,0.6544595275011853
59.08,0.4594524149481559
59.084,0.31123806451569425
59.088,0.14276322523055582
59.092,0.024695650006279508
59.096000000000004,-0.13148161144902834
59.1,-0.14716550063220205
59.104,-0.22361269296360736
59.108000000000004,-0.14968669590401568
59.112,-0.1919774947752833
59.116,-0.1558453307560746
59.120000000000005,-0.09263993148964685
59.124,-0.09124699462849094
59.128,-0.08287480459369384
59.132,-0.07368796741181488
59.136,-0.039213367225752596
59.14,-0.07056258110331573
59.144,-0.039219059025161734
59.148,-0.0461029060311659
59.152,-0.019732961050627836
59.156,-0.017547357511379348
59.160000000000004,-0.07498003252920968
59.164,0.006988240745140605
59.168,-0.03200626327267855
59.172000000000004,-0.012960545853814004
59.176,-0.039248234482304634
59.18,0.004835167885399075
59.184000000000005,0.07102906591551866
59.188,0.01458249731560582
59.192,-0.000457176262736057
59.196,0.010088396058372789
59.2,-0.007761166980148008
59.204,0.07857853410984714
59.208,0.055979053571331774
59.212,0.02313865267766578
59.216,0.030279058124244633
59.22,0.07049738673568223
59.224000000000004,0.10802429907265299
59.228,0.0628139560950161
59.232,0.12151225062923866
59.236000000000004,0.09839928609807935
59.24,0.09233416568414456
59.244,0.11874649673572002
59.248000000000005,0.18100860511764
59.252,0.10440844313032119
59.256,0.12728828267502793
59.26,0.18347868265065978
59.264,0.17881649300455477
59.268,0.15908414098874646
59.272,0.20312047235896136
59.276,0.20881277178772617
59.28,0.20362546141922216
59.284,0.1912633913599889
59.288000000000004,0.1978164714583353
59.292,0.21353369139790587
59.296,0.1749176245963304
59.300000000000004,0.24935063272152244
59.304,0.2663352025612789
59.308,0.2169379853532565
59.312000000000005,0.225083131470423
59.316,0.24325203130062462
59.32,0.2670226134089397
59.324,0.26081078541424957
59.328,0.17360893094798793
59.332,0.19861490286939248
59.336,0.2127007189963709
59.34,0.18872943714732632
59.344,0.2459320350326391
59.348,0.23391136765734205
59.352000000000004,0.15919043194736082
59.356,0.16633800733081563
59.36,0.14993323799918667
59.364000000000004,0.16170353867131482
59.368,0.15066310944663905
59.372,0.16475055365415325
59.376000000000005,0.10796139443613315
59.38,0.06178630550437619
59.384,0.08404644161139903
59.388,0.08749818386394471
59.392,0.08101329325311837
59.396,0.09123484808390091
59.4,0.05671774536665124
59.404,0.05075477308076996
59.408,0.04742991365753704
59.412,0.02776830745415151
59.416000000000004,0.03192753198172279
59.42,0.02916188338646908
59.424,0.05993367449877372
59.428000000000004,0.009022133472069403
59.432,0.01133860954757574
59.436,-0.001607095565900333
59.44,0.03222007614735989
59.444,0.008476249494332523
59.448,0.031404915805705716
59.452,-0.03538997353510506
59.456,-0.014314134654198417
59.46,-0.02575369712912872
59.464,-0.03995743094916978
59.468,-0.0165151162588436
59.472,0.018402616662577177
59.476,-0.051175290811785776
59.480000000000004,-0.02981246401195195
59.484,-0.05594835488296539
59.488,-0.0637844207412756
59.492000000000004,-0.05579457411336414
59.496,-0.05108894527235365
59.5,-0.04562498023019596
59.504,-0.0366031200013017
59.508,-0.07534959192138088
59.512,-0.05770231545549556
59.516,-0.03241151989636878
59.52,-0.07380340800824642
59.524,-0.043505627606184635
59.528,-0.029870651477077986
59.532000000000004,-0.06409646366071964
59.536,-0.038395036668850496
59.54,-0.07939664469524862
59.544000000000004,-0.013528636013574433
59.548,-0.02879562861583942
59.552,-0.043573675725065805
59.556000000000004,-0.018951850242991418
59.56,-0.04948858209438211
59.564,-0.05085018018352919
59.568,-0.0030957297547546253
59.572,0.001755967721894118
59.576,-0.0635570172250001
59.58,-0.04311739757696138
59.584,-0.00818389756625991
59.588,-0.03817135928856176
59.592,-0.02812221491703911
59.596000000000004,-0.02536155941344517
59.6,-0.05291880754769379
59.604,-0.02236091793754301
59.608000000000004,-0.03485828529311514
59.612,-0.07185370669830235
59.616,-0.06802286383935105
59.620000000000005,-0.05355105046463403
59.624,-0.007982761911866199
59.628,-0.008999425312577199
59.632,-0.020993893959605936
59.636,-0.030570745494267047
59.64,-0.02519621772382872
59.644,-0.022518992247632427
59.648,-0.021093131933574868
59.652,-0.02609596604613816
59.656,-0.07491201869074487
59.660000000000004,-0.05349148002080446
59.664,-0.05339064239371474
59.668,-0.0018057859332010796
59.672000000000004,0.00517887835031678
59.676,-0.09221390401948523
59.68,0.007205832734935268
59.684000000000005,-0.02367207677932219
59.688,-0.00233244789328824
59.692,-0.02167170978401034
59.696,-0.0001315067061954181
59.7,-0.024818718621206166
59.704,-0.05806842788081983
59.708,-0.028428602738255256
59.712,-0.01957271839177841
59.716,-0.039665687274013664
59.72,-0.011738903564434203
59.724000000000004,-0.023739147552691582
59.728,-0.03878392349219057
59.732,-0.05771793303897892
59.736000000000004,-0.042161370080675976
59.74,-0.021162278733645817
59.744,-0.06917100297171633
59.748000000000005,-0.04148279036588968
59.752,-0.07856573070315795
59.756,-0.045868150877252656
59.76,0.005585595607839316
59.764,-0.04790529951279846
59.768,-0.0024636182574077937
59.772,0.04451484683158874
59.776,0.007844131809425024
59.78,-0.01905824058151563
59.784,0.005163838421390451
59.788000000000004,-0.0523252159662466
59.792,-0.06407765311255867
59.796,-0.025809416129655555
59.800000000000004,-0.010459470998742056
59.804,0.013038240753737312
59.808,-0.030323297108400687
59.812000000000005,-0.017924822661345492
59.816,-0.020562899430022805
59.82,-0.021719875008596595
59.824,-0.0141405647713157
59.828,-0.03547529345342841
59.832,-0.013767144370332638
59.836,-0.017661312969123086
59.84,-0.027429016919815908
59.844,0.006325065034695494
59.848,0.013600539533532737
59.852000000000004,-0.0018100343265872523
59.856,-0.046580372907791254
59.86,-0.011916493861127614
59.864000000000004,-0.031081256432333854
59.868,-0.007654890508907223
59.872,-0.03940377425081207
59.876000000000005,0.013441399350175014
59.88,0.007209702370355909
59.884,0.022565693642108756
59.888,0.018263022893005614
59.892,-0.021439391721950307
59.896,-0.027084815125634862
59.9,0.03321470504275291
59.904,-0.008339829032402973
59.908,-0.03984541035753552
59.912,0.012563264571785436
59.916000000000004,-0.010797398400890284
59.92,0.02937470622231722
59.924,0.003918536369700671
59.928000000000004,-0.004423234911831215
59.932,0.027588803293468463
59.936,-0.050792845764532725
59.94,-0.02084600960564449
59.944,-0.022276567331883917
59.948,-0.05673578630025909
59.952,0.013330718657904871
59.956,-0.0242000780144147
59.96,0.01848978867291281
59.964,0.011703104536221389
59.968,0.015389026273944622
59.972,-0.017813676013510155
59.976,-0.02730014618550203
59.980000000000004,0.00017088201685040282
59.984,0.02702694214150906
59.988,0.001023157926101058
59.992000000000004,-0.021904480116877893
59.996,-0.036096479122581196
